title,rank,meta,rating,type
When Life Gives You Tangerines,#1,"Korean Drama - 2025, 16 episodes",9.3,<class 'type'>
Twinkling Watermelon,#2,"Korean Drama - 2023, 16 episodes",9.2,<class 'type'>
Move to Heaven,#3,"Korean Drama - 2021, 10 episodes",9.1,<class 'type'>
Weak Hero Class 1,#4,"Korean Drama - 2022, 8 episodes",9.1,<class 'type'>
Alchemy of Souls,#5,"Korean Drama - 2022, 20 episodes",9.1,<class 'type'>
The Trauma Code: Heroes on Call,#6,"Korean Drama - 2025, 8 episodes",9.1,<class 'type'>
Pursuit of Jade,#7,"Chinese Drama - 2026, 40 episodes",9.1,<class 'type'>
Hospital Playlist Season 2,#8,"Korean Drama - 2021, 12 episodes",9.1,<class 'type'>
Flower of Evil,#9,"Korean Drama - 2020, 16 episodes",9.0,<class 'type'>
Reply 1988,#10,"Korean Drama - 2015, 20 episodes",9.0,<class 'type'>
Moving,#11,"Korean Drama - 2023, 20 episodes",9.0,<class 'type'>
The Untamed Special Edition,#12,"Chinese Special - 2019, 20 episodes",9.0,<class 'type'>
Hospital Playlist,#13,"Korean Drama - 2020, 12 episodes",9.0,<class 'type'>
When I Fly Towards You,#14,"Chinese Drama - 2023, 24 episodes",9.0,<class 'type'>
Nirvana in Fire,#15,"Chinese Drama - 2015, 54 episodes",9.0,<class 'type'>
Teach You a Lesson,#16,"Korean Drama - 2026, 10 episodes",9.0,<class 'type'>
Hidden Love,#17,"Chinese Drama - 2023, 25 episodes",9.0,<class 'type'>
Under the Queen's Umbrella,#18,"Korean Drama - 2022, 16 episodes",9.0,<class 'type'>
Crash Landing on You,#19,"Korean Drama - 2019, 16 episodes",9.0,<class 'type'>
The Untamed,#20,"Chinese Drama - 2019, 50 episodes",9.0,<class 'type'>
Reset,#21,"Chinese Drama - 2022, 15 episodes",9.0,<class 'type'>
One Liter of Tears,#22,"Japanese Drama - 2005, 11 episodes",8.9,<class 'type'>
Lovely Runner,#23,"Korean Drama - 2024, 16 episodes",8.9,<class 'type'>
Joy of Life,#24,"Chinese Drama - 2019, 46 episodes",8.9,<class 'type'>
My Mister,#25,"Korean Drama - 2018, 16 episodes",8.9,<class 'type'>
The Glory Part 2,#26,"Korean Drama - 2023, 8 episodes",8.9,<class 'type'>
Mr. Queen,#27,"Korean Drama - 2020, 20 episodes",8.9,<class 'type'>
Mysterious Lotus Casebook,#28,"Chinese Drama - 2023, 40 episodes",8.9,<class 'type'>
Prison Playbook,#29,"Korean Drama - 2017, 16 episodes",8.9,<class 'type'>
My Dearest,#30,"Korean Drama - 2023, 10 episodes",8.9,<class 'type'>
Mother,#31,"Korean Drama - 2018, 16 episodes",8.9,<class 'type'>
Alice in Borderland Season 2,#32,"Japanese Drama - 2022, 8 episodes",8.9,<class 'type'>
Alchemy of Souls Season 2: Light and Shadow,#33,"Korean Drama - 2022, 10 episodes",8.9,<class 'type'>
Taxi Driver Season 2,#34,"Korean Drama - 2023, 16 episodes",8.9,<class 'type'>
Alice in Borderland,#35,"Japanese Drama - 2020, 8 episodes",8.9,<class 'type'>
The Spirealm,#36,"Chinese Drama - 2024, 78 episodes",8.9,<class 'type'>
The Prisoner of Beauty,#37,"Chinese Drama - 2025, 36 episodes",8.9,<class 'type'>
The Glory,#38,"Korean Drama - 2022, 8 episodes",8.9,<class 'type'>
The Good Bad Mother,#39,"Korean Drama - 2023, 14 episodes",8.9,<class 'type'>
Love Like the Galaxy: Part 2,#40,"Chinese Drama - 2022, 29 episodes",8.9,<class 'type'>
Navillera,#41,"Korean Drama - 2021, 12 episodes",8.9,<class 'type'>
My Dearest Part 2,#42,"Korean Drama - 2023, 11 episodes",8.9,<class 'type'>
Mouse,#43,"Korean Drama - 2021, 20 episodes",8.9,<class 'type'>
Dr. Romantic Season 3,#44,"Korean Drama - 2023, 16 episodes",8.9,<class 'type'>
Love Like the Galaxy: Part 1,#45,"Chinese Drama - 2022, 27 episodes",8.9,<class 'type'>
Vincenzo,#46,"Korean Drama - 2021, 20 episodes",8.9,<class 'type'>
Kingdom Season 2,#47,"Korean Drama - 2020, 6 episodes",8.9,<class 'type'>
The First Frost,#48,"Chinese Drama - 2025, 32 episodes",8.8,<class 'type'>
Study Group,#49,"Korean Drama - 2025, 10 episodes",8.8,<class 'type'>
Joy of Life Season 2,#50,"Chinese Drama - 2024, 36 episodes",8.8,<class 'type'>
Go Ahead,#51,"Chinese Drama - 2020, 46 episodes",8.8,<class 'type'>
Love in the Clouds,#52,"Chinese Drama - 2025, 36 episodes",8.8,<class 'type'>
Twelve Letters,#53,"Chinese Drama - 2025, 12 episodes",8.8,<class 'type'>
Weak Hero Class 2,#54,"Korean Drama - 2025, 8 episodes",8.8,<class 'type'>
Extraordinary Attorney Woo,#55,"Korean Drama - 2022, 16 episodes",8.8,<class 'type'>
Signal,#56,"Korean Drama - 2016, 16 episodes",8.8,<class 'type'>
It's Okay to Not Be Okay,#57,"Korean Drama - 2020, 16 episodes",8.8,<class 'type'>
Meet Yourself,#58,"Chinese Drama - 2023, 40 episodes",8.8,<class 'type'>
The Double,#59,"Chinese Drama - 2024, 40 episodes",8.8,<class 'type'>
Happiness,#60,"Korean Drama - 2021, 12 episodes",8.8,<class 'type'>
Tomorrow,#61,"Korean Drama - 2022, 16 episodes",8.8,<class 'type'>
Taxi Driver,#62,"Korean Drama - 2021, 16 episodes",8.8,<class 'type'>
Death's Game Part 2,#63,"Korean Drama - 2024, 4 episodes",8.8,<class 'type'>
Someday or One Day,#64,"Taiwanese Drama - 2019, 13 episodes",8.8,<class 'type'>
Partners for Justice Season 2,#65,"Korean Drama - 2019, 32 episodes",8.8,<class 'type'>
Death's Game,#66,"Korean Drama - 2023, 4 episodes",8.8,<class 'type'>
The Uncanny Counter,#67,"Korean Drama - 2020, 16 episodes",8.8,<class 'type'>
Kingdom,#68,"Korean Drama - 2019, 6 episodes",8.8,<class 'type'>
The Blood of Youth,#69,"Chinese Drama - 2022, 40 episodes",8.8,<class 'type'>
Guardian: The Lonely and Great God,#70,"Korean Drama - 2016, 16 episodes",8.8,<class 'type'>
Mr. Sunshine,#71,"Korean Drama - 2018, 24 episodes",8.8,<class 'type'>
Twenty Five Twenty One,#72,"Korean Drama - 2022, 16 episodes",8.8,<class 'type'>
Healer,#73,"Korean Drama - 2014, 20 episodes",8.8,<class 'type'>
To the Wonder,#74,"Chinese Drama - 2024, 8 episodes",8.8,<class 'type'>
Blossom,#75,"Chinese Drama - 2024, 34 episodes",8.8,<class 'type'>
Daily Dose of Sunshine,#76,"Korean Drama - 2023, 12 episodes",8.8,<class 'type'>
A Shop for Killers,#77,"Korean Drama - 2024, 8 episodes",8.7,<class 'type'>
D.P.,#78,"Korean Drama - 2021, 6 episodes",8.7,<class 'type'>
Love Story in the 1970s,#79,"Chinese Drama - 2026, 29 episodes",8.7,<class 'type'>
Tale of the Nine-Tailed 1938,#80,"Korean Drama - 2023, 12 episodes",8.7,<class 'type'>
The Story of Ming Lan,#81,"Chinese Drama - 2018, 78 episodes",8.7,<class 'type'>
Love between Lines,#82,"Chinese Drama - 2026, 28 episodes",8.7,<class 'type'>
Dr. Romantic Season 2,#83,"Korean Drama - 2020, 16 episodes",8.7,<class 'type'>
One Piece,#84,"Japanese Drama - 2023, 8 episodes",8.7,<class 'type'>
The Edge of Horizon,#85,"Thai Drama - 2026, 11 episodes",8.7,<class 'type'>
The Red Sleeve,#86,"Korean Drama - 2021, 17 episodes",8.7,<class 'type'>
Stranger,#87,"Korean Drama - 2017, 16 episodes",8.7,<class 'type'>
Payback,#88,"Thai Drama - 2026, 10 episodes",8.7,<class 'type'>
The First Responders,#89,"Korean Drama - 2022, 12 episodes",8.7,<class 'type'>
Love between Fairy and Devil,#90,"Chinese Drama - 2022, 36 episodes",8.7,<class 'type'>
Weightlifting Fairy Kim Bok Joo,#91,"Korean Drama - 2016, 16 episodes",8.7,<class 'type'>
Moon Lovers: Scarlet Heart Ryeo,#92,"Korean Drama - 2016, 20 episodes",8.7,<class 'type'>
The Best Thing,#93,"Chinese Drama - 2025, 28 episodes",8.7,<class 'type'>
Eternal Love,#94,"Chinese Drama - 2017, 58 episodes",8.7,<class 'type'>
Word of Honor - Epilogue,#95,"Chinese Special - 2021, 1 episodes",8.7,<class 'type'>
Bloodhounds,#96,"Korean Drama - 2023, 8 episodes",8.7,<class 'type'>
Resident Playbook,#97,"Korean Drama - 2025, 12 episodes",8.7,<class 'type'>
Sweet Home,#98,"Korean Drama - 2020, 10 episodes",8.7,<class 'type'>
Story of Yanxi Palace,#99,"Chinese Drama - 2018, 70 episodes",8.7,<class 'type'>
Jack & Joker: U Steal My Heart!,#100,"Thai Drama - 2024, 12 episodes",8.7,<class 'type'>
Beyond Evil,#101,"Korean Drama - 2021, 16 episodes",8.7,<class 'type'>
SKY Castle,#102,"Korean Drama - 2018, 20 episodes",8.7,<class 'type'>
Youth of May,#103,"Korean Drama - 2021, 12 episodes",8.7,<class 'type'>
Taxi Driver Season 3,#104,"Korean Drama - 2025, 16 episodes",8.7,<class 'type'>
Through the Darkness,#105,"Korean Drama - 2022, 12 episodes",8.7,<class 'type'>
D.P. Season 2,#106,"Korean Drama - 2023, 6 episodes",8.7,<class 'type'>
Oh No! Here Comes Trouble,#107,"Taiwanese Drama - 2023, 12 episodes",8.7,<class 'type'>
Our Unwritten Seoul,#108,"Korean Drama - 2025, 12 episodes",8.7,<class 'type'>
Missing: The Other Side Season 2,#109,"Korean Drama - 2022, 14 episodes",8.7,<class 'type'>
Racket Boys,#110,"Korean Drama - 2021, 16 episodes",8.7,<class 'type'>
Queen of Tears,#111,"Korean Drama - 2024, 16 episodes",8.7,<class 'type'>
Dr. Romantic,#112,"Korean Drama - 2016, 20 episodes",8.7,<class 'type'>
The Guest,#113,"Korean Drama - 2018, 16 episodes",8.7,<class 'type'>
Fated Hearts,#114,"Chinese Drama - 2025, 38 episodes",8.7,<class 'type'>
The Devil Judge,#115,"Korean Drama - 2021, 16 episodes",8.7,<class 'type'>
Duang with You,#116,"Thai Drama - 2026, 12 episodes",8.7,<class 'type'>
Under the Skin,#117,"Chinese Drama - 2022, 20 episodes",8.7,<class 'type'>
The Penthouse: War in Life,#118,"Korean Drama - 2020, 21 episodes",8.7,<class 'type'>
The Penthouse Season 2: War in Life,#119,"Korean Drama - 2021, 13 episodes",8.7,<class 'type'>
Hometown Cha-Cha-Cha,#120,"Korean Drama - 2021, 16 episodes",8.7,<class 'type'>
Strong Girl Bong Soon,#121,"Korean Drama - 2017, 16 episodes",8.7,<class 'type'>
A Journey to Love,#122,"Chinese Drama - 2023, 40 episodes",8.7,<class 'type'>
My Name,#123,"Korean Drama - 2021, 8 episodes",8.7,<class 'type'>
While You Were Sleeping,#124,"Korean Drama - 2017, 32 episodes",8.7,<class 'type'>
Hikaru no Go,#125,"Chinese Drama - 2020, 36 episodes",8.6,<class 'type'>
Business Proposal,#126,"Korean Drama - 2022, 12 episodes",8.6,<class 'type'>
High School Frenemy,#127,"Thai Drama - 2024, 16 episodes",8.6,<class 'type'>
Family by Choice,#128,"Korean Drama - 2024, 16 episodes",8.6,<class 'type'>
Bloodhounds Season 2,#129,"Korean Drama - 2026, 7 episodes",8.6,<class 'type'>
You Are My Glory,#130,"Chinese Drama - 2021, 32 episodes",8.6,<class 'type'>
The Price of Confession,#131,"Korean Drama - 2025, 12 episodes",8.6,<class 'type'>
Story of Kunning Palace,#132,"Chinese Drama - 2023, 38 episodes",8.6,<class 'type'>
Arthdal Chronicles Part 3: The Prelude to All Legends,#133,"Korean Drama - 2019, 6 episodes",8.6,<class 'type'>
Me and Thee,#134,"Thai Drama - 2025, 10 episodes",8.6,<class 'type'>
"Kill Me, Heal Me",#135,"Korean Drama - 2015, 20 episodes",8.6,<class 'type'>
One Piece Season 2: Into the Grand Line,#136,"Japanese Drama - 2026, 8 episodes",8.6,<class 'type'>
Family Matters,#137,"Korean Drama - 2024, 6 episodes",8.6,<class 'type'>
The Judge from Hell,#138,"Korean Drama - 2024, 14 episodes",8.6,<class 'type'>
The First Responders Season 2,#139,"Korean Drama - 2023, 12 episodes",8.6,<class 'type'>
Strangers from Hell,#140,"Korean Drama - 2019, 10 episodes",8.6,<class 'type'>
Guardians of the Dafeng,#141,"Chinese Drama - 2024, 40 episodes",8.6,<class 'type'>
Agent Kim Reactivated,#142,"Korean Drama - 2026, 10 episodes",8.6,<class 'type'>
First Love,#143,"Japanese Drama - 2022, 9 episodes",8.6,<class 'type'>
The Early Spring,#144,"Chinese Drama - 2026, 24 episodes",8.6,<class 'type'>
"Arthdal Chronicles Part 2: The Sky Turning Inside Out, Rising Land",#145,"Korean Drama - 2019, 6 episodes",8.6,<class 'type'>
The Legend of Shen Li,#146,"Chinese Drama - 2024, 39 episodes",8.6,<class 'type'>
Blossoms in Adversity,#147,"Chinese Drama - 2024, 40 episodes",8.6,<class 'type'>
The Worst of Evil,#148,"Korean Drama - 2023, 12 episodes",8.6,<class 'type'>
I Am Nobody,#149,"Chinese Drama - 2023, 27 episodes",8.6,<class 'type'>
Always Home,#150,"Chinese Drama - 2025, 30 episodes",8.6,<class 'type'>
Mr.Kill,#151,"Thai Drama - 2026, 10 episodes",8.5,<class 'type'>
All of Us Are Dead,#152,"Korean Drama - 2022, 12 episodes",8.6,<class 'type'>
Life on Mars,#153,"Korean Drama - 2018, 16 episodes",8.6,<class 'type'>
Duty after School: Part 1,#154,"Korean Drama - 2023, 6 episodes",8.6,<class 'type'>
Love and Redemption,#155,"Chinese Drama - 2020, 59 episodes",8.6,<class 'type'>
Flex X Cop,#156,"Korean Drama - 2024, 16 episodes",8.6,<class 'type'>
Who Rules the World,#157,"Chinese Drama - 2022, 40 episodes",8.6,<class 'type'>
Defendant,#158,"Korean Drama - 2017, 18 episodes",8.6,<class 'type'>
Lighter & Princess,#159,"Chinese Drama - 2022, 36 episodes",8.6,<class 'type'>
Coroner's Diary,#160,"Chinese Drama - 2025, 38 episodes",8.6,<class 'type'>
Chicago Typewriter,#161,"Korean Drama - 2017, 16 episodes",8.6,<class 'type'>
New Life Begins,#162,"Chinese Drama - 2022, 40 episodes",8.6,<class 'type'>
Descendants of the Sun,#163,"Korean Drama - 2016, 16 episodes",8.6,<class 'type'>
Six Flying Dragons,#164,"Korean Drama - 2015, 50 episodes",8.6,<class 'type'>
Missing: The Other Side,#165,"Korean Drama - 2020, 12 episodes",8.6,<class 'type'>
When Destiny Brings the Demon,#166,"Chinese Drama - 2025, 33 episodes",8.6,<class 'type'>
See Your Love,#167,"Taiwanese Drama - 2024, 13 episodes",8.6,<class 'type'>
Khemjira,#168,"Thai Drama - 2025, 12 episodes",8.6,<class 'type'>
Misaeng: Incomplete Life,#169,"Korean Drama - 2014, 20 episodes",8.6,<class 'type'>
My Perfect Stranger,#170,"Korean Drama - 2023, 16 episodes",8.6,<class 'type'>
Mouse: The Predator,#171,"Korean Drama - 2021, 2 episodes",8.6,<class 'type'>
School Trip: Joined a Group I’m Not Close To,#172,"Japanese Drama - 2025, 10 episodes",8.6,<class 'type'>
The Fiery Priest,#173,"Korean Drama - 2019, 40 episodes",8.6,<class 'type'>
The Long Ballad,#174,"Chinese Drama - 2021, 49 episodes",8.6,<class 'type'>
Our Blues,#175,"Korean Drama - 2022, 20 episodes",8.6,<class 'type'>
Till the End of the Moon,#176,"Chinese Drama - 2023, 40 episodes",8.6,<class 'type'>
Jewel in the Palace,#177,"Korean Drama - 2003, 54 episodes",8.6,<class 'type'>
Tunnel,#178,"Korean Drama - 2017, 16 episodes",8.6,<class 'type'>
High School Return of a Gangster,#179,"Korean Drama - 2024, 8 episodes",8.6,<class 'type'>
One and Only,#180,"Chinese Drama - 2021, 24 episodes",8.6,<class 'type'>
Legend of the Female General,#181,"Chinese Drama - 2025, 36 episodes",8.6,<class 'type'>
Mr. Plankton,#182,"Korean Drama - 2024, 10 episodes",8.6,<class 'type'>
Falling into Your Smile,#183,"Chinese Drama - 2021, 31 episodes",8.6,<class 'type'>
Sword Snow Stride,#184,"Chinese Drama - 2021, 38 episodes",8.6,<class 'type'>
Duang with You (Uncut),#185,"Thai Drama - 2026, 12 episodes",8.6,<class 'type'>
Hot Stove League,#186,"Korean Drama - 2019, 16 episodes",8.6,<class 'type'>
Seoul Busters,#187,"Korean Drama - 2024, 20 episodes",8.6,<class 'type'>
Jack & Joker: U Steal My Heart! (Uncut Ver.),#188,"Thai Drama - 2024, 12 episodes",8.6,<class 'type'>
Yumi's Cells Season 3,#189,"Korean Drama - 2026, 8 episodes",8.6,<class 'type'>
The Tale of Lady Ok,#190,"Korean Drama - 2024, 16 episodes",8.6,<class 'type'>
Fangs of Fortune,#191,"Chinese Drama - 2024, 34 episodes",8.6,<class 'type'>
Ticket to Heaven,#192,"Thai Drama - 2026, 6 episodes",8.6,<class 'type'>
Ghost Doctor,#193,"Korean Drama - 2022, 16 episodes",8.6,<class 'type'>
Flourished Peony,#194,"Chinese Drama - 2025, 32 episodes",8.6,<class 'type'>
Children of Nobody,#195,"Korean Drama - 2018, 32 episodes",8.6,<class 'type'>
Lost You Forever,#196,"Chinese Drama - 2023, 39 episodes",8.6,<class 'type'>
Ultimate Note,#197,"Chinese Drama - 2020, 36 episodes",8.5,<class 'type'>
Law School,#198,"Korean Drama - 2021, 16 episodes",8.6,<class 'type'>
The King of Pigs,#199,"Korean Drama - 2022, 12 episodes",8.6,<class 'type'>
"It's Okay, That's Love",#200,"Korean Drama - 2014, 16 episodes",8.6,<class 'type'>
Angels Fall Sometimes,#201,"Chinese Drama - 2024, 24 episodes",8.5,<class 'type'>
Begins Youth,#202,"Korean Drama - 2024, 12 episodes",8.6,<class 'type'>
Mr. Queen: The Bamboo Forest,#203,"Korean Drama - 2021, 2 episodes",8.5,<class 'type'>
Moonlight Mystique Extra,#204,"Chinese Special - 2025, 1 episodes",8.4,<class 'type'>
Blind,#205,"Korean Drama - 2022, 16 episodes",8.6,<class 'type'>
Justice in the Dark,#206,"Chinese Drama - 2023, 30 episodes",8.5,<class 'type'>
tvN O'PENing: Our Beautiful Summer,#207,"Korean Drama - 2024, 2 episodes",8.5,<class 'type'>
Partners for Justice,#208,"Korean Drama - 2018, 32 episodes",8.5,<class 'type'>
The Kidnapping Day,#209,"Korean Drama - 2023, 12 episodes",8.5,<class 'type'>
Moonlight Mystique,#210,"Chinese Drama - 2025, 40 episodes",8.5,<class 'type'>
Empress Ki,#211,"Korean Drama - 2013, 51 episodes",8.6,<class 'type'>
Big Mouth,#212,"Korean Drama - 2022, 16 episodes",8.6,<class 'type'>
Vigilante,#213,"Korean Drama - 2023, 8 episodes",8.5,<class 'type'>
Welcome to Waikiki,#214,"Korean Drama - 2018, 20 episodes",8.5,<class 'type'>
18 Again,#215,"Korean Drama - 2020, 16 episodes",8.5,<class 'type'>
Revenant,#216,"Korean Drama - 2023, 12 episodes",8.5,<class 'type'>
Our Beloved Summer,#217,"Korean Drama - 2021, 16 episodes",8.5,<class 'type'>
Live,#218,"Korean Drama - 2018, 18 episodes",8.5,<class 'type'>
The Bad Kids,#219,"Chinese Drama - 2020, 12 episodes",8.5,<class 'type'>
The Winning Try,#220,"Korean Drama - 2025, 12 episodes",8.5,<class 'type'>
Nirvana in Fire Season 2: The Wind Blows in Chang Lin,#221,"Chinese Drama - 2017, 50 episodes",8.5,<class 'type'>
ClaireBell,#222,"Thai Drama - 2025, 8 episodes",8.6,<class 'type'>
Dear My Friends,#223,"Korean Drama - 2016, 16 episodes",8.5,<class 'type'>
Glory of Special Forces,#224,"Chinese Drama - 2022, 45 episodes",8.5,<class 'type'>
Deep In,#225,"Chinese Drama - 2026, 12 episodes",8.5,<class 'type'>
Empresses in the Palace,#226,"Chinese Drama - 2012, 76 episodes",8.5,<class 'type'>
Archives: The Nanyang Mystery,#227,"Chinese Drama - 2026, 33 episodes",8.5,<class 'type'>
Perfect 10 Liners,#228,"Thai Drama - 2024, 24 episodes",8.5,<class 'type'>
Battle of Changsha,#229,"Chinese Drama - 2014, 32 episodes",8.5,<class 'type'>
The Double Special,#230,"Chinese Special - 2024, 1 episodes",8.5,<class 'type'>
Blossoms of Power,#231,"Chinese Drama - 2026, 36 episodes",8.5,<class 'type'>
Only for Love Special,#232,"Chinese Special - 2023, 1 episodes",8.5,<class 'type'>
Word of Honor,#233,"Chinese Drama - 2021, 36 episodes",8.5,<class 'type'>
Unnatural,#234,"Japanese Drama - 2018, 10 episodes",8.5,<class 'type'>
"Dr. Romantic: APPENDIX, The Beginning of Everything",#235,"Korean Special - 2017, 1 episodes",8.5,<class 'type'>
Winter Begonia,#236,"Chinese Drama - 2020, 49 episodes",8.5,<class 'type'>
Light Shop,#237,"Korean Drama - 2024, 8 episodes",8.5,<class 'type'>
Love of the Divine Tree,#238,"Chinese Drama - 2025, 40 episodes",8.5,<class 'type'>
Juvenile Justice,#239,"Korean Drama - 2022, 10 episodes",8.5,<class 'type'>
You Are My Hero,#240,"Chinese Drama - 2021, 40 episodes",8.5,<class 'type'>
Mysterious Lotus Casebook: Special Episode,#241,"Chinese Special - 2023, 1 episodes",8.5,<class 'type'>
Shogun,#242,"Japanese Drama - 2024, 10 episodes",8.5,<class 'type'>
Reset,#243,"Thai Drama - 2025, 10 episodes",8.5,<class 'type'>
Never-Ending Summer,#244,"Chinese Drama - 2026, 29 episodes",8.5,<class 'type'>
Strange Tales of Tang Dynasty II To the West,#245,"Chinese Drama - 2024, 40 episodes",8.5,<class 'type'>
Hotel del Luna,#246,"Korean Drama - 2019, 16 episodes",8.5,<class 'type'>
Shine on Me,#247,"Chinese Drama - 2025, 36 episodes",8.5,<class 'type'>
Vagabond,#248,"Korean Drama - 2019, 16 episodes",8.5,<class 'type'>
Pyramid Game,#249,"Korean Drama - 2024, 10 episodes",8.5,<class 'type'>
Money Heist: Korea - Joint Economic Area - Part 2,#250,"Korean Drama - 2022, 6 episodes",8.5,<class 'type'>
A Winter Sun Wakes the Wind in Spring Hills' Dream,#251,"Chinese Drama - 2026, 16 episodes",8.5,<class 'type'>
MuTeLuv: “Hi” by My Luck,#252,"Thai Drama - 2025, 4 episodes",8.5,<class 'type'>
Cross Fire,#253,"Chinese Drama - 2020, 36 episodes",8.5,<class 'type'>
"Hi Bye, Mama!",#254,"Korean Drama - 2020, 16 episodes",8.5,<class 'type'>
Reunion: The Sound of the Providence Season 2,#255,"Chinese Drama - 2020, 30 episodes",8.5,<class 'type'>
Couple on the Backtrack,#256,"Korean Drama - 2017, 12 episodes",8.5,<class 'type'>
Once Again,#257,"Korean Drama - 2020, 100 episodes",8.5,<class 'type'>
Chief Detective 1958,#258,"Korean Drama - 2024, 10 episodes",8.5,<class 'type'>
Ashes of Love,#259,"Chinese Drama - 2018, 63 episodes",8.5,<class 'type'>
Welcome to Samdal-ri,#260,"Korean Drama - 2023, 16 episodes",8.5,<class 'type'>
Immortal Samsara Special,#261,"Chinese Special - 2022, 2 episodes",8.5,<class 'type'>
Good Manager,#262,"Korean Drama - 2017, 20 episodes",8.5,<class 'type'>
The WONDERfools,#263,"Korean Drama - 2026, 8 episodes",8.5,<class 'type'>
The Sun from Another Star Special Episode,#264,"Thai Drama - 2026, 1 episodes",8.5,<class 'type'>
Light beyond the Reed,#265,"Chinese Drama - 2025, 18 episodes",8.5,<class 'type'>
We Are All Trying Here,#266,"Korean Drama - 2026, 12 episodes",8.5,<class 'type'>
The Vendetta of An,#267,"Chinese Drama - 2025, 28 episodes",8.5,<class 'type'>
The Prosecutor's Proposal,#268,"Korean Drama - 2026, 10 episodes",8.5,<class 'type'>
The Sun from Another Star,#269,"Thai Drama - 2026, 8 episodes",8.5,<class 'type'>
Mother,#270,"Japanese Drama - 2010, 11 episodes",8.5,<class 'type'>
Voice,#271,"Korean Drama - 2017, 16 episodes",8.5,<class 'type'>
Are You the One,#272,"Chinese Drama - 2024, 40 episodes",8.5,<class 'type'>
Goddess Bless You from Death,#273,"Thai Drama - 2025, 13 episodes",8.5,<class 'type'>
Mr. Hiiragi's Homeroom,#274,"Japanese Drama - 2019, 10 episodes",8.5,<class 'type'>
Leap Day,#275,"Thai Drama - 2025, 12 episodes",8.5,<class 'type'>
Bad and Crazy,#276,"Korean Drama - 2021, 12 episodes",8.5,<class 'type'>
Peaceful Property,#277,"Thai Drama - 2024, 12 episodes",8.5,<class 'type'>
My Magic Prophecy,#278,"Thai Drama - 2025, 10 episodes",8.5,<class 'type'>
The Great Queen Seondeok,#279,"Korean Drama - 2009, 62 episodes",8.5,<class 'type'>
Glass Heart,#280,"Japanese Drama - 2025, 10 episodes",8.5,<class 'type'>
Fourever You Part 2 (Uncut Ver.),#281,"Thai Drama - 2025, 24 episodes",8.5,<class 'type'>
Eternal Love of Dream,#282,"Chinese Drama - 2020, 56 episodes",8.5,<class 'type'>
Not Me,#283,"Thai Drama - 2021, 14 episodes",8.5,<class 'type'>
Marry My Husband,#284,"Korean Drama - 2024, 16 episodes",8.5,<class 'type'>
Stranger Season 2,#285,"Korean Drama - 2020, 16 episodes",8.5,<class 'type'>
A Shop for Killers Season 2,#286,"Korean Drama - 2026, 8 episodes",8.5,<class 'type'>
Put Your Head On My Shoulder Special Episode,#287,"Chinese Special - 2019, 1 episodes",8.5,<class 'type'>
Lovely Us,#288,"Chinese Drama - 2020, 16 episodes",8.5,<class 'type'>
Top Form,#289,"Thai Drama - 2025, 11 episodes",8.5,<class 'type'>
Light of My Lion,#290,"Japanese Drama - 2024, 11 episodes",8.5,<class 'type'>
MuTeLuv: Love Me if You Swear,#291,"Thai Drama - 2026, 4 episodes",8.5,<class 'type'>
One Dollar Lawyer,#292,"Korean Drama - 2022, 12 episodes",8.5,<class 'type'>
Silent,#293,"Japanese Drama - 2022, 11 episodes",8.5,<class 'type'>
Heart Code,#294,"Thai Drama - 2026, 7 episodes",8.5,<class 'type'>
Designated Survivor: 60 Days,#295,"Korean Drama - 2019, 16 episodes",8.5,<class 'type'>
The Gifted,#296,"Thai Drama - 2018, 13 episodes",8.5,<class 'type'>
Revenge of Others,#297,"Korean Drama - 2022, 12 episodes",8.5,<class 'type'>
The Longest Day in Chang'an,#298,"Chinese Drama - 2019, 48 episodes",8.5,<class 'type'>
Had I Not Seen the Sun,#299,"Taiwanese Drama - 2025, 10 episodes",8.5,<class 'type'>
Bridal Mask,#300,"Korean Drama - 2012, 28 episodes",8.5,<class 'type'>
Cruel City,#301,"Korean Drama - 2013, 20 episodes",8.5,<class 'type'>
Naoki Hanzawa,#302,"Japanese Drama - 2013, 10 episodes",8.5,<class 'type'>
The Hours of My Life,#303,"Japanese Drama - 2014, 11 episodes",8.5,<class 'type'>
The Heart Killers: Uncut,#304,"Thai Drama - 2024, 12 episodes",8.5,<class 'type'>
The Family Game,#305,"Japanese Drama - 2013, 10 episodes",8.5,<class 'type'>
My Father Is Strange,#306,"Korean Drama - 2017, 52 episodes",8.5,<class 'type'>
Love upon a Time,#307,"Thai Drama - 2026, 12 episodes",8.5,<class 'type'>
Pluto,#308,"Thai Drama - 2024, 12 episodes",8.5,<class 'type'>
Arthdal Chronicles Part 1: The Children of Prophecy,#309,"Korean Drama - 2019, 6 episodes",8.5,<class 'type'>
Don't Call It Mystery,#310,"Japanese Drama - 2022, 12 episodes",8.5,<class 'type'>
Rebooting,#311,"Japanese Drama - 2023, 10 episodes",8.5,<class 'type'>
You and Everything Else,#312,"Korean Drama - 2025, 15 episodes",8.5,<class 'type'>
Story of Kunning Palace Extra,#313,"Chinese Drama - 2023, 1 episodes",8.5,<class 'type'>
My Liberation Notes,#314,"Korean Drama - 2022, 16 episodes",8.5,<class 'type'>
Shades,#315,"Thai Drama - 2026, 6 episodes",8.5,<class 'type'>
Black Out,#316,"Korean Drama - 2024, 14 episodes",8.5,<class 'type'>
Love Destiny,#317,"Thai Drama - 2018, 15 episodes",8.5,<class 'type'>
Project S: Skate Our Souls,#318,"Thai Drama - 2017, 8 episodes",8.5,<class 'type'>
Lighter & Princess Extra,#319,"Chinese Drama - 2022, 1 episodes",8.5,<class 'type'>
Perfect Marriage Revenge,#320,"Korean Drama - 2023, 12 episodes",8.5,<class 'type'>
Amidst a Snowstorm of Love,#321,"Chinese Drama - 2024, 30 episodes",8.5,<class 'type'>
School Trip: Joined a Group I’m Not Close To After Story,#322,"Japanese Drama - 2025, 2 episodes",8.5,<class 'type'>
The Romance of Tiger and Rose,#323,"Chinese Drama - 2020, 24 episodes",8.5,<class 'type'>
Sammy's Children's Day,#324,"Hong Kong Drama - 2026, 9 episodes",8.5,<class 'type'>
Dong Yi,#325,"Korean Drama - 2010, 60 episodes",8.5,<class 'type'>
MIU404,#326,"Japanese Drama - 2020, 11 episodes",8.5,<class 'type'>
Queendom,#327,"Thai Drama - 2025, 12 episodes",8.5,<class 'type'>
Gelboys,#328,"Thai Drama - 2025, 7 episodes",8.5,<class 'type'>
Love beyond Dreams,#329,"Thai Drama - 2026, 7 episodes",8.5,<class 'type'>
"Hello, My Twenties!",#330,"Korean Drama - 2016, 12 episodes",8.5,<class 'type'>
Two Lights: Relumino,#331,"Korean Special - 2017, 1 episodes",8.5,<class 'type'>
My Journey to You,#332,"Chinese Drama - 2023, 24 episodes",8.5,<class 'type'>
Beside the Sky,#333,"Thai Drama - 2025, 8 episodes",8.5,<class 'type'>
Had I Not Seen the Sun Part 2,#334,"Taiwanese Drama - 2025, 10 episodes",8.5,<class 'type'>
Bad Guys,#335,"Korean Drama - 2014, 11 episodes",8.5,<class 'type'>
Fourever You Part 2,#336,"Thai Drama - 2025, 24 episodes",8.5,<class 'type'>
Good Partner,#337,"Korean Drama - 2024, 16 episodes",8.5,<class 'type'>
Immortal Samsara: Part 2,#338,"Chinese Drama - 2022, 21 episodes",8.5,<class 'type'>
The Rebel,#339,"Korean Drama - 2017, 30 episodes",8.5,<class 'type'>
The Starry Love,#340,"Chinese Drama - 2023, 40 episodes",8.5,<class 'type'>
The Road to Splendor,#341,"Chinese Drama - 2026, 36 episodes",8.5,<class 'type'>
The Manipulated,#342,"Korean Drama - 2025, 12 episodes",8.5,<class 'type'>
Boyhood,#343,"Korean Drama - 2023, 10 episodes",8.5,<class 'type'>
Girl from Nowhere,#344,"Thai Drama - 2018, 13 episodes",8.5,<class 'type'>
ThamePo Heart That Skips a Beat,#345,"Thai Drama - 2024, 13 episodes",8.5,<class 'type'>
Ancient Love Poetry,#346,"Chinese Drama - 2021, 49 episodes",8.5,<class 'type'>
Doctor John,#347,"Korean Drama - 2019, 32 episodes",8.5,<class 'type'>
To the Moon and Back,#348,"Thai Drama - 2023, 21 episodes",8.5,<class 'type'>
"She Loves to Cook, and She Loves to Eat Season 2",#349,"Japanese Drama - 2024, 20 episodes",8.5,<class 'type'>
To My Shore,#350,"Chinese Drama - 2025, 15 episodes",8.5,<class 'type'>
Thai Cave Rescue,#351,"Thai Drama - 2022, 6 episodes",8.5,<class 'type'>
Fangs of Fortune Special,#352,"Chinese Drama - 2024, 1 episodes",8.5,<class 'type'>
Voice Season 2: Generation of Disgust,#353,"Korean Drama - 2018, 12 episodes",8.5,<class 'type'>
Peach and Me,#354,"Thai Drama - 2026, 4 episodes",8.5,<class 'type'>
Special Episode JohanNorth,#355,"Thai Drama - 2025, 2 episodes",8.5,<class 'type'>
Love You Teacher,#356,"Thai Drama - 2026, 10 episodes",8.5,<class 'type'>
Pachinko Season 2,#357,"Korean Drama - 2024, 8 episodes",8.5,<class 'type'>
Avengers Social Club,#358,"Korean Drama - 2017, 12 episodes",8.5,<class 'type'>
The Long Night,#359,"Chinese Drama - 2020, 12 episodes",8.5,<class 'type'>
Beautiful World,#360,"Korean Drama - 2019, 16 episodes",8.5,<class 'type'>
Temptation of the Wife of Heirs Over Flowers,#361,"Korean Special - 2017, 1 episodes",8.5,<class 'type'>
Undercover High School,#362,"Korean Drama - 2025, 12 episodes",8.5,<class 'type'>
Enigma,#363,"Thai Drama - 2023, 4 episodes",8.5,<class 'type'>
The Sleuth of Ming Dynasty,#364,"Chinese Drama - 2020, 48 episodes",8.5,<class 'type'>
Fourever You (Uncut Ver.),#365,"Thai Drama - 2024, 17 episodes",8.5,<class 'type'>
Mystic Pop-Up Bar,#366,"Korean Drama - 2020, 12 episodes",8.5,<class 'type'>
Rain or Shine,#367,"Korean Drama - 2017, 16 episodes",8.5,<class 'type'>
Save Me,#368,"Korean Drama - 2017, 16 episodes",8.5,<class 'type'>
A Tale of Thousand Stars,#369,"Thai Drama - 2021, 10 episodes",8.5,<class 'type'>
Love Design,#370,"Thai Drama - 2025, 8 episodes",8.5,<class 'type'>
Last Twilight,#371,"Thai Drama - 2023, 12 episodes",8.5,<class 'type'>
365: Repeat the Year,#372,"Korean Drama - 2020, 24 episodes",8.5,<class 'type'>
Love Game in Eastern Fantasy,#373,"Chinese Drama - 2024, 32 episodes",8.5,<class 'type'>
Our Youth,#374,"Japanese Drama - 2024, 10 episodes",8.5,<class 'type'>
"Love Me, Love My Voice",#375,"Chinese Drama - 2023, 33 episodes",8.5,<class 'type'>
F4 Thailand: Boys over Flowers,#376,"Thai Drama - 2021, 16 episodes",8.5,<class 'type'>
What's Wrong with Secretary Kim,#377,"Korean Drama - 2018, 16 episodes",8.5,<class 'type'>
Remembrance of Things Past,#378,"Chinese Drama - 2021, 12 episodes",8.5,<class 'type'>
Reborn Rich,#379,"Korean Drama - 2022, 16 episodes",8.5,<class 'type'>
Master's Sun,#380,"Korean Drama - 2013, 17 episodes",8.5,<class 'type'>
Shine (Acoustic Ver.),#381,"Thai Drama - 2025, 8 episodes",8.5,<class 'type'>
Goodbye My Princess: Director's Cut,#382,"Chinese Drama - 2019, 55 episodes",8.5,<class 'type'>
Revenged Love,#383,"Chinese Drama - 2025, 24 episodes",8.5,<class 'type'>
Hometown Romance,#384,"Thai Drama - 2026, 8 episodes",8.5,<class 'type'>
Fake Fact Lips Special,#385,"Japanese Drama - 2026, 1 episodes",8.5,<class 'type'>
KinnPorsche Side Story,#386,"Thai Special - 2022, 1 episodes",8.5,<class 'type'>
The Bond,#387,"Chinese Drama - 2021, 36 episodes",8.5,<class 'type'>
Kamen Rider W,#388,"Japanese Drama - 2009, 49 episodes",8.4,<class 'type'>
How Dare You!?,#389,"Chinese Drama - 2026, 32 episodes",8.5,<class 'type'>
The Emperor's Cook,#390,"Japanese Drama - 2015, 12 episodes",8.5,<class 'type'>
Ouroboros,#391,"Japanese Drama - 2015, 10 episodes",8.4,<class 'type'>
In Family We Trust,#392,"Thai Drama - 2018, 18 episodes",8.4,<class 'type'>
Guardian,#393,"Chinese Drama - 2018, 40 episodes",8.4,<class 'type'>
Fight for My Way,#394,"Korean Drama - 2017, 16 episodes",8.4,<class 'type'>
Forever Love,#395,"Chinese Drama - 2020, 28 episodes",8.4,<class 'type'>
My Love from the Star,#396,"Korean Drama - 2013, 21 episodes",8.4,<class 'type'>
Squid Game,#397,"Korean Drama - 2021, 9 episodes",8.4,<class 'type'>
W,#398,"Korean Drama - 2016, 16 episodes",8.4,<class 'type'>
Northward,#399,"Chinese Drama - 2025, 38 episodes",8.4,<class 'type'>
The King’s Avatar,#400,"Chinese Drama - 2019, 40 episodes",8.4,<class 'type'>
Doom at Your Service,#401,"Korean Drama - 2021, 16 episodes",8.4,<class 'type'>
Love Design (Uncut Ver.),#402,"Thai Drama - 2025, 8 episodes",8.5,<class 'type'>
Time Raiders,#403,"Chinese Drama - 2025, 18 episodes",8.4,<class 'type'>
Arsenal Military Academy,#404,"Chinese Drama - 2019, 48 episodes",8.4,<class 'type'>
Our Secret Extra,#405,"Chinese Special - 2021, 1 episodes",8.4,<class 'type'>
Legend of Zang Hai,#406,"Chinese Drama - 2025, 40 episodes",8.4,<class 'type'>
In Your Radiant Season,#407,"Korean Drama - 2026, 12 episodes",8.4,<class 'type'>
The Temperature of Sophisticated Golden My-Way,#408,"Korean Special - 2018, 1 episodes",8.4,<class 'type'>
Connection,#409,"Korean Drama - 2024, 14 episodes",8.4,<class 'type'>
The Legend of Kitchen Soldier,#410,"Korean Drama - 2026, 12 episodes",8.4,<class 'type'>
Little Women,#411,"Korean Drama - 2022, 12 episodes",8.4,<class 'type'>
The Prince of Tennis,#412,"Chinese Drama - 2019, 42 episodes",8.4,<class 'type'>
Two Weeks,#413,"Korean Drama - 2013, 16 episodes",8.4,<class 'type'>
After School Doctor,#414,"Japanese Drama - 2024, 10 episodes",8.4,<class 'type'>
Shining for One Thing,#415,"Chinese Drama - 2022, 24 episodes",8.4,<class 'type'>
Us,#416,"Thai Drama - 2025, 12 episodes",8.4,<class 'type'>
Nobody Knows,#417,"Korean Drama - 2020, 16 episodes",8.4,<class 'type'>
Back from the Brink,#418,"Chinese Drama - 2023, 40 episodes",8.4,<class 'type'>
Love in the Moonlight,#419,"Thai Drama - 2025, 12 episodes",8.4,<class 'type'>
Key to the Phoenix Heart,#420,"Chinese Drama - 2026, 28 episodes",8.4,<class 'type'>
Love Scout,#421,"Korean Drama - 2025, 12 episodes",8.4,<class 'type'>
Spirit Fingers,#422,"Korean Drama - 2025, 12 episodes",8.4,<class 'type'>
Kairos,#423,"Korean Drama - 2020, 16 episodes",8.4,<class 'type'>
"Bon Appetit, Your Majesty",#424,"Korean Drama - 2025, 12 episodes",8.4,<class 'type'>
Autumn's Concerto,#425,"Taiwanese Drama - 2009, 21 episodes",8.4,<class 'type'>
Unmet: A Neurosurgeon's Diary,#426,"Japanese Drama - 2024, 11 episodes",8.4,<class 'type'>
Code Blue Season 3,#427,"Japanese Drama - 2017, 10 episodes",8.4,<class 'type'>
Wonderland of Love,#428,"Chinese Drama - 2023, 40 episodes",8.4,<class 'type'>
"From Today, It's My Turn!!",#429,"Japanese Drama - 2018, 10 episodes",8.4,<class 'type'>
Recipe for Farewell,#430,"Korean Drama - 2022, 12 episodes",8.4,<class 'type'>
A Dream of Splendor,#431,"Chinese Drama - 2022, 40 episodes",8.4,<class 'type'>
My Little Happiness,#432,"Chinese Drama - 2021, 28 episodes",8.4,<class 'type'>
The Uncanny Counter Season 2: Counter Punch,#433,"Korean Drama - 2023, 12 episodes",8.4,<class 'type'>
Immortal Samsara: Part 1,#434,"Chinese Drama - 2022, 38 episodes",8.4,<class 'type'>
The Rebel Princess,#435,"Chinese Drama - 2021, 68 episodes",8.4,<class 'type'>
I Hear Your Voice,#436,"Korean Drama - 2013, 18 episodes",8.4,<class 'type'>
A Dream within a Dream,#437,"Chinese Drama - 2025, 40 episodes",8.4,<class 'type'>
Where Does the Sea Begin,#438,"Japanese Drama - 2024, 12 episodes",8.4,<class 'type'>
Ruyi's Royal Love in the Palace,#439,"Chinese Drama - 2018, 87 episodes",8.4,<class 'type'>
Century of Love,#440,"Thai Drama - 2024, 10 episodes",8.4,<class 'type'>
The Legend of the Blue Sea - The Legend Continues,#441,"Korean Special - 2016, 1 episodes",8.4,<class 'type'>
Love All Play,#442,"Korean Drama - 2022, 16 episodes",8.4,<class 'type'>
Liar Game Season 2,#443,"Japanese Drama - 2009, 9 episodes",8.4,<class 'type'>
Killer and Healer,#444,"Chinese Drama - 2021, 37 episodes",8.4,<class 'type'>
Itaewon Class,#445,"Korean Drama - 2020, 16 episodes",8.4,<class 'type'>
The Blue Whisper: Part 2,#446,"Chinese Drama - 2022, 20 episodes",8.4,<class 'type'>
Speed and Love,#447,"Chinese Drama - 2025, 29 episodes",8.4,<class 'type'>
Will Love in Spring,#448,"Chinese Drama - 2024, 21 episodes",8.4,<class 'type'>
Nine Puzzles,#449,"Korean Drama - 2025, 11 episodes",8.4,<class 'type'>
"Still, Life Goes On",#450,"Japanese Drama - 2011, 11 episodes",8.4,<class 'type'>
Tale of the Nine Tailed: An Unfinished Story,#451,"Korean Special - 2020, 3 episodes",8.4,<class 'type'>
Reply 1997,#452,"Korean Drama - 2012, 16 episodes",8.4,<class 'type'>
I Feel You Linger in the Air: Uncut Version,#453,"Thai Drama - 2023, 12 episodes",8.4,<class 'type'>
The East Palace,#454,"Korean Drama - 2026, 8 episodes",8.4,<class 'type'>
As Beautiful As You Special,#455,"Chinese Special - 2024, 1 episodes",8.4,<class 'type'>
Drama Special Series Season 1: White Christmas,#456,"Korean Special - 2011, 8 episodes",8.4,<class 'type'>
Bad Genius,#457,"Thai Drama - 2020, 12 episodes",8.4,<class 'type'>
Forever and Ever,#458,"Chinese Drama - 2021, 30 episodes",8.4,<class 'type'>
Still 17,#459,"Korean Drama - 2018, 32 episodes",8.4,<class 'type'>
The Princess's Man,#460,"Korean Drama - 2011, 24 episodes",8.4,<class 'type'>
Falling into You,#461,"Chinese Drama - 2022, 26 episodes",8.4,<class 'type'>
Perfect Match,#462,"Chinese Drama - 2025, 36 episodes",8.4,<class 'type'>
The Loyal Pin: Uncut,#463,"Thai Drama - 2024, 16 episodes",8.4,<class 'type'>
Love Is Sweet,#464,"Chinese Drama - 2020, 36 episodes",8.4,<class 'type'>
The Day of Becoming You,#465,"Chinese Drama - 2021, 26 episodes",8.4,<class 'type'>
Tonbi,#466,"Japanese Drama - 2013, 10 episodes",8.4,<class 'type'>
Gyeongseong Creature,#467,"Korean Drama - 2023, 10 episodes",8.4,<class 'type'>
Strange Tales of Tang Dynasty,#468,"Chinese Drama - 2022, 36 episodes",8.4,<class 'type'>
The Love You Give Me,#469,"Chinese Drama - 2023, 28 episodes",8.4,<class 'type'>
Our Secret,#470,"Chinese Drama - 2021, 24 episodes",8.4,<class 'type'>
Snowdrop,#471,"Korean Drama - 2021, 16 episodes",8.4,<class 'type'>
Pachinko,#472,"Korean Drama - 2022, 8 episodes",8.4,<class 'type'>
Perfect Crown,#473,"Korean Drama - 2026, 12 episodes",8.4,<class 'type'>
The Loyal Pin,#474,"Thai Drama - 2024, 16 episodes",8.4,<class 'type'>
Head over Heels,#475,"Korean Drama - 2025, 12 episodes",8.4,<class 'type'>
Summer Strike,#476,"Korean Drama - 2022, 12 episodes",8.4,<class 'type'>
Marry My Husband: Japan,#477,"Japanese Drama - 2025, 10 episodes",8.4,<class 'type'>
Le Coup de Foudre,#478,"Chinese Drama - 2019, 35 episodes",8.4,<class 'type'>
To Fly with You,#479,"Chinese Drama - 2021, 35 episodes",8.4,<class 'type'>
The Imperial Coroner,#480,"Chinese Drama - 2021, 36 episodes",8.4,<class 'type'>
The Crowned Clown,#481,"Korean Drama - 2019, 16 episodes",8.4,<class 'type'>
Mad for Each Other,#482,"Korean Drama - 2021, 13 episodes",8.4,<class 'type'>
Stay with Me,#483,"Chinese Drama - 2023, 24 episodes",8.4,<class 'type'>
Kleun Cheewit,#484,"Thai Drama - 2017, 15 episodes",8.4,<class 'type'>
Love to Hate You,#485,"Korean Drama - 2023, 10 episodes",8.4,<class 'type'>
Good Boy,#486,"Korean Drama - 2025, 16 episodes",8.4,<class 'type'>
Sleepeeer Hit!,#487,"Japanese Drama - 2016, 10 episodes",8.4,<class 'type'>
Mad Unicorn,#488,"Thai Drama - 2025, 7 episodes",8.4,<class 'type'>
Go Go Squid!,#489,"Chinese Drama - 2019, 41 episodes",8.4,<class 'type'>
The Earth,#490,"Thai Drama - 2026, 8 episodes",8.4,<class 'type'>
Tell Me That You Love Me,#491,"Korean Drama - 2023, 16 episodes",8.4,<class 'type'>
The Player,#492,"Korean Drama - 2018, 14 episodes",8.4,<class 'type'>
Destined,#493,"Chinese Drama - 2023, 40 episodes",8.4,<class 'type'>
Love You Seven Times,#494,"Chinese Drama - 2023, 38 episodes",8.4,<class 'type'>
Under the Skin Season 2,#495,"Chinese Drama - 2024, 28 episodes",8.4,<class 'type'>
War of Faith,#496,"Chinese Drama - 2024, 38 episodes",8.4,<class 'type'>
Enemies with Benefits,#497,"Thai Drama - 2026, 10 episodes",8.4,<class 'type'>
A Murderous Affair in Horizon Tower,#498,"Chinese Drama - 2020, 16 episodes",8.4,<class 'type'>
I Am Nobody: The Showdown Between Yin & Yang,#499,"Chinese Drama - 2025, 13 episodes",8.4,<class 'type'>
Legally Romance,#500,"Chinese Drama - 2022, 33 episodes",8.4,<class 'type'>
Splash Splash Love,#501,"Korean Drama - 2015, 2 episodes",8.4,<class 'type'>
Dashing Youth,#502,"Chinese Drama - 2024, 40 episodes",8.4,<class 'type'>
Kamen Rider Build,#503,"Japanese Drama - 2017, 49 episodes",8.4,<class 'type'>
Time and Him Are Just Right,#504,"Chinese Drama - 2022, 25 episodes",8.4,<class 'type'>
Fourever You,#505,"Thai Drama - 2024, 17 episodes",8.4,<class 'type'>
A LDF Original Series,#506,"Korean Special - 2022, 3 episodes",8.4,<class 'type'>
Moon Embracing the Sun,#507,"Korean Drama - 2012, 20 episodes",8.4,<class 'type'>
Kaizoku Sentai Gokaiger,#508,"Japanese Drama - 2011, 51 episodes",8.4,<class 'type'>
Can This Love Be Translated?,#509,"Korean Drama - 2026, 12 episodes",8.4,<class 'type'>
The Rise of Phoenixes,#510,"Chinese Drama - 2018, 70 episodes",8.4,<class 'type'>
If You Wish Upon Me,#511,"Korean Drama - 2022, 16 episodes",8.4,<class 'type'>
When Oranges Fall,#512,"Thai Drama - 2026, 12 episodes",8.4,<class 'type'>
One Ordinary Day,#513,"Korean Drama - 2021, 8 episodes",8.4,<class 'type'>
Voice Season 3: City of Accomplices,#514,"Korean Drama - 2019, 16 episodes",8.4,<class 'type'>
Heroes Next Door,#515,"Korean Drama - 2025, 10 episodes",8.4,<class 'type'>
Only Boo!,#516,"Thai Drama - 2024, 12 episodes",8.4,<class 'type'>
Reunion: The Sound of the Providence,#517,"Chinese Drama - 2020, 32 episodes",8.4,<class 'type'>
Fourever You Special,#518,"Thai Drama - 2026, 1 episodes",8.4,<class 'type'>
Lost Romance,#519,"Taiwanese Drama - 2020, 20 episodes",8.4,<class 'type'>
See You in My 19th Life,#520,"Korean Drama - 2023, 12 episodes",8.4,<class 'type'>
Happy Birthday,#521,"Thai Drama - 2018, 13 episodes",8.4,<class 'type'>
Hanzawa Naoki Season 2,#522,"Japanese Drama - 2020, 10 episodes",8.4,<class 'type'>
Live Surgery Room,#523,"Chinese Drama - 2024, 28 episodes",8.4,<class 'type'>
Tale of the Nine-Tailed,#524,"Korean Drama - 2020, 16 episodes",8.4,<class 'type'>
Unforgettable Love,#525,"Chinese Drama - 2021, 24 episodes",8.4,<class 'type'>
Shadow Love,#526,"Chinese Drama - 2025, 38 episodes",8.4,<class 'type'>
Mouse: The Theatrical Cut,#527,"Korean Special - 2021, 1 episodes",8.4,<class 'type'>
Seasons of Blossom,#528,"Korean Drama - 2022, 16 episodes",8.4,<class 'type'>
Lost,#529,"Korean Drama - 2021, 16 episodes",8.4,<class 'type'>
Buying Ears,#530,"Chinese Special - 2020, 1 episodes",8.4,<class 'type'>
Duel,#531,"Korean Drama - 2017, 16 episodes",8.4,<class 'type'>
The Rise of Ning,#532,"Chinese Drama - 2024, 40 episodes",8.4,<class 'type'>
Angel's Last Mission: Love,#533,"Korean Drama - 2019, 32 episodes",8.4,<class 'type'>
Erased,#534,"Japanese Drama - 2017, 12 episodes",8.4,<class 'type'>
First Day of Becoming a JYP Trainee,#535,"Korean Special - 2018, 1 episodes",8.4,<class 'type'>
Someday or One Day Extra Scene,#536,"Taiwanese Drama - 2020, 1 episodes",8.4,<class 'type'>
Project S: Side by Side,#537,"Thai Drama - 2017, 8 episodes",8.4,<class 'type'>
A Time Called You,#538,"Korean Drama - 2023, 12 episodes",8.4,<class 'type'>
Salon De Holmes,#539,"Korean Drama - 2025, 10 episodes",8.4,<class 'type'>
The Atypical Family,#540,"Korean Drama - 2024, 12 episodes",8.4,<class 'type'>
"She Loves to Cook, and She Loves to Eat",#541,"Japanese Drama - 2022, 10 episodes",8.4,<class 'type'>
Yumi's Cells,#542,"Korean Drama - 2021, 14 episodes",8.4,<class 'type'>
My Stand-In,#543,"Thai Drama - 2024, 12 episodes",8.4,<class 'type'>
Voice Season 4: Time of Judgment,#544,"Korean Drama - 2021, 14 episodes",8.4,<class 'type'>
Parasyte: The Grey,#545,"Korean Drama - 2024, 6 episodes",8.4,<class 'type'>
Adventure behind the Bronze Door,#546,"Chinese Drama - 2024, 32 episodes",8.4,<class 'type'>
My Country: The New Age,#547,"Korean Drama - 2019, 16 episodes",8.4,<class 'type'>
Love of Silom (Uncut Ver.),#548,"Thai Drama - 2026, 12 episodes",8.4,<class 'type'>
Knight Flower,#549,"Korean Drama - 2024, 12 episodes",8.4,<class 'type'>
Unknown,#550,"Taiwanese Drama - 2024, 12 episodes",8.4,<class 'type'>
JIN Season 2,#551,"Japanese Drama - 2011, 11 episodes",8.4,<class 'type'>
Because This Is My First Life,#552,"Korean Drama - 2017, 16 episodes",8.4,<class 'type'>
Love for Love's Sake,#553,"Korean Drama - 2024, 8 episodes",8.4,<class 'type'>
Queen and I,#554,"Korean Drama - 2012, 16 episodes",8.4,<class 'type'>
Jumong,#555,"Korean Drama - 2006, 81 episodes",8.4,<class 'type'>
Daughters,#556,"Thai Drama - 2020, 24 episodes",8.4,<class 'type'>
Under the Power,#557,"Chinese Drama - 2019, 55 episodes",8.4,<class 'type'>
Home School,#558,"Thai Drama - 2023, 18 episodes",8.4,<class 'type'>
The Veil,#559,"Korean Drama - 2021, 12 episodes",8.4,<class 'type'>
Scarlet Heart,#560,"Chinese Drama - 2011, 35 episodes",8.4,<class 'type'>
Payback (Uncut),#561,"Thai Drama - 2026, 10 episodes",8.5,<class 'type'>
Drama Special Season 14: Love Attack,#562,"Korean Special - 2023, 1 episodes",8.4,<class 'type'>
Shine (Orchestric Ver.),#563,"Thai Drama - 2025, 8 episodes",8.4,<class 'type'>
Head 2 Head,#564,"Thai Drama - 2025, 12 episodes",8.4,<class 'type'>
More than Blue: The Series,#565,"Taiwanese Drama - 2021, 10 episodes",8.4,<class 'type'>
My Dear Youth - Coffee Prince,#566,"Korean Special - 2020, 2 episodes",8.4,<class 'type'>
The World between Us,#567,"Taiwanese Drama - 2019, 10 episodes",8.4,<class 'type'>
Queendom (Uncut Ver.),#568,"Thai Drama - 2025, 12 episodes",8.4,<class 'type'>
Ever Night,#569,"Chinese Drama - 2018, 60 episodes",8.4,<class 'type'>
Circle,#570,"Korean Drama - 2017, 12 episodes",8.4,<class 'type'>
Skate Into Love,#571,"Chinese Drama - 2020, 40 episodes",8.4,<class 'type'>
Hello Monster,#572,"Korean Drama - 2015, 16 episodes",8.4,<class 'type'>
Trillion Game,#573,"Japanese Drama - 2023, 10 episodes",8.4,<class 'type'>
Medical Examiner Dr. Qin,#574,"Chinese Drama - 2016, 20 episodes",8.4,<class 'type'>
The Haunted Palace,#575,"Korean Drama - 2025, 16 episodes",8.4,<class 'type'>
We Best Love: No. 1 For You Special Edition,#576,"Taiwanese Special - 2021, 6 episodes",8.3,<class 'type'>
Love of Silom,#577,"Thai Drama - 2026, 12 episodes",8.3,<class 'type'>
The Confidence Man JP,#578,"Japanese Drama - 2018, 10 episodes",8.3,<class 'type'>
My School President,#579,"Thai Drama - 2022, 12 episodes",8.3,<class 'type'>
In the Name of Blossom,#580,"Chinese Drama - 2025, 24 episodes",8.3,<class 'type'>
When the Camellia Blooms,#581,"Korean Drama - 2019, 40 episodes",8.3,<class 'type'>
Love's Ambition,#582,"Chinese Drama - 2025, 32 episodes",8.3,<class 'type'>
Love Scenery,#583,"Chinese Drama - 2021, 31 episodes",8.3,<class 'type'>
Kill to Love,#584,"Singaporean Drama - 2025, 12 episodes",8.3,<class 'type'>
Fall in Love,#585,"Chinese Drama - 2021, 36 episodes",8.3,<class 'type'>
Military Prosecutor Doberman,#586,"Korean Drama - 2022, 16 episodes",8.3,<class 'type'>
Crush,#587,"Chinese Drama - 2021, 24 episodes",8.3,<class 'type'>
"From Now On, Showtime!",#588,"Korean Drama - 2022, 16 episodes",8.3,<class 'type'>
Chosen Home,#589,"Japanese Drama - 2025, 10 episodes",8.3,<class 'type'>
When We Were Young,#590,"Chinese Drama - 2018, 24 episodes",8.3,<class 'type'>
The Legend of the Blue Sea,#591,"Korean Drama - 2016, 20 episodes",8.3,<class 'type'>
dele,#592,"Japanese Drama - 2018, 8 episodes",8.3,<class 'type'>
My Cherie Amour,#593,"Thai Drama - 2024, 19 episodes",8.3,<class 'type'>
Train,#594,"Korean Drama - 2020, 12 episodes",8.3,<class 'type'>
Memorist,#595,"Korean Drama - 2020, 16 episodes",8.3,<class 'type'>
Secret Love,#596,"Korean Drama - 2013, 16 episodes",8.3,<class 'type'>
Team Bulldog: Off-Duty Investigation,#597,"Korean Drama - 2020, 12 episodes",8.3,<class 'type'>
The Good Detective,#598,"Korean Drama - 2020, 16 episodes",8.3,<class 'type'>
Be Reborn,#599,"Chinese Drama - 2022, 26 episodes",8.3,<class 'type'>
99.9 Criminal Lawyer Season 2,#600,"Japanese Drama - 2018, 9 episodes",8.3,<class 'type'>
No Pain No Gain,#601,"Chinese Drama - 2026, 26 episodes",8.3,<class 'type'>
Dali & Cocky Prince,#602,"Korean Drama - 2021, 16 episodes",8.3,<class 'type'>
Way Back Love,#603,"Korean Drama - 2025, 6 episodes",8.3,<class 'type'>
La Grande Maison Tokyo,#604,"Japanese Drama - 2019, 11 episodes",8.3,<class 'type'>
Good Doctor,#605,"Japanese Drama - 2018, 10 episodes",8.3,<class 'type'>
Us: Uncut Version,#606,"Thai Drama - 2025, 12 episodes",8.3,<class 'type'>
Love in the Big City,#607,"Korean Drama - 2024, 8 episodes",8.3,<class 'type'>
Broken Friendship,#608,"Korean Special - 2022, 1 episodes",8.3,<class 'type'>
Yumi's Cells Season 2,#609,"Korean Drama - 2022, 14 episodes",8.3,<class 'type'>
Sweet Teeth,#610,"Chinese Drama - 2021, 22 episodes",8.3,<class 'type'>
Nanba MG5,#611,"Japanese Drama - 2022, 10 episodes",8.3,<class 'type'>
Princess Pearl,#612,"Chinese Drama - 1998, 24 episodes",8.3,<class 'type'>
My Unfamiliar Family,#613,"Korean Drama - 2020, 16 episodes",8.3,<class 'type'>
Put Your Head on My Shoulder,#614,"Chinese Drama - 2019, 24 episodes",8.3,<class 'type'>
Extraordinary You,#615,"Korean Drama - 2019, 32 episodes",8.3,<class 'type'>
The Princess Wei Young,#616,"Chinese Drama - 2016, 54 episodes",8.3,<class 'type'>
Love between Fairy and Devil,#617,"Chinese Drama - 2022, 2 episodes",8.3,<class 'type'>
A League of Nobleman,#618,"Chinese Drama - 2023, 29 episodes",8.3,<class 'type'>
The Immortal Ascension,#619,"Chinese Drama - 2025, 30 episodes",8.3,<class 'type'>
The Youth Memories,#620,"Chinese Drama - 2023, 38 episodes",8.3,<class 'type'>
The Forbidden Flower,#621,"Chinese Drama - 2023, 24 episodes",8.3,<class 'type'>
Jin,#622,"Japanese Drama - 2009, 11 episodes",8.3,<class 'type'>
Our Skyy 2: A Tale of Thousand Stars,#623,"Thai Drama - 2023, 1 episodes",8.3,<class 'type'>
Love Me If You Dare,#624,"Chinese Drama - 2015, 24 episodes",8.3,<class 'type'>
Exclusive Fairytale,#625,"Chinese Drama - 2023, 24 episodes",8.3,<class 'type'>
Gannibal,#626,"Japanese Drama - 2022, 7 episodes",8.3,<class 'type'>
Fake It Till You Make It,#627,"Chinese Drama - 2023, 14 episodes",8.3,<class 'type'>
Good Doctor,#628,"Korean Drama - 2013, 20 episodes",8.3,<class 'type'>
"Work Later, Drink Now",#629,"Korean Drama - 2021, 12 episodes",8.3,<class 'type'>
The Water,#630,"Thai Drama - 2026, 8 episodes",8.3,<class 'type'>
Mad Dog,#631,"Korean Drama - 2017, 16 episodes",8.3,<class 'type'>
Sell Your Haunted House,#632,"Korean Drama - 2021, 16 episodes",8.3,<class 'type'>
The Mysterious Class,#633,"Korean Drama - 2021, 8 episodes",8.3,<class 'type'>
My Roommate Is a Detective,#634,"Chinese Drama - 2020, 36 episodes",8.3,<class 'type'>
An Incurable Case of Love,#635,"Japanese Drama - 2020, 10 episodes",8.3,<class 'type'>
The Lost Tomb 2,#636,"Chinese Drama - 2019, 40 episodes",8.3,<class 'type'>
Swords into Plowshares,#637,"Chinese Drama - 2026, 48 episodes",8.3,<class 'type'>
Love and Destiny,#638,"Chinese Drama - 2019, 60 episodes",8.3,<class 'type'>
Le Coup de Foudre Special,#639,"Chinese Special - 2019, 11 episodes",8.3,<class 'type'>
You Who Came from the Stars: Epilogue,#640,"Korean Special - 2014, 1 episodes",8.3,<class 'type'>
Guardian Special: Every Moment of It Shined,#641,"Korean Drama - 2017, 1 episodes",8.3,<class 'type'>
Last Twilight in Phuket,#642,"Thai Special - 2021, 1 episodes",8.3,<class 'type'>
Doctor Prisoner,#643,"Korean Drama - 2019, 32 episodes",8.3,<class 'type'>
Life's Punchline,#644,"Japanese Drama - 2021, 10 episodes",8.3,<class 'type'>
Nine: Nine Times Time Travel,#645,"Korean Drama - 2013, 20 episodes",8.3,<class 'type'>
High&Low: The Story of S.W.O.R.D.,#646,"Japanese Drama - 2015, 10 episodes",8.3,<class 'type'>
Lie after Lie,#647,"Korean Drama - 2020, 16 episodes",8.3,<class 'type'>
Legend of Fu Yao,#648,"Chinese Drama - 2018, 66 episodes",8.3,<class 'type'>
Dr. Storks,#649,"Japanese Drama - 2015, 10 episodes",8.3,<class 'type'>
The Glory,#650,"Chinese Drama - 2025, 30 episodes",8.3,<class 'type'>
Pinocchio,#651,"Korean Drama - 2014, 20 episodes",8.3,<class 'type'>
Full House,#652,"Thai Drama - 2014, 20 episodes",8.3,<class 'type'>
In This Corner of the World,#653,"Japanese Drama - 2018, 9 episodes",8.3,<class 'type'>
Reborn,#654,"Chinese Drama - 2025, 23 episodes",8.3,<class 'type'>
Mercy for None,#655,"Korean Drama - 2025, 7 episodes",8.3,<class 'type'>
Money Heist: Korea - Joint Economic Area - Part 1,#656,"Korean Drama - 2022, 6 episodes",8.3,<class 'type'>
Douluo Continent,#657,"Chinese Drama - 2021, 40 episodes",8.3,<class 'type'>
HIStory3,#658,"Taiwanese Drama - 2019, 40 episodes",8.3,<class 'type'>
Crash Course in Romance,#659,"Korean Drama - 2023, 16 episodes",8.3,<class 'type'>
Pro Bono,#660,"Korean Drama - 2025, 12 episodes",8.3,<class 'type'>
Jeongnyeon: The Star Is Born,#661,"Korean Drama - 2024, 12 episodes",8.3,<class 'type'>
Hide & Sis,#662,"Thai Drama - 2025, 14 episodes",8.3,<class 'type'>
Trigger,#663,"Korean Drama - 2025, 10 episodes",8.3,<class 'type'>
Like in the Movies,#664,"Filipino Drama - 2020, 8 episodes",8.3,<class 'type'>
My Sweet Mobster,#665,"Korean Drama - 2024, 16 episodes",8.3,<class 'type'>
Wu,#666,"Thai Drama - 2026, 9 episodes",8.3,<class 'type'>
The Blue Whisper: Part 1,#667,"Chinese Drama - 2022, 22 episodes",8.3,<class 'type'>
Couple of Mirrors,#668,"Chinese Drama - 2021, 12 episodes",8.3,<class 'type'>
Castaway Diva,#669,"Korean Drama - 2023, 12 episodes",8.3,<class 'type'>
The Scarecrow,#670,"Korean Drama - 2026, 12 episodes",8.3,<class 'type'>
Smells Like Green Spirit,#671,"Japanese Drama - 2024, 8 episodes",8.3,<class 'type'>
Bitter Blood,#672,"Japanese Drama - 2014, 11 episodes",8.3,<class 'type'>
The Seven Relics of Ill Omen,#673,"Chinese Drama - 2025, 32 episodes",8.3,<class 'type'>
Wonderful World,#674,"Korean Drama - 2024, 14 episodes",8.3,<class 'type'>
The Player 2: Master of Swindlers,#675,"Korean Drama - 2024, 12 episodes",8.3,<class 'type'>
Love's in Sight!,#676,"Japanese Drama - 2021, 10 episodes",8.3,<class 'type'>
Hi Venus,#677,"Chinese Drama - 2022, 24 episodes",8.3,<class 'type'>
Midnight Diner,#678,"Japanese Drama - 2009, 10 episodes",8.3,<class 'type'>
Pride,#679,"Japanese Drama - 2004, 11 episodes",8.3,<class 'type'>
Love Design Special Episode,#680,"Thai Drama - 2025, 2 episodes",8.3,<class 'type'>
My Demon,#681,"Korean Drama - 2023, 16 episodes",8.3,<class 'type'>
The Fire,#682,"Thai Drama - 2026, 8 episodes",8.3,<class 'type'>
I'm Not a Robot,#683,"Korean Drama - 2017, 32 episodes",8.3,<class 'type'>
The Auditors,#684,"Korean Drama - 2024, 12 episodes",8.3,<class 'type'>
"Lately, It's Winter Season",#685,"Thai Drama - 2026, 8 episodes",8.3,<class 'type'>
They Kiss Again,#686,"Taiwanese Drama - 2007, 20 episodes",8.3,<class 'type'>
Be Melodramatic,#687,"Korean Drama - 2019, 16 episodes",8.3,<class 'type'>
The Hope,#688,"Chinese Drama - 2023, 30 episodes",8.3,<class 'type'>
Bad Buddy,#689,"Thai Drama - 2021, 12 episodes",8.3,<class 'type'>
My Calorie Boy,#690,"Chinese Drama - 2022, 30 episodes",8.3,<class 'type'>
Mobius,#691,"Chinese Drama - 2025, 16 episodes",8.3,<class 'type'>
If Talking Paid,#692,"Japanese Drama - 2019, 10 episodes",8.3,<class 'type'>
Amanza,#693,"Korean Drama - 2020, 10 episodes",8.3,<class 'type'>
True Beauty,#694,"Korean Drama - 2020, 16 episodes",8.3,<class 'type'>
My Royal Nemesis,#695,"Korean Drama - 2026, 14 episodes",8.3,<class 'type'>
Our Movie,#696,"Korean Drama - 2025, 12 episodes",8.3,<class 'type'>
Moonlight,#697,"Chinese Drama - 2021, 36 episodes",8.3,<class 'type'>
A River Runs through It,#698,"Chinese Drama - 2021, 36 episodes",8.3,<class 'type'>
Your Sky: Uncut,#699,"Thai Drama - 2024, 12 episodes",8.3,<class 'type'>
99.9 Criminal Lawyer,#700,"Japanese Drama - 2016, 10 episodes",8.3,<class 'type'>
Come and Hug Me,#701,"Korean Drama - 2018, 32 episodes",8.3,<class 'type'>
Fireworks of My Heart,#702,"Chinese Drama - 2023, 40 episodes",8.3,<class 'type'>
P.S. I Hate You,#703,"Thai Drama - 2022, 18 episodes",8.3,<class 'type'>
Tokyo MER: Mobile Emergency Room,#704,"Japanese Drama - 2021, 11 episodes",8.3,<class 'type'>
Samurai Sentai Shinkenger,#705,"Japanese Drama - 2009, 49 episodes",8.3,<class 'type'>
Soundtrack #1,#706,"Korean Drama - 2022, 4 episodes",8.3,<class 'type'>
HIStory3: Trapped,#707,"Taiwanese Drama - 2019, 20 episodes",8.3,<class 'type'>
The World of the Married,#708,"Korean Drama - 2020, 16 episodes",8.3,<class 'type'>
Sh**ting Stars,#709,"Korean Drama - 2022, 16 episodes",8.3,<class 'type'>
The Forbidden Marriage,#710,"Korean Drama - 2022, 12 episodes",8.3,<class 'type'>
Ugly Alert,#711,"Korean Drama - 2013, 133 episodes",8.3,<class 'type'>
Undercover Miss Hong,#712,"Korean Drama - 2026, 16 episodes",8.3,<class 'type'>
Gank Your Heart Special,#713,"Chinese Special - 2019, 1 episodes",8.3,<class 'type'>
Five Enough,#714,"Korean Drama - 2016, 54 episodes",8.3,<class 'type'>
God's Gift: 14 Days,#715,"Korean Drama - 2014, 16 episodes",8.3,<class 'type'>
The Blossoming Love,#716,"Chinese Drama - 2025, 40 episodes",8.3,<class 'type'>
City Hunter,#717,"Korean Drama - 2011, 20 episodes",8.3,<class 'type'>
Doctor X Season 5,#718,"Japanese Drama - 2017, 10 episodes",8.3,<class 'type'>
The First Shot,#719,"Chinese Drama - 2024, 32 episodes",8.3,<class 'type'>
Tomb of the Sea,#720,"Chinese Drama - 2018, 52 episodes",8.3,<class 'type'>
100 Days My Prince,#721,"Korean Drama - 2018, 16 episodes",8.3,<class 'type'>
Maiden Holmes,#722,"Chinese Drama - 2020, 32 episodes",8.3,<class 'type'>
The Love Equations: Extra Story,#723,"Chinese Special - 2020, 1 episodes",8.3,<class 'type'>
Descendants of the Sun: Recap Special,#724,"Korean Special - 2016, 2 episodes",8.3,<class 'type'>
My Roommate Is a Gumiho,#725,"Korean Drama - 2021, 16 episodes",8.3,<class 'type'>
Psychopath Diary,#726,"Korean Drama - 2019, 16 episodes",8.3,<class 'type'>
One Spring Night,#727,"Korean Drama - 2019, 32 episodes",8.3,<class 'type'>
"Hello, My Twenties! Season 2",#728,"Korean Drama - 2017, 14 episodes",8.3,<class 'type'>
Poisonous Love,#729,"Thai Drama - 2025, 10 episodes",8.3,<class 'type'>
S.C.I,#730,"Chinese Drama - 2018, 24 episodes",8.3,<class 'type'>
"Kangchi, the Beginning",#731,"Korean Drama - 2013, 24 episodes",8.3,<class 'type'>
What a Good Girl,#732,"Chinese Drama - 2025, 88 episodes",8.3,<class 'type'>
The Air,#733,"Thai Drama - 2026, 8 episodes",8.3,<class 'type'>
The King's Affection,#734,"Korean Drama - 2021, 20 episodes",8.3,<class 'type'>
Nodame Cantabile in Europe,#735,"Japanese Special - 2008, 2 episodes",8.3,<class 'type'>
One Day Off,#736,"Korean Drama - 2023, 8 episodes",8.3,<class 'type'>
Birthcare Center,#737,"Korean Drama - 2020, 8 episodes",8.3,<class 'type'>
Cold Case: Shinjitsu no Tobira,#738,"Japanese Drama - 2016, 10 episodes",8.3,<class 'type'>
I Don't Want to Be Friends with You,#739,"Chinese Drama - 2020, 24 episodes",8.3,<class 'type'>
Si Jin,#740,"Chinese Drama - 2025, 40 episodes",8.3,<class 'type'>
Nobunaga Concerto,#741,"Japanese Drama - 2014, 11 episodes",8.3,<class 'type'>
The Sound of Your Heart,#742,"Korean Drama - 2016, 20 episodes",8.3,<class 'type'>
W Special,#743,"Korean Special - 2016, 1 episodes",8.3,<class 'type'>
Ohsama Sentai King-Ohger,#744,"Japanese Drama - 2023, 50 episodes",8.3,<class 'type'>
Night Has Come,#745,"Korean Drama - 2023, 12 episodes",8.3,<class 'type'>
Iljimae,#746,"Korean Drama - 2008, 20 episodes",8.3,<class 'type'>
Three-Body,#747,"Chinese Drama - 2023, 30 episodes",8.3,<class 'type'>
Testimony of N,#748,"Japanese Drama - 2014, 10 episodes",8.3,<class 'type'>
The Land of Warriors,#749,"Chinese Drama - 2024, 38 episodes",8.3,<class 'type'>
Her Private Life,#750,"Korean Drama - 2019, 16 episodes",8.3,<class 'type'>
Mystic Nine,#751,"Chinese Drama - 2026, 30 episodes",8.3,<class 'type'>
Bloody Monday,#752,"Japanese Drama - 2008, 11 episodes",8.3,<class 'type'>
The Defects,#753,"Korean Drama - 2025, 8 episodes",8.3,<class 'type'>
Side Story of Fox Volant,#754,"Chinese Drama - 2022, 40 episodes",8.3,<class 'type'>
Rookie Cops,#755,"Korean Drama - 2022, 16 episodes",8.3,<class 'type'>
Lost You Forever Season 2,#756,"Chinese Drama - 2024, 23 episodes",8.3,<class 'type'>
The Gifted Graduation,#757,"Thai Drama - 2020, 13 episodes",8.3,<class 'type'>
Vampire Prosecutor Season 2,#758,"Korean Drama - 2012, 11 episodes",8.3,<class 'type'>
Love Next Door,#759,"Korean Drama - 2024, 16 episodes",8.3,<class 'type'>
Road to Success,#760,"Chinese Drama - 2026, 32 episodes",8.3,<class 'type'>
Petrichor,#761,"Thai Drama - 2024, 10 episodes",8.3,<class 'type'>
Miracles,#762,"Japanese Drama - 2018, 10 episodes",8.3,<class 'type'>
Kotaro Lives Alone,#763,"Japanese Drama - 2021, 10 episodes",8.3,<class 'type'>
NIZI Village Clinic,#764,"Japanese Drama - 2021, 9 episodes",8.3,<class 'type'>
He Is Psychometric,#765,"Korean Drama - 2019, 16 episodes",8.3,<class 'type'>
Code Blue Season 2,#766,"Japanese Drama - 2010, 11 episodes",8.3,<class 'type'>
Our Youth: After Story,#767,"Japanese Special - 2025, 2 episodes",8.3,<class 'type'>
Beyond the Bar,#768,"Korean Drama - 2025, 12 episodes",8.3,<class 'type'>
Tree with Deep Roots,#769,"Korean Drama - 2011, 24 episodes",8.3,<class 'type'>
A Splendid Match,#770,"Chinese Drama - 2026, 40 episodes",8.3,<class 'type'>
Super Junior: The Last Man Standing,#771,"Korean Drama - 2023, 2 episodes",8.3,<class 'type'>
A Familiar Stranger,#772,"Chinese Drama - 2022, 18 episodes",8.3,<class 'type'>
Tell Me What You Saw,#773,"Korean Drama - 2020, 16 episodes",8.3,<class 'type'>
Liar Game,#774,"Japanese Drama - 2007, 11 episodes",8.3,<class 'type'>
Hymn of Death,#775,"Korean Drama - 2018, 6 episodes",8.3,<class 'type'>
Bloody Monday Season 2,#776,"Japanese Drama - 2010, 9 episodes",8.3,<class 'type'>
Cases between Us,#777,"Chinese Drama - 2026, 36 episodes",8.3,<class 'type'>
The Nokdu Flower,#778,"Korean Drama - 2019, 48 episodes",8.3,<class 'type'>
Midnight Diner Season 2,#779,"Japanese Drama - 2011, 10 episodes",8.3,<class 'type'>
"Safe Skies, Archer",#780,"Filipino Drama - 2023, 10 episodes",8.3,<class 'type'>
A Calm Sea and Beautiful Days with You,#781,"Japanese Drama - 2025, 10 episodes",8.3,<class 'type'>
Devil,#782,"Japanese Drama - 2008, 11 episodes",8.3,<class 'type'>
The Time of Fever,#783,"Korean Drama - 2024, 6 episodes",8.3,<class 'type'>
Behind the Door,#784,"Japanese Drama - 2019, 6 episodes",8.3,<class 'type'>
King the Land,#785,"Korean Drama - 2023, 16 episodes",8.3,<class 'type'>
Three Kingdoms,#786,"Chinese Drama - 2010, 95 episodes",8.3,<class 'type'>
The Tale of Nokdu,#787,"Korean Drama - 2019, 32 episodes",8.3,<class 'type'>
I Feel You Linger in the Air,#788,"Thai Drama - 2023, 12 episodes",8.3,<class 'type'>
Me and Who,#789,"Thai Drama - 2025, 10 episodes",8.3,<class 'type'>
A Bloody Lucky Day,#790,"Korean Drama - 2023, 10 episodes",8.3,<class 'type'>
Ordinary Greatness,#791,"Chinese Drama - 2022, 38 episodes",8.3,<class 'type'>
Man of Vengeance,#792,"Thai Drama - 2019, 27 episodes",8.3,<class 'type'>
Confession,#793,"Korean Drama - 2019, 16 episodes",8.3,<class 'type'>
Class Crush Crisis,#794,"Thai Drama - 2026, 8 episodes",8.3,<class 'type'>
My Secret Terrius,#795,"Korean Drama - 2018, 32 episodes",8.3,<class 'type'>
Doctor X Season 3,#796,"Japanese Drama - 2014, 11 episodes",8.3,<class 'type'>
Arthdal Chronicles: The Sword of Aramun,#797,"Korean Drama - 2023, 12 episodes",8.3,<class 'type'>
Thirty-Nine,#798,"Korean Drama - 2022, 12 episodes",8.3,<class 'type'>
Coffee Prince,#799,"Korean Drama - 2007, 17 episodes",8.3,<class 'type'>
Kamen Rider OOO,#800,"Japanese Drama - 2010, 48 episodes",8.3,<class 'type'>
Don't Disturb My Study,#801,"Chinese Drama - 2021, 24 episodes",8.3,<class 'type'>
My Girlfriend Is an Alien,#802,"Chinese Drama - 2019, 28 episodes",8.3,<class 'type'>
Usotoki Rhetoric,#803,"Japanese Drama - 2024, 11 episodes",8.3,<class 'type'>
"At a Distance, Spring Is Green",#804,"Korean Drama - 2021, 12 episodes",8.3,<class 'type'>
The Oath of Love,#805,"Chinese Drama - 2022, 32 episodes",8.3,<class 'type'>
Last Samurai Standing,#806,"Japanese Drama - 2025, 6 episodes",8.3,<class 'type'>
Young Blood,#807,"Chinese Drama - 2019, 42 episodes",8.3,<class 'type'>
Oh My Ghost Clients,#808,"Korean Drama - 2025, 10 episodes",8.3,<class 'type'>
Triage,#809,"Thai Drama - 2022, 13 episodes",8.3,<class 'type'>
Legal High 2,#810,"Japanese Drama - 2013, 10 episodes",8.3,<class 'type'>
Gaus Electronics,#811,"Korean Drama - 2022, 12 episodes",8.3,<class 'type'>
Extracurricular,#812,"Korean Drama - 2020, 10 episodes",8.3,<class 'type'>
Hold My Hand at Twilight,#813,"Japanese Drama - 2023, 10 episodes",8.3,<class 'type'>
Again My Life,#814,"Korean Drama - 2022, 16 episodes",8.3,<class 'type'>
Moonlit Reunion,#815,"Chinese Drama - 2025, 38 episodes",8.3,<class 'type'>
The Beauty Inside,#816,"Korean Drama - 2018, 16 episodes",8.3,<class 'type'>
My Love Mix-Up!,#817,"Japanese Drama - 2021, 10 episodes",8.3,<class 'type'>
Class of Lies,#818,"Korean Drama - 2019, 16 episodes",8.3,<class 'type'>
Boys in Love,#819,"Thai Drama - 2025, 12 episodes",8.3,<class 'type'>
The Tale of Rose,#820,"Chinese Drama - 2024, 38 episodes",8.2,<class 'type'>
Who Are You,#821,"Thai Drama - 2020, 18 episodes",8.3,<class 'type'>
Burnout Syndrome,#822,"Thai Drama - 2025, 10 episodes",8.2,<class 'type'>
To My Beloved Thief,#823,"Korean Drama - 2026, 16 episodes",8.2,<class 'type'>
Glory,#824,"Chinese Drama - 2025, 36 episodes",8.2,<class 'type'>
SPEC: Birth,#825,"Japanese Drama - 2010, 10 episodes",8.2,<class 'type'>
Ancient Detective,#826,"Chinese Drama - 2020, 24 episodes",8.2,<class 'type'>
The Fiery Priest Season 2,#827,"Korean Drama - 2024, 12 episodes",8.2,<class 'type'>
D-Day,#828,"Korean Drama - 2015, 20 episodes",8.2,<class 'type'>
My Fated Boy,#829,"Chinese Drama - 2021, 29 episodes",8.2,<class 'type'>
As You Stood By,#830,"Korean Drama - 2025, 8 episodes",8.2,<class 'type'>
Here We Meet Again,#831,"Chinese Drama - 2023, 32 episodes",8.2,<class 'type'>
Call It Love,#832,"Korean Drama - 2023, 16 episodes",8.2,<class 'type'>
The Boy Next World Special Episode: A World Where We Don’t Know Each Other,#833,"Thai Special - 2025, 1 episodes",8.2,<class 'type'>
Ping Pong Life,#834,"Chinese Drama - 2021, 44 episodes",8.2,<class 'type'>
Our Dining Table,#835,"Japanese Drama - 2023, 10 episodes",8.2,<class 'type'>
Search: WWW,#836,"Korean Drama - 2019, 16 episodes",8.2,<class 'type'>
Perfect and Casual,#837,"Chinese Drama - 2020, 24 episodes",8.2,<class 'type'>
Somewhere Somehow,#838,"Thai Drama - 2025, 13 episodes",8.2,<class 'type'>
God's Quiz: Reboot,#839,"Korean Drama - 2018, 16 episodes",8.2,<class 'type'>
Suspicious Partner,#840,"Korean Drama - 2017, 40 episodes",8.2,<class 'type'>
The Last Immortal,#841,"Chinese Drama - 2023, 40 episodes",8.2,<class 'type'>
Legend of the Magnate,#842,"Chinese Drama - 2025, 40 episodes",8.2,<class 'type'>
The Makanai: Cooking for the Maiko House,#843,"Japanese Drama - 2023, 9 episodes",8.2,<class 'type'>
The Blood of Youth Extra,#844,"Chinese Special - 2023, 1 episodes",8.2,<class 'type'>
The Sword and the Brocade,#845,"Chinese Drama - 2021, 45 episodes",8.2,<class 'type'>
Back to Seventeen,#846,"Chinese Drama - 2023, 25 episodes",8.2,<class 'type'>
Bright Time,#847,"Chinese Drama - 2024, 32 episodes",8.3,<class 'type'>
49 Days,#848,"Korean Drama - 2011, 20 episodes",8.2,<class 'type'>
Chef Hua,#849,"Chinese Drama - 2020, 36 episodes",8.2,<class 'type'>
An Ancient Love Song,#850,"Chinese Drama - 2023, 14 episodes",8.2,<class 'type'>
Oh My Ghost,#851,"Korean Drama - 2015, 16 episodes",8.2,<class 'type'>
The Story of Park's Marriage Contract,#852,"Korean Drama - 2023, 12 episodes",8.2,<class 'type'>
A Love So Beautiful,#853,"Chinese Drama - 2017, 23 episodes",8.2,<class 'type'>
Divorce Attorney Shin,#854,"Korean Drama - 2023, 12 episodes",8.2,<class 'type'>
Our Sticky Love,#855,"Korean Drama - 2026, 12 episodes",8.2,<class 'type'>
Love of Nirvana,#856,"Chinese Drama - 2024, 40 episodes",8.2,<class 'type'>
May I Help You?,#857,"Korean Drama - 2022, 16 episodes",8.2,<class 'type'>
We Best Love: No. 1 For You,#858,"Taiwanese Drama - 2021, 6 episodes",8.2,<class 'type'>
Bulgasal: Immortal Souls,#859,"Korean Drama - 2021, 16 episodes",8.2,<class 'type'>
Your Sky,#860,"Thai Drama - 2024, 12 episodes",8.2,<class 'type'>
Nodame Cantabile,#861,"Japanese Drama - 2006, 11 episodes",8.2,<class 'type'>
Dr. Storks Season 2,#862,"Japanese Drama - 2017, 11 episodes",8.2,<class 'type'>
Awaken,#863,"Korean Drama - 2020, 16 episodes",8.2,<class 'type'>
Lawless Lawyer,#864,"Korean Drama - 2018, 16 episodes",8.2,<class 'type'>
Affair,#865,"Thai Drama - 2024, 8 episodes",8.2,<class 'type'>
"Good Bye, My Princess",#866,"Chinese Drama - 2019, 52 episodes",8.2,<class 'type'>
Parallel World,#867,"Chinese Drama - 2023, 38 episodes",8.2,<class 'type'>
Boys over Flowers Season 2,#868,"Japanese Drama - 2007, 11 episodes",8.2,<class 'type'>
Scent of Time,#869,"Chinese Drama - 2023, 30 episodes",8.2,<class 'type'>
Love in the Air: Special Episode,#870,"Thai Special - 2022, 1 episodes",8.2,<class 'type'>
Bloom Life,#871,"Chinese Drama - 2026, 8 episodes",8.2,<class 'type'>
"To Sir, with Love",#872,"Thai Drama - 2022, 17 episodes",8.2,<class 'type'>
Special Affairs Team TEN,#873,"Korean Drama - 2011, 9 episodes",8.2,<class 'type'>
The Sleepless Princess Special,#874,"Chinese Special - 2020, 1 episodes",8.2,<class 'type'>
Sunsets Secrets Regrets,#875,"Chinese Drama - 2026, 28 episodes",8.2,<class 'type'>
We Best Love: Fighting Mr. 2nd Special Edition,#876,"Taiwanese Drama - 2021, 6 episodes",8.2,<class 'type'>
Memoir of Rati,#877,"Thai Drama - 2025, 12 episodes",8.2,<class 'type'>
Asa ga Kita,#878,"Japanese Drama - 2015, 156 episodes",8.2,<class 'type'>
You Who Came from the Stars: The Beginning,#879,"Korean Special - 2014, 1 episodes",8.2,<class 'type'>
Ray of Light,#880,"Chinese Drama - 2023, 30 episodes",8.2,<class 'type'>
Detective L,#881,"Chinese Drama - 2019, 24 episodes",8.2,<class 'type'>
Blood River,#882,"Chinese Drama - 2025, 38 episodes",8.2,<class 'type'>
I Belonged to Your World,#883,"Chinese Drama - 2023, 20 episodes",8.2,<class 'type'>
GTO,#884,"Japanese Drama - 1998, 12 episodes",8.2,<class 'type'>
Novoland: Pearl Eclipse,#885,"Chinese Drama - 2021, 48 episodes",8.2,<class 'type'>
The Legends,#886,"Chinese Drama - 2019, 56 episodes",8.2,<class 'type'>
The First Jasmine,#887,"Chinese Drama - 2026, 40 episodes",8.2,<class 'type'>
God's Quiz,#888,"Korean Drama - 2010, 10 episodes",8.2,<class 'type'>
That Summer,#889,"Thai Drama - 2025, 10 episodes",8.2,<class 'type'>
The Judge Returns,#890,"Korean Drama - 2026, 14 episodes",8.2,<class 'type'>
Love in the Moonlight,#891,"Korean Drama - 2016, 18 episodes",8.2,<class 'type'>
The Guardians,#892,"Korean Drama - 2017, 32 episodes",8.2,<class 'type'>
"Okaasan, Ore wa Daijoubu",#893,"Japanese Special - 2015, 1 episodes",8.2,<class 'type'>
My Secret Bride,#894,"Thai Drama - 2019, 18 episodes",8.2,<class 'type'>
Celebrity,#895,"Korean Drama - 2023, 12 episodes",8.2,<class 'type'>
Kingdom: Ashin of the North,#896,"Korean Drama - 2021, 1 episodes",8.2,<class 'type'>
Oh My Venus,#897,"Korean Drama - 2015, 16 episodes",8.2,<class 'type'>
Oshin,#898,"Japanese Drama - 1983, 297 episodes",8.2,<class 'type'>
Graceful Family,#899,"Korean Drama - 2019, 16 episodes",8.2,<class 'type'>
Long Vacation,#900,"Japanese Drama - 1996, 11 episodes",8.2,<class 'type'>
The Eclipse,#901,"Thai Drama - 2022, 12 episodes",8.2,<class 'type'>
Orange Days,#902,"Japanese Drama - 2004, 11 episodes",8.2,<class 'type'>
Leverage,#903,"Korean Drama - 2019, 16 episodes",8.2,<class 'type'>
Love O2O,#904,"Chinese Drama - 2016, 30 episodes",8.2,<class 'type'>
If Wishes Could Kill,#905,"Korean Drama - 2026, 8 episodes",8.2,<class 'type'>
Princess Agents,#906,"Chinese Drama - 2017, 67 episodes",8.2,<class 'type'>
Journey to the West,#907,"Hong Kong Drama - 1996, 30 episodes",8.2,<class 'type'>
Abandoned,#908,"Japanese Drama - 2014, 9 episodes",8.2,<class 'type'>
One: High School Heroes,#909,"Korean Drama - 2025, 8 episodes",8.2,<class 'type'>
Watcher,#910,"Korean Drama - 2019, 16 episodes",8.2,<class 'type'>
The Warp Effect,#911,"Thai Drama - 2022, 12 episodes",8.2,<class 'type'>
The Smile Has Left Your Eyes,#912,"Korean Drama - 2018, 16 episodes",8.2,<class 'type'>
This Thriving Land,#913,"Chinese Drama - 2025, 36 episodes",8.2,<class 'type'>
My Girlfriend Is an Alien Season 2,#914,"Chinese Drama - 2022, 30 episodes",8.2,<class 'type'>
Road Home,#915,"Chinese Drama - 2023, 30 episodes",8.2,<class 'type'>
You Are My Secret,#916,"Chinese Drama - 2024, 32 episodes",8.2,<class 'type'>
Live Up to Your Name,#917,"Korean Drama - 2017, 16 episodes",8.2,<class 'type'>
Hana-Kimi,#918,"Japanese Drama - 2007, 12 episodes",8.2,<class 'type'>
A Little Reunion,#919,"Chinese Drama - 2019, 49 episodes",8.2,<class 'type'>
Gokusen,#920,"Japanese Drama - 2002, 12 episodes",8.2,<class 'type'>
Touch Your Heart,#921,"Korean Drama - 2019, 16 episodes",8.2,<class 'type'>
High&Low: The Story of S.W.O.R.D. Season 2,#922,"Japanese Drama - 2016, 10 episodes",8.2,<class 'type'>
The Princess Royal,#923,"Chinese Drama - 2024, 40 episodes",8.2,<class 'type'>
"My Love, Enlighten Me",#924,"Chinese Drama - 2020, 24 episodes",8.2,<class 'type'>
Memory,#925,"Korean Drama - 2016, 16 episodes",8.2,<class 'type'>
Song of the Bandits,#926,"Korean Drama - 2023, 9 episodes",8.2,<class 'type'>
Doctor Slump,#927,"Korean Drama - 2024, 16 episodes",8.2,<class 'type'>
Doctor X Season 2,#928,"Japanese Drama - 2013, 9 episodes",8.2,<class 'type'>
Heaven and Hell: Soul Exchange,#929,"Japanese Drama - 2021, 10 episodes",8.2,<class 'type'>
Brotherly Secret,#930,"Korean Special - 2022, 1 episodes",8.2,<class 'type'>
She Makes My Heart Flutter,#931,"Korean Drama - 2022, 5 episodes",8.2,<class 'type'>
The Penthouse Season 3: War in Life,#932,"Korean Drama - 2021, 14 episodes",8.2,<class 'type'>
19th Floor,#933,"Chinese Drama - 2024, 30 episodes",8.2,<class 'type'>
The On1y One,#934,"Taiwanese Drama - 2024, 12 episodes",8.2,<class 'type'>
The Demon Hunter's Romance,#935,"Chinese Drama - 2025, 36 episodes",8.2,<class 'type'>
The Happy Loner,#936,"Korean Special - 2017, 2 episodes",8.2,<class 'type'>
Hit the Spot,#937,"Korean Drama - 2022, 8 episodes",8.2,<class 'type'>
Nagi's Long Vacation,#938,"Japanese Drama - 2019, 10 episodes",8.2,<class 'type'>
Ode to Joy,#939,"Chinese Drama - 2016, 42 episodes",8.2,<class 'type'>
Nothing but You,#940,"Chinese Drama - 2023, 38 episodes",8.2,<class 'type'>
Dazzling,#941,"Chinese Drama - 2026, 30 episodes",8.2,<class 'type'>
Gyeongseong Creature Season 2,#942,"Korean Drama - 2024, 7 episodes",8.2,<class 'type'>
Filter,#943,"Chinese Drama - 2025, 32 episodes",8.2,<class 'type'>
Missing Noir M,#944,"Korean Drama - 2015, 10 episodes",8.2,<class 'type'>
"Every You, Every me (Director's Cut.)",#945,"Thai Drama - 2024, 8 episodes",8.2,<class 'type'>
My Forever Sunshine,#946,"Thai Drama - 2020, 19 episodes",8.2,<class 'type'>
Bad Prosecutor,#947,"Korean Drama - 2022, 12 episodes",8.2,<class 'type'>
Manner of Death,#948,"Thai Drama - 2020, 14 episodes",8.2,<class 'type'>
Strange Tales of Tang Dynasty 3: To Changan,#949,"Chinese Drama - 2025, 40 episodes",8.2,<class 'type'>
Ghost,#950,"Korean Drama - 2012, 20 episodes",8.2,<class 'type'>
Youthful Glory,#951,"Chinese Drama - 2025, 30 episodes",8.2,<class 'type'>
Queen for Seven Days,#952,"Korean Drama - 2017, 20 episodes",8.2,<class 'type'>
Delicious Romance,#953,"Chinese Drama - 2021, 20 episodes",8.2,<class 'type'>
Welcome 2 Life,#954,"Korean Drama - 2019, 32 episodes",8.2,<class 'type'>
My Unicorn Girl,#955,"Chinese Drama - 2020, 24 episodes",8.2,<class 'type'>
Last Twilight: Uncut Version,#956,"Thai Drama - 2023, 12 episodes",8.2,<class 'type'>
The Good Detective Season 2,#957,"Korean Drama - 2022, 16 episodes",8.2,<class 'type'>
The Memorandum of Kyoko Okitegami,#958,"Japanese Drama - 2015, 10 episodes",8.2,<class 'type'>
Queenmaker,#959,"Korean Drama - 2023, 11 episodes",8.2,<class 'type'>
Barakamon,#960,"Japanese Drama - 2023, 11 episodes",8.2,<class 'type'>
Jirisan,#961,"Korean Drama - 2021, 16 episodes",8.2,<class 'type'>
Nothing but Thirty,#962,"Chinese Drama - 2020, 43 episodes",8.2,<class 'type'>
Boys over Flowers,#963,"Japanese Drama - 2005, 9 episodes",8.2,<class 'type'>
The K2,#964,"Korean Drama - 2016, 16 episodes",8.2,<class 'type'>
Oh My Geum Bi,#965,"Korean Drama - 2016, 16 episodes",8.2,<class 'type'>
What Happens to My Family?,#966,"Korean Drama - 2014, 53 episodes",8.2,<class 'type'>
The Truth Within,#967,"Chinese Drama - 2025, 21 episodes",8.2,<class 'type'>
Angry Mom,#968,"Korean Drama - 2015, 16 episodes",8.2,<class 'type'>
To. Jenny,#969,"Korean Drama - 2018, 2 episodes",8.2,<class 'type'>
Roller Coaster,#970,"Thai Drama - 2025, 8 episodes",8.2,<class 'type'>
Black Forceps,#971,"Japanese Drama - 2018, 10 episodes",8.2,<class 'type'>
Are You Human?,#972,"Korean Drama - 2018, 36 episodes",8.2,<class 'type'>
Influence,#973,"Japanese Drama - 2021, 5 episodes",8.2,<class 'type'>
Dearest,#974,"Japanese Drama - 2021, 10 episodes",8.2,<class 'type'>
A Gentleman's Dignity,#975,"Korean Drama - 2012, 20 episodes",8.2,<class 'type'>
Reborn Rookie,#976,"Korean Drama - 2026, 12 episodes",8.2,<class 'type'>
"No Gain, No Love",#977,"Korean Drama - 2024, 12 episodes",8.2,<class 'type'>
If My Wife Becomes an Elementary School Student.,#978,"Japanese Drama - 2022, 10 episodes",8.2,<class 'type'>
Avataro Sentai Donbrothers,#979,"Japanese Drama - 2022, 50 episodes",8.2,<class 'type'>
My Romance Scammer,#980,"Thai Drama - 2026, 12 episodes",8.2,<class 'type'>
Alliance,#981,"Chinese Drama - 2023, 36 episodes",8.2,<class 'type'>
On a Starry Night,#982,"Japanese Drama - 2023, 9 episodes",8.2,<class 'type'>
Ossan's Love Returns,#983,"Japanese Drama - 2024, 9 episodes",8.2,<class 'type'>
A Date with the Future,#984,"Chinese Drama - 2023, 36 episodes",8.2,<class 'type'>
Dhevaprom: Dujupsorn,#985,"Thai Drama - 2024, 15 episodes",8.2,<class 'type'>
Pegasus Market,#986,"Korean Drama - 2019, 12 episodes",8.2,<class 'type'>
Kiss That Kills,#987,"Japanese Drama - 2018, 10 episodes",8.2,<class 'type'>
God's Quiz Season 3,#988,"Korean Drama - 2012, 12 episodes",8.2,<class 'type'>
Begin Again,#989,"Chinese Drama - 2020, 35 episodes",8.2,<class 'type'>
Moonlight Chicken,#990,"Thai Drama - 2023, 8 episodes",8.2,<class 'type'>
Mine,#991,"Korean Drama - 2021, 16 episodes",8.2,<class 'type'>
Regeneration,#992,"Chinese Drama - 2024, 10 episodes",8.2,<class 'type'>
Stepmom and Daughter Blues,#993,"Japanese Drama - 2018, 10 episodes",8.2,<class 'type'>
The King 2 Hearts,#994,"Korean Drama - 2012, 20 episodes",8.2,<class 'type'>
Qing Qing Zi Jin,#995,"Chinese Drama - 2020, 40 episodes",8.2,<class 'type'>
Lovers of the Red Sky,#996,"Korean Drama - 2021, 16 episodes",8.2,<class 'type'>
God's Quiz Season 2,#997,"Korean Drama - 2011, 12 episodes",8.2,<class 'type'>
Crazy Love,#998,"Korean Drama - 2022, 16 episodes",8.2,<class 'type'>
Love Playlist Season 4,#999,"Korean Drama - 2019, 16 episodes",8.2,<class 'type'>
Crash,#1000,"Korean Drama - 2024, 12 episodes",8.2,<class 'type'>
Remember: War of the Son,#1001,"Korean Drama - 2015, 20 episodes",8.2,<class 'type'>
Zomvivor,#1002,"Thai Drama - 2025, 7 episodes",8.2,<class 'type'>
Midnight Diner: Tokyo Stories,#1003,"Japanese Drama - 2016, 10 episodes",8.2,<class 'type'>
Rookie Historian Goo Hae Ryung,#1004,"Korean Drama - 2019, 40 episodes",8.2,<class 'type'>
A Korean Odyssey,#1005,"Korean Drama - 2017, 20 episodes",8.2,<class 'type'>
Thorough Investigation,#1006,"Korean Special - 2022, 1 episodes",8.2,<class 'type'>
Ossan no Pants ga Nandatte Ii Janai ka!,#1007,"Japanese Drama - 2024, 11 episodes",8.2,<class 'type'>
Salon De Nabi,#1008,"Korean Drama - 2022, 16 episodes",8.2,<class 'type'>
Misty,#1009,"Korean Drama - 2018, 16 episodes",8.2,<class 'type'>
Spare Me Your Mercy,#1010,"Thai Drama - 2024, 8 episodes",8.2,<class 'type'>
The Legend of Zhuohua,#1011,"Chinese Drama - 2023, 40 episodes",8.2,<class 'type'>
Maria Clara and Ibarra,#1012,"Filipino Drama - 2022, 105 episodes",8.2,<class 'type'>
Phantom Lawyer,#1013,"Korean Drama - 2026, 16 episodes",8.2,<class 'type'>
Love beyond the Grave: Extra,#1014,"Chinese Drama - 2026, 1 episodes",8.2,<class 'type'>
The King: Eternal Monarch,#1015,"Korean Drama - 2020, 16 episodes",8.2,<class 'type'>
The Legend of the Condor Heroes,#1016,"Hong Kong Drama - 1983, 59 episodes",8.2,<class 'type'>
The Eternal Love Season 2,#1017,"Chinese Drama - 2018, 30 episodes",8.2,<class 'type'>
School 2013,#1018,"Korean Drama - 2012, 16 episodes",8.2,<class 'type'>
Liar Game,#1019,"Korean Drama - 2014, 12 episodes",8.2,<class 'type'>
Harmony Secret,#1020,"Thai Drama - 2025, 8 episodes",8.2,<class 'type'>
"Wait, My Youth",#1021,"Chinese Drama - 2019, 24 episodes",8.2,<class 'type'>
Miss S,#1022,"Chinese Drama - 2020, 34 episodes",8.2,<class 'type'>
Who Are You: School 2015,#1023,"Korean Drama - 2015, 16 episodes",8.2,<class 'type'>
Be My Player Two,#1024,"Thai Drama - 2026, 10 episodes",8.0,<class 'type'>
Where Have My Skirts Gone?,#1025,"Japanese Drama - 2019, 10 episodes",8.2,<class 'type'>
Gen Z,#1026,"Chinese Drama - 2023, 40 episodes",8.2,<class 'type'>
The Way Home,#1027,"Chinese Drama - 2024, 16 episodes",8.2,<class 'type'>
Veil of Shadows,#1028,"Chinese Drama - 2026, 29 episodes",8.2,<class 'type'>
Page Turner,#1029,"Korean Special - 2016, 3 episodes",8.2,<class 'type'>
Find Me in Your Memory,#1030,"Korean Drama - 2020, 32 episodes",8.2,<class 'type'>
Agency,#1031,"Korean Drama - 2023, 16 episodes",8.2,<class 'type'>
The Knockout,#1032,"Chinese Drama - 2023, 39 episodes",8.2,<class 'type'>
May It Please the Court,#1033,"Korean Drama - 2022, 12 episodes",8.2,<class 'type'>
Jack & Joker: U Steal My Heart! Special Episode,#1034,"Thai Special - 2025, 1 episodes",8.2,<class 'type'>
You Are My Lover Friend,#1035,"Chinese Drama - 2024, 30 episodes",8.2,<class 'type'>
Jun Jiu Ling,#1036,"Chinese Drama - 2021, 40 episodes",8.2,<class 'type'>
The Hot Spot,#1037,"Japanese Drama - 2025, 10 episodes",8.2,<class 'type'>
My Uncanny Destiny,#1038,"Chinese Drama - 2023, 24 episodes",8.2,<class 'type'>
Summer Again,#1039,"Chinese Drama - 2021, 24 episodes",8.2,<class 'type'>
Fights Break Sphere,#1040,"Chinese Drama - 2018, 45 episodes",8.2,<class 'type'>
Secret Garden,#1041,"Korean Drama - 2010, 20 episodes",8.2,<class 'type'>
Teasing Master Takagi-san,#1042,"Japanese Drama - 2024, 8 episodes",8.2,<class 'type'>
Blue Birthday,#1043,"Korean Drama - 2021, 16 episodes",8.2,<class 'type'>
We Best Love: Fighting Mr. 2nd,#1044,"Taiwanese Drama - 2021, 6 episodes",8.2,<class 'type'>
Princess Pearl Season 2,#1045,"Chinese Drama - 1999, 48 episodes",8.2,<class 'type'>
Why I Dress up for Love,#1046,"Japanese Drama - 2021, 10 episodes",8.2,<class 'type'>
My Stand-In: Uncut,#1047,"Thai Drama - 2024, 12 episodes",8.2,<class 'type'>
Love Mechanics: Director's Cut,#1048,"Thai Drama - 2022, 3 episodes",8.2,<class 'type'>
Doctor X Season 4,#1049,"Japanese Drama - 2016, 11 episodes",8.2,<class 'type'>
Cat for Cash,#1050,"Thai Drama - 2026, 10 episodes",8.2,<class 'type'>
House Rules,#1051,"Chinese Special - 2019, 1 episodes",8.2,<class 'type'>
A Love So Beautiful Special,#1052,"Chinese Special - 2017, 1 episodes",8.2,<class 'type'>
Sungkyunkwan Scandal,#1053,"Korean Drama - 2010, 20 episodes",8.2,<class 'type'>
Antarctica,#1054,"Japanese Drama - 2011, 10 episodes",8.2,<class 'type'>
The Advisors Alliance,#1055,"Chinese Drama - 2017, 42 episodes",8.2,<class 'type'>
Fake Fact Lips,#1056,"Japanese Drama - 2026, 9 episodes",8.2,<class 'type'>
Miraculous Brothers,#1057,"Korean Drama - 2023, 16 episodes",8.2,<class 'type'>
Gank Your Heart,#1058,"Chinese Drama - 2019, 35 episodes",8.2,<class 'type'>
Destined with You,#1059,"Korean Drama - 2023, 16 episodes",8.2,<class 'type'>
We Are,#1060,"Thai Drama - 2024, 16 episodes",8.2,<class 'type'>
NADAO x OPPO,#1061,"Thai Special - 2021, 1 episodes",8.2,<class 'type'>
Bloody Heart,#1062,"Korean Drama - 2022, 16 episodes",8.2,<class 'type'>
Secret of Three Kingdoms,#1063,"Chinese Drama - 2018, 54 episodes",8.2,<class 'type'>
Intense Love,#1064,"Chinese Drama - 2020, 24 episodes",8.2,<class 'type'>
The Queen Who Crowns,#1065,"Korean Drama - 2025, 12 episodes",8.2,<class 'type'>
Under the Microscope,#1066,"Chinese Drama - 2023, 14 episodes",8.2,<class 'type'>
General's Lady,#1067,"Chinese Drama - 2020, 30 episodes",8.2,<class 'type'>
Miss Night and Day,#1068,"Korean Drama - 2024, 16 episodes",8.2,<class 'type'>
The Muse of Section E,#1069,"Filipino Drama - 2025, 16 episodes",8.2,<class 'type'>
Welcome to Waikiki Special,#1070,"Korean Drama - 2018, 2 episodes",8.2,<class 'type'>
My Heroic Husband,#1071,"Chinese Drama - 2021, 36 episodes",8.2,<class 'type'>
Black Knight,#1072,"Korean Drama - 2023, 6 episodes",8.2,<class 'type'>
Kill It,#1073,"Korean Drama - 2019, 12 episodes",8.2,<class 'type'>
Luoyang,#1074,"Chinese Drama - 2021, 39 episodes",8.2,<class 'type'>
Heavenly Sword and Dragon Slaying Sabre,#1075,"Chinese Drama - 2019, 50 episodes",8.2,<class 'type'>
Secret Relationships,#1076,"Korean Drama - 2025, 8 episodes",8.2,<class 'type'>
Something about 1 Percent,#1077,"Korean Drama - 2016, 16 episodes",8.2,<class 'type'>
Sweet Home Season 3,#1078,"Korean Drama - 2024, 8 episodes",8.2,<class 'type'>
Once We Get Married,#1079,"Chinese Drama - 2021, 24 episodes",8.2,<class 'type'>
Mars,#1080,"Taiwanese Drama - 2004, 13 episodes",8.2,<class 'type'>
Gannibal Season 2,#1081,"Japanese Drama - 2025, 8 episodes",8.2,<class 'type'>
The Next Prince: Uncut,#1082,"Thai Drama - 2025, 14 episodes",8.2,<class 'type'>
The Wind Blows from Longxi,#1083,"Chinese Drama - 2022, 24 episodes",8.2,<class 'type'>
Love in Pavilion,#1084,"Chinese Drama - 2025, 36 episodes",8.2,<class 'type'>
Line Walker,#1085,"Hong Kong Drama - 2014, 31 episodes",8.2,<class 'type'>
Doctor X,#1086,"Japanese Drama - 2012, 8 episodes",8.2,<class 'type'>
Chief of Staff Season 2,#1087,"Korean Drama - 2019, 10 episodes",8.2,<class 'type'>
The Way of the Househusband,#1088,"Japanese Drama - 2020, 10 episodes",8.2,<class 'type'>
The Brightest Star in the Sky,#1089,"Chinese Drama - 2019, 44 episodes",8.2,<class 'type'>
Petrichor: Uncut,#1090,"Thai Drama - 2024, 10 episodes",8.2,<class 'type'>
Hyena,#1091,"Korean Drama - 2020, 16 episodes",8.2,<class 'type'>
Why Women Love,#1092,"Chinese Drama - 2022, 24 episodes",8.2,<class 'type'>
"Love, Take Two",#1093,"Korean Drama - 2025, 12 episodes",8.2,<class 'type'>
Chihayafuru: Full Circle,#1094,"Japanese Drama - 2025, 10 episodes",8.2,<class 'type'>
Love in Time,#1095,"Chinese Drama - 2022, 24 episodes",8.2,<class 'type'>
Queen of Mystery,#1096,"Korean Drama - 2017, 16 episodes",8.2,<class 'type'>
Search,#1097,"Korean Drama - 2020, 10 episodes",8.2,<class 'type'>
Flight to You,#1098,"Chinese Drama - 2022, 39 episodes",8.2,<class 'type'>
Amachan,#1099,"Japanese Drama - 2013, 156 episodes",8.2,<class 'type'>
Midnight Diner: Tokyo Stories Season 2,#1100,"Japanese Drama - 2019, 10 episodes",8.2,<class 'type'>
Feud,#1101,"Chinese Drama - 2025, 32 episodes",8.1,<class 'type'>
My Lovely Liar,#1102,"Korean Drama - 2023, 16 episodes",8.2,<class 'type'>
A Beautiful Mind,#1103,"Korean Drama - 2016, 14 episodes",8.2,<class 'type'>
Tokusatsu Gagaga,#1104,"Japanese Drama - 2019, 7 episodes",8.2,<class 'type'>
Cold Case: Shinjitsu no Tobira Season 2,#1105,"Japanese Drama - 2018, 10 episodes",8.1,<class 'type'>
Pull Strings,#1106,"Chinese Drama - 2026, 30 episodes",8.2,<class 'type'>
Falling High School Girl and Irresponsible Teacher,#1107,"Japanese Drama - 2023, 9 episodes",8.1,<class 'type'>
Old Fashion Cupcake Epilogue: Apple Pie,#1108,"Japanese Special - 2022, 1 episodes",8.1,<class 'type'>
When the Weather Is Fine,#1109,"Korean Drama - 2020, 16 episodes",8.1,<class 'type'>
The Rebel,#1110,"Chinese Drama - 2021, 43 episodes",8.1,<class 'type'>
XX,#1111,"Korean Drama - 2020, 10 episodes",8.1,<class 'type'>
Giant,#1112,"Korean Drama - 2010, 60 episodes",8.1,<class 'type'>
Worst to First: A Teen Baseball Miracle,#1113,"Japanese Drama - 2023, 10 episodes",8.1,<class 'type'>
The Story of Pearl Girl,#1114,"Chinese Drama - 2024, 40 episodes",8.1,<class 'type'>
Thee and Thee,#1115,"Thai Drama - 2026, 6 episodes",8.1,<class 'type'>
Café Minamdang,#1116,"Korean Drama - 2022, 18 episodes",8.1,<class 'type'>
Woman,#1117,"Japanese Drama - 2013, 11 episodes",8.1,<class 'type'>
History of the Salaryman,#1118,"Korean Drama - 2012, 22 episodes",8.1,<class 'type'>
Associate Professor Akira Takatsuki's Inference,#1119,"Japanese Drama - 2021, 8 episodes",8.1,<class 'type'>
"Fanletter, Please",#1120,"Korean Drama - 2022, 4 episodes",8.1,<class 'type'>
Summer Rose,#1121,"Chinese Drama - 2025, 82 episodes",8.1,<class 'type'>
Alice in Borderland Season 3,#1122,"Japanese Drama - 2025, 6 episodes",8.1,<class 'type'>
You're All Surrounded,#1123,"Korean Drama - 2014, 20 episodes",8.1,<class 'type'>
When a Snail Falls in Love,#1124,"Chinese Drama - 2016, 21 episodes",8.1,<class 'type'>
Butterflied Lover,#1125,"Chinese Drama - 2023, 22 episodes",8.1,<class 'type'>
"My Bias, My Boss",#1126,"Korean Drama - 2026, 12 episodes",8.1,<class 'type'>
High Kick!,#1127,"Korean Drama - 2006, 167 episodes",8.1,<class 'type'>
Psych-Hunter,#1128,"Chinese Drama - 2020, 36 episodes",8.1,<class 'type'>
Moon River,#1129,"Korean Drama - 2025, 14 episodes",8.1,<class 'type'>
Quartet,#1130,"Japanese Drama - 2017, 10 episodes",8.1,<class 'type'>
Love beyond the Grave,#1131,"Chinese Drama - 2026, 40 episodes",8.1,<class 'type'>
Behind Your Touch,#1132,"Korean Drama - 2023, 16 episodes",8.1,<class 'type'>
The Sound of Magic,#1133,"Korean Drama - 2022, 6 episodes",8.1,<class 'type'>
Evilive,#1134,"Korean Drama - 2023, 10 episodes",8.1,<class 'type'>
The Rational Life,#1135,"Chinese Drama - 2021, 35 episodes",8.1,<class 'type'>
Time Between Dog and Wolf,#1136,"Korean Drama - 2007, 16 episodes",8.1,<class 'type'>
Midnight Museum,#1137,"Thai Drama - 2023, 10 episodes",8.1,<class 'type'>
Dear Sister,#1138,"Japanese Drama - 2014, 10 episodes",8.1,<class 'type'>
A Little Thing Called First Love,#1139,"Chinese Drama - 2019, 36 episodes",8.1,<class 'type'>
Diary of a Prosecutor,#1140,"Korean Drama - 2019, 16 episodes",8.1,<class 'type'>
The Secret Romantic Guesthouse,#1141,"Korean Drama - 2023, 18 episodes",8.1,<class 'type'>
Radiation House,#1142,"Japanese Drama - 2019, 11 episodes",8.1,<class 'type'>
Dear Hongrang,#1143,"Korean Drama - 2025, 11 episodes",8.1,<class 'type'>
Like Flowers in Sand,#1144,"Korean Drama - 2023, 12 episodes",8.1,<class 'type'>
Bitch X Rich Season 2,#1145,"Korean Drama - 2025, 10 episodes",8.1,<class 'type'>
Ripe Town,#1146,"Chinese Drama - 2023, 12 episodes",8.1,<class 'type'>
Copycat Killer,#1147,"Taiwanese Drama - 2023, 10 episodes",8.1,<class 'type'>
Another Miss Oh,#1148,"Korean Drama - 2016, 18 episodes",8.1,<class 'type'>
The Heart,#1149,"Chinese Drama - 2023, 38 episodes",8.1,<class 'type'>
Kiss Me,#1150,"Thai Drama - 2015, 20 episodes",8.1,<class 'type'>
Semantic Error,#1151,"Korean Drama - 2022, 8 episodes",8.1,<class 'type'>
Memory Lost Season 2,#1152,"Chinese Drama - 2016, 12 episodes",8.1,<class 'type'>
This Love Doesn't Have Long Beans,#1153,"Thai Drama - 2024, 8 episodes",8.1,<class 'type'>
Love for You,#1154,"Chinese Drama - 2026, 32 episodes",8.1,<class 'type'>
Code Blue Special,#1155,"Japanese Special - 2009, 1 episodes",8.1,<class 'type'>
Cinderella Closet,#1156,"Japanese Drama - 2025, 12 episodes",8.1,<class 'type'>
Black Dog,#1157,"Korean Drama - 2019, 16 episodes",8.1,<class 'type'>
As Beautiful as You,#1158,"Chinese Drama - 2024, 40 episodes",8.1,<class 'type'>
Faithful,#1159,"Chinese Drama - 2023, 25 episodes",8.1,<class 'type'>
Thank You,#1160,"Korean Drama - 2007, 16 episodes",8.1,<class 'type'>
Doubt,#1161,"Korean Drama - 2024, 10 episodes",8.1,<class 'type'>
Light to the Night,#1162,"Chinese Drama - 2026, 28 episodes",8.1,<class 'type'>
Tokyo Vice Season 2,#1163,"Japanese Drama - 2024, 10 episodes",8.1,<class 'type'>
Ode to Joy Season 2,#1164,"Chinese Drama - 2017, 55 episodes",8.1,<class 'type'>
Meet Me @ 1006,#1165,"Taiwanese Drama - 2018, 26 episodes",8.1,<class 'type'>
Be Yourself,#1166,"Chinese Drama - 2021, 24 episodes",8.1,<class 'type'>
The Art of Sarah,#1167,"Korean Drama - 2026, 8 episodes",8.1,<class 'type'>
Melody of Golden Age,#1168,"Chinese Drama - 2024, 40 episodes",8.1,<class 'type'>
Drama Special Season 7: The Legendary Lackey,#1169,"Korean Special - 2016, 1 episodes",8.1,<class 'type'>
Our Blooming Youth,#1170,"Korean Drama - 2023, 20 episodes",8.1,<class 'type'>
Duang With You Limited Version,#1171,"Thai Drama - 2026, 12 episodes",8.2,<class 'type'>
Legal High,#1172,"Japanese Drama - 2012, 11 episodes",8.1,<class 'type'>
It Started with a Kiss,#1173,"Taiwanese Drama - 2005, 20 episodes",8.1,<class 'type'>
Our Skyy 2: Bad Buddy x A Tale of Thousand Stars,#1174,"Thai Drama - 2023, 2 episodes",8.1,<class 'type'>
"My Boss, My Hero",#1175,"Japanese Drama - 2006, 10 episodes",8.1,<class 'type'>
Uncontrollably Fond,#1176,"Korean Drama - 2016, 20 episodes",8.1,<class 'type'>
The Dark Dice,#1177,"Thai Drama - 2025, 8 episodes",8.1,<class 'type'>
Solomon's Perjury,#1178,"Korean Drama - 2016, 12 episodes",8.1,<class 'type'>
Miman Keisatsu: Midnight Runner,#1179,"Japanese Drama - 2020, 10 episodes",8.1,<class 'type'>
Love Endures,#1180,"Chinese Drama - 2024, 32 episodes",8.1,<class 'type'>
Miss Crow with Mr. Lizard,#1181,"Chinese Drama - 2021, 36 episodes",8.1,<class 'type'>
To My Star Season 2: Our Untold Stories,#1182,"Korean Drama - 2022, 10 episodes",8.1,<class 'type'>
"Work Later, Drink Now Season 2",#1183,"Korean Drama - 2022, 12 episodes",8.1,<class 'type'>
Handsome Siblings,#1184,"Chinese Drama - 2020, 44 episodes",8.1,<class 'type'>
You Are My Destiny,#1185,"Korean Drama - 2014, 20 episodes",8.1,<class 'type'>
Game Sanaeha,#1186,"Thai Drama - 2018, 14 episodes",8.1,<class 'type'>
Shards of Her,#1187,"Taiwanese Drama - 2022, 9 episodes",8.1,<class 'type'>
Our Skyy 2: Vice Versa,#1188,"Thai Drama - 2023, 2 episodes",8.1,<class 'type'>
"Bring It On, Ghost",#1189,"Korean Drama - 2016, 16 episodes",8.1,<class 'type'>
My Dear Exes,#1190,"Japanese Drama - 2021, 10 episodes",8.1,<class 'type'>
Shark 2: The Storm,#1191,"Korean Drama - 2025, 6 episodes",8.1,<class 'type'>
Melo Movie,#1192,"Korean Drama - 2025, 10 episodes",8.1,<class 'type'>
The Queen's Classroom,#1193,"Japanese Drama - 2005, 11 episodes",8.1,<class 'type'>
Curious Business Proposal Story Y,#1194,"Korean Special - 2022, 1 episodes",8.1,<class 'type'>
Police in a Pod,#1195,"Japanese Drama - 2021, 9 episodes",8.1,<class 'type'>
Danger Zone: The Dark Night,#1196,"Taiwanese Drama - 2021, 12 episodes",8.1,<class 'type'>
4Minutes,#1197,"Thai Drama - 2024, 8 episodes",8.1,<class 'type'>
School 2017,#1198,"Korean Drama - 2017, 16 episodes",8.1,<class 'type'>
The Days,#1199,"Japanese Drama - 2023, 8 episodes",8.1,<class 'type'>
Deep Affection Eyes,#1200,"Chinese Drama - 2025, 26 episodes",8.1,<class 'type'>
Kazoku no Katachi,#1201,"Japanese Drama - 2016, 10 episodes",8.1,<class 'type'>
Drama Special Season 14: TV Cinema - Behind the Shadows,#1202,"Korean Special - 2023, 1 episodes",8.1,<class 'type'>
Sound of the Desert,#1203,"Chinese Drama - 2014, 35 episodes",8.1,<class 'type'>
Absolute Value of Romance,#1204,"Korean Drama - 2026, 16 episodes",8.1,<class 'type'>
Suparburoot Jorm Jon: Maturot Lohgan,#1205,"Thai Drama - 2019, 16 episodes",8.1,<class 'type'>
BORDER,#1206,"Japanese Drama - 2014, 9 episodes",8.1,<class 'type'>
"I'm Tee, Me Too",#1207,"Thai Drama - 2020, 8 episodes",8.1,<class 'type'>
Valentine's Day / Rokkaku,#1208,"Japanese Special - 2020, 1 episodes",8.1,<class 'type'>
The White Olive Tree,#1209,"Chinese Drama - 2025, 38 episodes",8.1,<class 'type'>
In a Class of Her Own,#1210,"Chinese Drama - 2020, 36 episodes",8.1,<class 'type'>
White Cat Legend,#1211,"Chinese Drama - 2024, 36 episodes",8.1,<class 'type'>
Somehow 18,#1212,"Korean Drama - 2017, 10 episodes",8.1,<class 'type'>
The Apartment Job,#1213,"Korean Drama - 2026, 12 episodes",8.1,<class 'type'>
Cold Case: Shinjitsu no Tobira Season 3,#1214,"Japanese Drama - 2020, 10 episodes",8.1,<class 'type'>
A River Runs Through It Special,#1215,"Chinese Special - 2021, 10 episodes",8.1,<class 'type'>
Sweet Tai Chi,#1216,"Chinese Drama - 2019, 24 episodes",8.1,<class 'type'>
A Restaurant with Many Problems,#1217,"Japanese Drama - 2015, 10 episodes",8.1,<class 'type'>
Please Be My Family,#1218,"Chinese Drama - 2023, 30 episodes",8.1,<class 'type'>
My Holo Love,#1219,"Korean Drama - 2020, 12 episodes",8.1,<class 'type'>
The Full-Time Wife Escapist,#1220,"Japanese Drama - 2016, 11 episodes",8.1,<class 'type'>
Ikebukuro West Gate Park,#1221,"Japanese Drama - 2000, 11 episodes",8.1,<class 'type'>
The Eternal Love,#1222,"Chinese Drama - 2017, 24 episodes",8.1,<class 'type'>
Romantics Anonymous,#1223,"Japanese Drama - 2025, 8 episodes",8.1,<class 'type'>
Blank Season 2,#1224,"Thai Drama - 2024, 6 episodes",8.1,<class 'type'>
Idol I,#1225,"Korean Drama - 2025, 12 episodes",8.1,<class 'type'>
Rainless Love in a Godless Land,#1226,"Taiwanese Drama - 2021, 13 episodes",8.1,<class 'type'>
Let Free the Curse of Taekwondo,#1227,"Korean Drama - 2024, 8 episodes",8.1,<class 'type'>
Inspector Koo,#1228,"Korean Drama - 2021, 12 episodes",8.1,<class 'type'>
Unmasked,#1229,"Korean Drama - 2025, 12 episodes",8.1,<class 'type'>
The Full-Time Wife Escapist: New Year's Special,#1230,"Japanese Drama - 2021, 1 episodes",8.1,<class 'type'>
The Crown Princess,#1231,"Thai Drama - 2018, 12 episodes",8.1,<class 'type'>
"The King's Daughter, Soo Baek Hyang",#1232,"Korean Drama - 2013, 108 episodes",8.1,<class 'type'>
Never Twice,#1233,"Korean Drama - 2019, 72 episodes",8.1,<class 'type'>
Cursed in Love,#1234,"Japanese Drama - 2020, 8 episodes",8.1,<class 'type'>
Kimi no Te ga Sasayaite Iru,#1235,"Japanese Special - 1997, 5 episodes",8.1,<class 'type'>
The Light in Your Eyes,#1236,"Korean Drama - 2019, 12 episodes",8.1,<class 'type'>
What Comes after Love,#1237,"Korean Drama - 2024, 6 episodes",8.1,<class 'type'>
Zombie Detective,#1238,"Korean Drama - 2020, 24 episodes",8.1,<class 'type'>
Until We Meet Again,#1239,"Thai Drama - 2019, 17 episodes",8.1,<class 'type'>
"Gogh, the Starry Night",#1240,"Korean Drama - 2016, 20 episodes",8.1,<class 'type'>
Kamen Rider Gavv,#1241,"Japanese Drama - 2024, 50 episodes",8.1,<class 'type'>
Mr. Brain,#1242,"Japanese Drama - 2009, 8 episodes",8.1,<class 'type'>
Vampire Prosecutor,#1243,"Korean Drama - 2011, 12 episodes",8.1,<class 'type'>
Squid Game Season 2,#1244,"Korean Drama - 2024, 7 episodes",8.1,<class 'type'>
Chimera,#1245,"Korean Drama - 2021, 16 episodes",8.1,<class 'type'>
The Phantom Thief Yamaneko,#1246,"Japanese Drama - 2016, 10 episodes",8.1,<class 'type'>
Life,#1247,"Japanese Drama - 2007, 11 episodes",8.1,<class 'type'>
What Did You Eat Yesterday? Season 2,#1248,"Japanese Drama - 2023, 12 episodes",8.1,<class 'type'>
Romance on the Farm,#1249,"Chinese Drama - 2023, 26 episodes",8.1,<class 'type'>
Karma,#1250,"Korean Drama - 2025, 6 episodes",8.1,<class 'type'>
Welcome to Waikiki Season 2,#1251,"Korean Drama - 2019, 16 episodes",8.1,<class 'type'>
Rooftop Prince,#1252,"Korean Drama - 2012, 20 episodes",8.1,<class 'type'>
He's Coming to Me,#1253,"Thai Drama - 2019, 8 episodes",8.1,<class 'type'>
Tokyo Vice,#1254,"Japanese Drama - 2022, 8 episodes",8.1,<class 'type'>
The Disguiser,#1255,"Chinese Drama - 2015, 48 episodes",8.1,<class 'type'>
Shopaholic Louis,#1256,"Korean Drama - 2016, 16 episodes",8.1,<class 'type'>
Surgeons,#1257,"Chinese Drama - 2017, 44 episodes",8.1,<class 'type'>
Joy of Life Special Edition,#1258,"Chinese Special - 2024, 25 episodes",8.1,<class 'type'>
Queen Mantis,#1259,"Korean Drama - 2025, 8 episodes",8.1,<class 'type'>
Dear X,#1260,"Korean Drama - 2025, 12 episodes",8.1,<class 'type'>
Always on the Move,#1261,"Chinese Drama - 2024, 39 episodes",8.1,<class 'type'>
Kamen Rider Den-O,#1262,"Japanese Drama - 2007, 49 episodes",8.1,<class 'type'>
The Heart of Genius,#1263,"Chinese Drama - 2022, 34 episodes",8.1,<class 'type'>
Warrior Baek Dong Soo,#1264,"Korean Drama - 2011, 29 episodes",8.1,<class 'type'>
A Piece of Your Mind,#1265,"Korean Drama - 2020, 12 episodes",8.1,<class 'type'>
The Killer Is Also Romantic,#1266,"Chinese Drama - 2022, 18 episodes",8.1,<class 'type'>
One the Woman,#1267,"Korean Drama - 2021, 16 episodes",8.1,<class 'type'>
The Aromantics,#1268,"Japanese Drama - 2022, 8 episodes",8.1,<class 'type'>
Soul Mate,#1269,"Japanese Drama - 2026, 8 episodes",8.1,<class 'type'>
"When It Rains, It Pours",#1270,"Japanese Drama - 2025, 7 episodes",8.1,<class 'type'>
TharnType Special: Our Final Love,#1271,"Thai Special - 2020, 1 episodes",8.1,<class 'type'>
Uncle,#1272,"Korean Drama - 2021, 16 episodes",8.1,<class 'type'>
Why Her?,#1273,"Korean Drama - 2022, 16 episodes",8.1,<class 'type'>
Rikuoh,#1274,"Japanese Drama - 2017, 10 episodes",8.1,<class 'type'>
Familiar Wife,#1275,"Korean Drama - 2018, 16 episodes",8.1,<class 'type'>
Public Affairs Office in the Sky,#1276,"Japanese Drama - 2013, 11 episodes",8.1,<class 'type'>
The Lady in Dignity,#1277,"Korean Drama - 2017, 20 episodes",8.1,<class 'type'>
Dragon Sakura Season 2,#1278,"Japanese Drama - 2021, 10 episodes",8.1,<class 'type'>
Falling for Innocence,#1279,"Korean Drama - 2015, 16 episodes",8.1,<class 'type'>
Escape,#1280,"Japanese Drama - 2025, 10 episodes",8.1,<class 'type'>
Listen to My Heart,#1281,"Korean Drama - 2011, 30 episodes",8.1,<class 'type'>
Definitely Not Today,#1282,"Chinese Drama - 2021, 8 episodes",8.1,<class 'type'>
Prince of Lan Ling,#1283,"Chinese Drama - 2013, 46 episodes",8.1,<class 'type'>
Whispers of Fate,#1284,"Chinese Drama - 2025, 40 episodes",8.1,<class 'type'>
The Victims' Game,#1285,"Taiwanese Drama - 2020, 8 episodes",8.1,<class 'type'>
The Legend of the Condor Heroes,#1286,"Chinese Drama - 2017, 52 episodes",8.1,<class 'type'>
Mada Mada Koi wa Tsuzuku yo Doko Made mo,#1287,"Japanese Drama - 2020, 10 episodes",8.1,<class 'type'>
17.3 About a Sex,#1288,"Japanese Drama - 2020, 9 episodes",8.1,<class 'type'>
Special Labor Inspector Mr. Jo,#1289,"Korean Drama - 2019, 32 episodes",8.1,<class 'type'>
The Blooms at Ruyi Pavilion,#1290,"Chinese Drama - 2020, 40 episodes",8.1,<class 'type'>
Moonlight Resonance,#1291,"Hong Kong Drama - 2008, 40 episodes",8.1,<class 'type'>
Doctor X Season 6,#1292,"Japanese Drama - 2019, 10 episodes",8.1,<class 'type'>
The Journey Across the Night,#1293,"Chinese Drama - 2020, 26 episodes",8.1,<class 'type'>
The Moon Brightens for You,#1294,"Chinese Drama - 2020, 36 episodes",8.1,<class 'type'>
Story of My Family!!!,#1295,"Japanese Drama - 2021, 10 episodes",8.1,<class 'type'>
My Huckleberry Friends,#1296,"Chinese Drama - 2017, 30 episodes",8.1,<class 'type'>
Into the Ring,#1297,"Korean Drama - 2020, 32 episodes",8.1,<class 'type'>
The Silent Sea,#1298,"Korean Drama - 2021, 8 episodes",8.1,<class 'type'>
Song of Youth,#1299,"Chinese Drama - 2021, 43 episodes",8.1,<class 'type'>
The Man of 0.5,#1300,"Japanese Drama - 2023, 5 episodes",8.1,<class 'type'>
The Legend of the Condor Heroes,#1301,"Chinese Drama - 2008, 50 episodes",8.1,<class 'type'>
I Told Sunset about You,#1302,"Thai Drama - 2020, 5 episodes",8.1,<class 'type'>
Typhoon Family,#1303,"Korean Drama - 2025, 16 episodes",8.1,<class 'type'>
Life in Smokey Blue,#1304,"Japanese Drama - 2026, 10 episodes",8.1,<class 'type'>
Punch,#1305,"Korean Drama - 2014, 19 episodes",8.1,<class 'type'>
The Journey of Flower,#1306,"Chinese Drama - 2015, 58 episodes",8.1,<class 'type'>
The Most Beautiful Goodbye,#1307,"Korean Drama - 2017, 4 episodes",8.1,<class 'type'>
Our Sister's Soulmate,#1308,"Japanese Drama - 2020, 9 episodes",8.1,<class 'type'>
Cool Doji Danshi,#1309,"Japanese Drama - 2023, 12 episodes",8.1,<class 'type'>
Cheer Up!,#1310,"Korean Drama - 2015, 12 episodes",8.1,<class 'type'>
Eternal Yesterday,#1311,"Japanese Drama - 2022, 8 episodes",8.1,<class 'type'>
Mischievous Kiss: Love in Tokyo Season 2,#1312,"Japanese Drama - 2014, 16 episodes",8.1,<class 'type'>
LoveSick 2024,#1313,"Thai Drama - 2024, 15 episodes",8.1,<class 'type'>
Filing for Love,#1314,"Korean Drama - 2026, 12 episodes",8.1,<class 'type'>
Love in Translation: Uncut,#1315,"Thai Drama - 2023, 8 episodes",8.1,<class 'type'>
Light on Me,#1316,"Korean Drama - 2021, 16 episodes",8.1,<class 'type'>
Because of Meeting You,#1317,"Chinese Drama - 2017, 56 episodes",8.1,<class 'type'>
Squad 38,#1318,"Korean Drama - 2016, 16 episodes",8.1,<class 'type'>
Love Your Enemy,#1319,"Korean Drama - 2024, 12 episodes",8.1,<class 'type'>
Let's Fight Ghost,#1320,"Thai Drama - 2021, 16 episodes",8.1,<class 'type'>
Girl from Nowhere Season 2,#1321,"Thai Drama - 2021, 8 episodes",8.1,<class 'type'>
Run On,#1322,"Korean Drama - 2020, 16 episodes",8.1,<class 'type'>
Rookie Agent Rouge,#1323,"Chinese Drama - 2016, 45 episodes",8.1,<class 'type'>
Make a Wish,#1324,"Chinese Drama - 2021, 24 episodes",8.1,<class 'type'>
The Wicked Game,#1325,"Thai Drama - 2025, 10 episodes",8.1,<class 'type'>
Door to Door,#1326,"Japanese Special - 2009, 1 episodes",8.1,<class 'type'>
Flower of Evil Special,#1327,"Korean Special - 2020, 1 episodes",8.1,<class 'type'>
"Rich Man, Poor Woman",#1328,"Japanese Drama - 2012, 11 episodes",8.1,<class 'type'>
Girls' Generation 1979,#1329,"Korean Drama - 2017, 8 episodes",8.1,<class 'type'>
Sunshine of My Life,#1330,"Chinese Drama - 2021, 45 episodes",8.1,<class 'type'>
Special Affairs Team TEN Season 2,#1331,"Korean Drama - 2013, 12 episodes",8.1,<class 'type'>
Natsuzora,#1332,"Japanese Drama - 2019, 156 episodes",8.1,<class 'type'>
Royal Nirvana,#1333,"Chinese Drama - 2019, 60 episodes",8.1,<class 'type'>
Mama,#1334,"Korean Drama - 2014, 24 episodes",8.1,<class 'type'>
On the Wings of Love,#1335,"Filipino Drama - 2015, 145 episodes",8.1,<class 'type'>
Kamen Rider Kuuga,#1336,"Japanese Drama - 2000, 49 episodes",8.1,<class 'type'>
Haechi,#1337,"Korean Drama - 2019, 48 episodes",8.1,<class 'type'>
Vivant,#1338,"Japanese Drama - 2023, 10 episodes",8.1,<class 'type'>
Tempest,#1339,"Korean Drama - 2025, 9 episodes",8.1,<class 'type'>
Start-Up,#1340,"Korean Drama - 2020, 16 episodes",8.1,<class 'type'>
Lucky's First Love,#1341,"Chinese Drama - 2019, 24 episodes",8.1,<class 'type'>
Connecting to You,#1342,"Taiwanese Drama - 2026, 12 episodes",8.1,<class 'type'>
Affair: Uncensored,#1343,"Thai Drama - 2024, 8 episodes",8.1,<class 'type'>
Flourish in Time,#1344,"Chinese Drama - 2021, 24 episodes",8.1,<class 'type'>
In Time with You,#1345,"Taiwanese Drama - 2011, 13 episodes",8.1,<class 'type'>
Island,#1346,"Korean Drama - 2022, 6 episodes",8.1,<class 'type'>
Pretty Proofreader,#1347,"Japanese Drama - 2016, 10 episodes",8.1,<class 'type'>
Nagatan and Aoto: Ichika's Cook Book,#1348,"Japanese Drama - 2023, 10 episodes",8.1,<class 'type'>
Riverside Code at Qingming Festival,#1349,"Chinese Drama - 2024, 26 episodes",8.1,<class 'type'>
Whale Store xoxo,#1350,"Thai Drama - 2025, 10 episodes",8.1,<class 'type'>
Ao Haru Ride,#1351,"Japanese Drama - 2023, 8 episodes",8.1,<class 'type'>
Yu Yu Hakusho,#1352,"Japanese Drama - 2023, 5 episodes",8.1,<class 'type'>
Chocolate,#1353,"Korean Drama - 2019, 16 episodes",8.1,<class 'type'>
Back to 1989,#1354,"Taiwanese Drama - 2016, 21 episodes",8.1,<class 'type'>
Reply 1994,#1355,"Korean Drama - 2013, 21 episodes",8.1,<class 'type'>
Serendipity's Embrace,#1356,"Korean Drama - 2024, 8 episodes",8.1,<class 'type'>
Encounter,#1357,"Korean Drama - 2018, 16 episodes",8.1,<class 'type'>
True to Love,#1358,"Korean Drama - 2023, 14 episodes",8.1,<class 'type'>
Nothing Gold Can Stay,#1359,"Chinese Drama - 2017, 74 episodes",8.1,<class 'type'>
SF8: Joan's Galaxy,#1360,"Korean Special - 2020, 1 episodes",8.1,<class 'type'>
Legend of Yun Xi,#1361,"Chinese Drama - 2018, 48 episodes",8.1,<class 'type'>
Punks Triangle,#1362,"Japanese Drama - 2025, 8 episodes",8.1,<class 'type'>
Shiawase Kanako no Koroshiya Seikatsu,#1363,"Japanese Drama - 2025, 6 episodes",8.1,<class 'type'>
Memory Lost,#1364,"Chinese Drama - 2016, 12 episodes",8.1,<class 'type'>
KBS Drama Special 2013: My Friend Is Still Alive,#1365,"Korean Drama - 2013, 1 episodes",8.1,<class 'type'>
Romance Is a Bonus Book,#1366,"Korean Drama - 2019, 16 episodes",8.1,<class 'type'>
Iryu Team Medical Dragon,#1367,"Japanese Drama - 2006, 11 episodes",8.1,<class 'type'>
Cherry Magic! Thirty Years of Virginity Can Make You a Wizard?!,#1368,"Japanese Drama - 2020, 12 episodes",8.1,<class 'type'>
The Mystic Nine,#1369,"Chinese Drama - 2016, 48 episodes",8.1,<class 'type'>
Enigma Black Stage,#1370,"Thai Drama - 2025, 5 episodes",8.1,<class 'type'>
Dark Night and Dawn,#1371,"Chinese Drama - 2024, 38 episodes",8.1,<class 'type'>
Contrast,#1372,"Japanese Drama - 2026, 8 episodes",8.1,<class 'type'>
Narco-Saints,#1373,"Korean Drama - 2022, 6 episodes",8.1,<class 'type'>
Doctor Cha,#1374,"Korean Drama - 2023, 16 episodes",8.1,<class 'type'>
Crisis: Special Security Squad,#1375,"Japanese Drama - 2017, 10 episodes",8.1,<class 'type'>
He Who Can't Marry,#1376,"Japanese Drama - 2006, 12 episodes",8.1,<class 'type'>
The Greatest Love,#1377,"Korean Drama - 2011, 16 episodes",8.1,<class 'type'>
A Girl Like Me,#1378,"Chinese Drama - 2021, 40 episodes",8.1,<class 'type'>
Denied Love Special Endless,#1379,"Thai Drama - 2026, 2 episodes",8.1,<class 'type'>
Warm on a Cold Night,#1380,"Chinese Drama - 2023, 36 episodes",8.1,<class 'type'>
Ressha Sentai ToQger,#1381,"Japanese Drama - 2014, 47 episodes",8.1,<class 'type'>
Idol: The Coup,#1382,"Korean Drama - 2021, 12 episodes",8.1,<class 'type'>
The Heart Killers,#1383,"Thai Drama - 2024, 12 episodes",8.1,<class 'type'>
Fermat's Cuisine,#1384,"Japanese Drama - 2023, 10 episodes",8.1,<class 'type'>
Love Revolution,#1385,"Korean Drama - 2020, 30 episodes",8.1,<class 'type'>
To Love,#1386,"Chinese Drama - 2020, 40 episodes",8.1,<class 'type'>
Kindaichi Shonen no Jikenbo N,#1387,"Japanese Drama - 2014, 9 episodes",8.1,<class 'type'>
Live On,#1388,"Korean Drama - 2020, 8 episodes",8.1,<class 'type'>
Maestra: Strings of Truth,#1389,"Korean Drama - 2023, 12 episodes",8.1,<class 'type'>
CEO's Arrange Bride,#1390,"Chinese Drama - 2025, 85 episodes",8.1,<class 'type'>
Journey with You,#1391,"Chinese Drama - 2026, 8 episodes",8.1,<class 'type'>
Code Blue,#1392,"Japanese Drama - 2008, 11 episodes",8.1,<class 'type'>
A Virtuous Business,#1393,"Korean Drama - 2024, 12 episodes",8.1,<class 'type'>
I Hear the Sunspot,#1394,"Japanese Drama - 2024, 12 episodes",8.1,<class 'type'>
Dance of the Sky Empire,#1395,"Chinese Drama - 2020, 28 episodes",8.1,<class 'type'>
Hu Tong: Chapter 1,#1396,"Chinese Special - 2022, 14 episodes",8.1,<class 'type'>
Don't Dare to Dream,#1397,"Korean Drama - 2016, 24 episodes",8.1,<class 'type'>
Love Destiny Uncut,#1398,"Thai Drama - 2018, 40 episodes",8.1,<class 'type'>
All-Boys High,#1399,"Korean Drama - 2019, 10 episodes",8.1,<class 'type'>
Loving Strangers,#1400,"Chinese Drama - 2026, 28 episodes",8.1,<class 'type'>
Walking on Thin Ice,#1401,"Korean Drama - 2025, 12 episodes",8.1,<class 'type'>
Mask,#1402,"Korean Drama - 2015, 20 episodes",8.1,<class 'type'>
The Ingenious One,#1403,"Chinese Drama - 2023, 36 episodes",8.1,<class 'type'>
The First Half of My Life,#1404,"Chinese Drama - 2017, 42 episodes",8.1,<class 'type'>
Drama Festa: Hello Dracula,#1405,"Korean Special - 2020, 2 episodes",8.1,<class 'type'>
Memory Lost Season 3,#1406,"Chinese Drama - 2016, 12 episodes",8.1,<class 'type'>
Realm's Night Rain Dreamlike,#1407,"Chinese Drama - 2025, 24 episodes",8.0,<class 'type'>
Island Part 2,#1408,"Korean Drama - 2023, 6 episodes",8.1,<class 'type'>
Begin Again: Special,#1409,"Chinese Special - 2020, 1 episodes",8.0,<class 'type'>
Suits,#1410,"Korean Drama - 2018, 16 episodes",8.1,<class 'type'>
Straight to Hell,#1411,"Japanese Drama - 2026, 9 episodes",8.1,<class 'type'>
"Your Summer, My Storm",#1412,"Japanese Drama - 2026, 10 episodes",7.8,<class 'type'>
Eagles and Youngster,#1413,"Chinese Drama - 2018, 40 episodes",8.1,<class 'type'>
Yummy Yummy Yummy,#1414,"Chinese Drama - 2025, 32 episodes",8.1,<class 'type'>
The Comments,#1415,"Thai Drama - 2021, 5 episodes",8.1,<class 'type'>
Wind Direction,#1416,"Chinese Drama - 2024, 30 episodes",8.1,<class 'type'>
Midnight Diner Season 3,#1417,"Japanese Drama - 2014, 10 episodes",8.1,<class 'type'>
BORDER: Shokuzai,#1418,"Japanese Special - 2017, 1 episodes",8.1,<class 'type'>
Korea-Khitan War,#1419,"Korean Drama - 2023, 32 episodes",8.1,<class 'type'>
Jitenshaya-san no Takahashi-kun,#1420,"Japanese Drama - 2022, 8 episodes",8.0,<class 'type'>
The Best of You in My Mind,#1421,"Chinese Drama - 2020, 24 episodes",8.0,<class 'type'>
Persona: Sulli,#1422,"Korean Drama - 2023, 2 episodes",8.1,<class 'type'>
Insect Detective,#1423,"Chinese Drama - 2020, 24 episodes",8.0,<class 'type'>
Stealth Walker,#1424,"Chinese Drama - 2021, 24 episodes",8.0,<class 'type'>
God's Quiz Season 4,#1425,"Korean Drama - 2014, 12 episodes",8.0,<class 'type'>
All Is Well,#1426,"Chinese Drama - 2019, 46 episodes",8.0,<class 'type'>
"Bread, Love and Dreams",#1427,"Korean Drama - 2010, 30 episodes",8.0,<class 'type'>
The Secret of Us,#1428,"Thai Drama - 2024, 8 episodes",8.0,<class 'type'>
The Dream Life of Mr. Kim,#1429,"Korean Drama - 2025, 12 episodes",8.0,<class 'type'>
Beside the Sky Special Episode,#1430,"Thai Drama - 2026, 1 episodes",8.1,<class 'type'>
The Rain in Espana,#1431,"Filipino Drama - 2023, 10 episodes",8.0,<class 'type'>
The Love Equations,#1432,"Chinese Drama - 2020, 27 episodes",8.0,<class 'type'>
"Caution, Hazardous Wife",#1433,"Japanese Drama - 2017, 10 episodes",8.0,<class 'type'>
The Hippocratic Crush,#1434,"Hong Kong Drama - 2012, 25 episodes",8.0,<class 'type'>
Hwarang,#1435,"Korean Drama - 2016, 20 episodes",8.0,<class 'type'>
The Killing Vote,#1436,"Korean Drama - 2023, 12 episodes",8.0,<class 'type'>
Between Us Special,#1437,"Thai Drama - 2021, 6 episodes",8.0,<class 'type'>
Money Flower,#1438,"Korean Drama - 2017, 24 episodes",8.0,<class 'type'>
Please Classmate,#1439,"Chinese Drama - 2021, 24 episodes",8.0,<class 'type'>
Legend of Fei,#1440,"Chinese Drama - 2020, 51 episodes",8.0,<class 'type'>
Love in the Air,#1441,"Thai Drama - 2022, 13 episodes",8.0,<class 'type'>
Love Mechanics,#1442,"Thai Drama - 2022, 10 episodes",8.0,<class 'type'>
High Kick Season 3,#1443,"Korean Drama - 2011, 123 episodes",8.0,<class 'type'>
"Marriage, Not Dating",#1444,"Korean Drama - 2014, 16 episodes",8.0,<class 'type'>
Black,#1445,"Korean Drama - 2017, 18 episodes",8.0,<class 'type'>
"Link: Eat, Love, Kill",#1446,"Korean Drama - 2022, 16 episodes",8.0,<class 'type'>
Sniper Butterfly,#1447,"Chinese Drama - 2025, 30 episodes",8.0,<class 'type'>
Legend of Mi Yue,#1448,"Chinese Drama - 2015, 81 episodes",8.0,<class 'type'>
Mama Gogo,#1449,"Thai Drama - 2022, 12 episodes",8.0,<class 'type'>
MuTeLuv,#1450,"Thai Drama - 2025, 28 episodes",8.0,<class 'type'>
Memory of Encaustic Tile,#1451,"Chinese Drama - 2022, 34 episodes",8.0,<class 'type'>
Not Others,#1452,"Korean Drama - 2023, 12 episodes",8.0,<class 'type'>
Ototo no Otto,#1453,"Japanese Drama - 2018, 3 episodes",8.0,<class 'type'>
Criminologist Himura and Mystery Writer Arisugawa,#1454,"Japanese Drama - 2016, 10 episodes",8.0,<class 'type'>
I've Fallen for You,#1455,"Chinese Drama - 2020, 24 episodes",8.0,<class 'type'>
Spooky in Love,#1456,"Korean Drama - 2026, 12 episodes",8.0,<class 'type'>
Kamen Rider Fourze,#1457,"Japanese Drama - 2011, 48 episodes",8.0,<class 'type'>
Rokuhodo Colorful Days,#1458,"Japanese Drama - 2022, 10 episodes",8.0,<class 'type'>
Beautiful Life,#1459,"Japanese Drama - 2000, 11 episodes",8.0,<class 'type'>
Brain Works,#1460,"Korean Drama - 2023, 16 episodes",8.0,<class 'type'>
Remarriage and Desires,#1461,"Korean Drama - 2022, 8 episodes",8.0,<class 'type'>
Witch's Court,#1462,"Korean Drama - 2017, 16 episodes",8.0,<class 'type'>
The Great Doctor,#1463,"Korean Drama - 2012, 24 episodes",8.0,<class 'type'>
Marvelous Women,#1464,"Chinese Drama - 2021, 35 episodes",8.0,<class 'type'>
See You Tomorrow,#1465,"Chinese Drama - 2022, 12 episodes",8.0,<class 'type'>
Meeting You,#1466,"Chinese Drama - 2020, 28 episodes",8.0,<class 'type'>
Catch the Ghost,#1467,"Korean Drama - 2019, 16 episodes",8.0,<class 'type'>
My Stubborn Special Episode,#1468,"Thai Drama - 2025, 2 episodes",8.0,<class 'type'>
Kagi no Kakatta Heya,#1469,"Japanese Drama - 2012, 11 episodes",8.0,<class 'type'>
My Girlfriend Is a Gumiho,#1470,"Korean Drama - 2010, 16 episodes",8.0,<class 'type'>
Boy Hood,#1471,"Chinese Drama - 2017, 39 episodes",8.0,<class 'type'>
Kiseki: Dear to Me,#1472,"Taiwanese Drama - 2023, 13 episodes",8.0,<class 'type'>
My Dearest Nemesis,#1473,"Korean Drama - 2025, 12 episodes",8.0,<class 'type'>
AI Girl,#1474,"Thai Drama - 2026, 7 episodes",8.0,<class 'type'>
Love Begins in the World of If,#1475,"Japanese Drama - 2025, 6 episodes",8.0,<class 'type'>
Dominion and Devotion,#1476,"Chinese Drama - 2025, 24 episodes",8.0,<class 'type'>
"Lee San, Wind of the Palace",#1477,"Korean Drama - 2007, 77 episodes",8.0,<class 'type'>
Gameboys,#1478,"Filipino Drama - 2020, 13 episodes",8.0,<class 'type'>
Flowers for Algernon,#1479,"Japanese Drama - 2015, 10 episodes",8.0,<class 'type'>
Good Bye My Princess: Special,#1480,"Chinese Special - 2019, 4 episodes",8.0,<class 'type'>
You Drive Me Crazy,#1481,"Korean Special - 2018, 4 episodes",8.0,<class 'type'>
Ishiko and Haneo: You're Suing Me?,#1482,"Japanese Drama - 2022, 10 episodes",8.0,<class 'type'>
Beach Boys,#1483,"Japanese Drama - 1997, 12 episodes",8.0,<class 'type'>
Mahoro Ekimae Bangaichi,#1484,"Japanese Drama - 2013, 12 episodes",8.0,<class 'type'>
Ojakgyo Brothers,#1485,"Korean Drama - 2011, 58 episodes",8.0,<class 'type'>
City of Romance,#1486,"Chinese Drama - 2025, 22 episodes",8.0,<class 'type'>
Minning Town,#1487,"Chinese Drama - 2021, 23 episodes",8.0,<class 'type'>
Scent of a Woman,#1488,"Korean Drama - 2011, 16 episodes",8.0,<class 'type'>
I Promised You the Moon,#1489,"Thai Drama - 2021, 5 episodes",8.0,<class 'type'>
Then You Try Making It!,#1490,"Japanese Drama - 2025, 10 episodes",8.0,<class 'type'>
Dear Karl,#1491,"Filipino Special - 2020, 1 episodes",8.0,<class 'type'>
Tiger and Dragon,#1492,"Japanese Drama - 2005, 11 episodes",8.0,<class 'type'>
Tientsin Mystic,#1493,"Chinese Drama - 2017, 24 episodes",8.0,<class 'type'>
Golden Kamuy: The Hunt of Prisoners in Hokkaido,#1494,"Japanese Drama - 2024, 9 episodes",8.0,<class 'type'>
Okaeri Mone,#1495,"Japanese Drama - 2021, 120 episodes",8.0,<class 'type'>
Secrets Happened on the Litchi Island,#1496,"Chinese Drama - 2025, 7 episodes",8.0,<class 'type'>
On the Verge of Insanity,#1497,"Korean Drama - 2021, 16 episodes",8.0,<class 'type'>
The Rational Life: The Proposal Battle,#1498,"Chinese Special - 2021, 3 episodes",8.0,<class 'type'>
Mr. Bad,#1499,"Chinese Drama - 2022, 24 episodes",8.0,<class 'type'>
Blossom through the Cloud,#1500,"Chinese Drama - 2026, 24 episodes",8.0,<class 'type'>
Legend of Lu Zhen,#1501,"Chinese Drama - 2013, 59 episodes",8.0,<class 'type'>
Oh! My Sweet Liar!,#1502,"Chinese Drama - 2020, 29 episodes",8.0,<class 'type'>
Never Let Me Go,#1503,"Thai Drama - 2022, 12 episodes",8.0,<class 'type'>
Fake It Till You Make It Special,#1504,"Chinese Special - 2023, 1 episodes",8.0,<class 'type'>
The Raincoat Killer: Chasing a Predator in Korea,#1505,"Korean Special - 2021, 3 episodes",8.0,<class 'type'>
The Long Season,#1506,"Chinese Drama - 2023, 12 episodes",8.0,<class 'type'>
Would You Like a Cup of Coffee?,#1507,"Korean Drama - 2021, 12 episodes",8.0,<class 'type'>
Do You Like Brahms?,#1508,"Korean Drama - 2020, 16 episodes",8.0,<class 'type'>
Mirai Sentai Timeranger,#1509,"Japanese Drama - 2000, 51 episodes",8.0,<class 'type'>
Ichiban Sukina Hana,#1510,"Japanese Drama - 2023, 11 episodes",8.0,<class 'type'>
The Sign: Uncut,#1511,"Thai Drama - 2023, 12 episodes",8.0,<class 'type'>
Kamen Rider Ex-Aid,#1512,"Japanese Drama - 2016, 45 episodes",8.0,<class 'type'>
Your Honor,#1513,"Korean Drama - 2018, 32 episodes",8.0,<class 'type'>
The Killer's Shopping List,#1514,"Korean Drama - 2022, 8 episodes",8.0,<class 'type'>
Stand by Me,#1515,"Chinese Drama - 2023, 30 episodes",8.0,<class 'type'>
Signal: Choki Mikaiketsu Jiken Sosahan,#1516,"Japanese Drama - 2018, 10 episodes",8.0,<class 'type'>
The Whirlwind,#1517,"Korean Drama - 2024, 12 episodes",8.0,<class 'type'>
Eien No Kinou: Complete Edition,#1518,"Japanese Drama - 2023, 8 episodes",8.0,<class 'type'>
Secret Royal Inspector,#1519,"Korean Drama - 2020, 16 episodes",8.0,<class 'type'>
Mischievous Kiss 2: Love in Okinawa,#1520,"Japanese Drama - 2014, 1 episodes",8.0,<class 'type'>
The Law Cafe,#1521,"Korean Drama - 2022, 16 episodes",8.0,<class 'type'>
Dating in the Kitchen,#1522,"Chinese Drama - 2020, 24 episodes",8.0,<class 'type'>
In House Marriage Honey,#1523,"Japanese Drama - 2020, 7 episodes",8.0,<class 'type'>
Love Playlist Season 2,#1524,"Korean Drama - 2017, 12 episodes",8.0,<class 'type'>
The Sign,#1525,"Thai Drama - 2023, 12 episodes",8.0,<class 'type'>
Growing Season,#1526,"Korean Drama - 2020, 12 episodes",8.0,<class 'type'>
Journey to the West,#1527,"Chinese Drama - 1986, 25 episodes",8.0,<class 'type'>
Khun Mae Suam Roy,#1528,"Thai Drama - 2018, 31 episodes",8.0,<class 'type'>
The Midnight Studio,#1529,"Korean Drama - 2024, 16 episodes",8.0,<class 'type'>
The Slave Hunters,#1530,"Korean Drama - 2010, 24 episodes",8.0,<class 'type'>
Love Shuffle,#1531,"Japanese Drama - 2009, 10 episodes",8.0,<class 'type'>
Padiwaradda,#1532,"Thai Drama - 2016, 14 episodes",8.0,<class 'type'>
The Package,#1533,"Korean Drama - 2017, 12 episodes",8.0,<class 'type'>
The Ideal City,#1534,"Chinese Drama - 2021, 40 episodes",8.0,<class 'type'>
In Blossom,#1535,"Chinese Drama - 2024, 32 episodes",8.0,<class 'type'>
Gameboys Level-Up Edition,#1536,"Filipino Drama - 2020, 13 episodes",8.0,<class 'type'>
Falling before Fireworks,#1537,"Chinese Drama - 2023, 23 episodes",8.0,<class 'type'>
Noble Aspirations,#1538,"Chinese Drama - 2016, 58 episodes",8.0,<class 'type'>
My Strange Hero,#1539,"Korean Drama - 2018, 32 episodes",8.0,<class 'type'>
Be My Player Two (Uncut Ver.),#1540,"Thai Drama - 2026, 10 episodes",7.9,<class 'type'>
Remember You,#1541,"Thai Drama - 2021, 16 episodes",8.0,<class 'type'>
Master of My Own,#1542,"Chinese Drama - 2022, 32 episodes",8.0,<class 'type'>
Les Belles,#1543,"Chinese Drama - 2025, 26 episodes",8.0,<class 'type'>
My Mr. Mermaid,#1544,"Chinese Drama - 2017, 36 episodes",8.0,<class 'type'>
Spring Fever,#1545,"Korean Drama - 2026, 12 episodes",8.0,<class 'type'>
Dream of Golden Years,#1546,"Chinese Drama - 2026, 36 episodes",8.0,<class 'type'>
Good Luck!!,#1547,"Japanese Drama - 2003, 10 episodes",8.0,<class 'type'>
Only for Love,#1548,"Chinese Drama - 2023, 36 episodes",8.0,<class 'type'>
Different Princess,#1549,"Chinese Drama - 2024, 36 episodes",8.0,<class 'type'>
Insider,#1550,"Korean Drama - 2022, 16 episodes",8.0,<class 'type'>
Stand by Me,#1551,"Chinese Drama - 2021, 49 episodes",8.0,<class 'type'>
Galileo,#1552,"Japanese Drama - 2007, 10 episodes",8.0,<class 'type'>
Gameboys: Out in the Open,#1553,"Filipino Special - 2021, 1 episodes",8.0,<class 'type'>
Ties of Shooting Stars,#1554,"Japanese Drama - 2008, 10 episodes",8.0,<class 'type'>
Operation: Special Warfare,#1555,"Chinese Drama - 2022, 35 episodes",8.0,<class 'type'>
Perfect World,#1556,"Japanese Drama - 2019, 10 episodes",8.0,<class 'type'>
Genius Girlfriend,#1557,"Chinese Drama - 2026, 28 episodes",8.0,<class 'type'>
Mr. Sunshine Special,#1558,"Korean Special - 2018, 1 episodes",8.0,<class 'type'>
A Dog and a Plane,#1559,"Thai Drama - 2026, 10 episodes",8.0,<class 'type'>
Bad Romeo,#1560,"Thai Drama - 2022, 17 episodes",8.0,<class 'type'>
Love Me,#1561,"Korean Drama - 2025, 12 episodes",8.0,<class 'type'>
To My Star,#1562,"Korean Drama - 2021, 9 episodes",8.0,<class 'type'>
Life: Love on the Line,#1563,"Japanese Drama - 2020, 4 episodes",8.0,<class 'type'>
My Lethal Man,#1564,"Chinese Drama - 2023, 24 episodes",8.0,<class 'type'>
The Quiz Show Season 2,#1565,"Japanese Drama - 2009, 10 episodes",8.0,<class 'type'>
Light the Night Season 2,#1566,"Taiwanese Drama - 2021, 8 episodes",8.0,<class 'type'>
Qingchuan's Veil of Vengeance,#1567,"Chinese Drama - 2025, 18 episodes",8.0,<class 'type'>
She Was Pretty,#1568,"Japanese Drama - 2021, 10 episodes",8.0,<class 'type'>
Heroes,#1569,"Chinese Drama - 2024, 36 episodes",8.0,<class 'type'>
She and Her Girls,#1570,"Chinese Drama - 2024, 23 episodes",8.0,<class 'type'>
Hit the Top,#1571,"Korean Drama - 2017, 32 episodes",8.0,<class 'type'>
Our Skyy 2: The Eclipse,#1572,"Thai Drama - 2023, 2 episodes",8.0,<class 'type'>
Shining in My Eyes,#1573,"Thai Special - 2021, 1 episodes",8.0,<class 'type'>
The Eternal Love Season 3,#1574,"Chinese Drama - 2021, 30 episodes",8.0,<class 'type'>
My Dangerous Wife,#1575,"Japanese Drama - 2016, 9 episodes",8.0,<class 'type'>
You're Beautiful,#1576,"Korean Drama - 2009, 16 episodes",8.0,<class 'type'>
HIStory2: Crossing the Line,#1577,"Taiwanese Special - 2018, 8 episodes",8.0,<class 'type'>
When the Phone Rings,#1578,"Korean Drama - 2024, 12 episodes",8.0,<class 'type'>
Dog Knows Everything,#1579,"Korean Drama - 2024, 12 episodes",8.0,<class 'type'>
The Boy Next World: Uncut,#1580,"Thai Drama - 2025, 10 episodes",8.0,<class 'type'>
Poisoned Love,#1581,"Chinese Drama - 2020, 24 episodes",8.0,<class 'type'>
Our Skyy 2: Bad Buddy,#1582,"Thai Special - 2023, 1 episodes",8.0,<class 'type'>
Reset Life,#1583,"Chinese Drama - 2019, 5 episodes",8.0,<class 'type'>
Hunter with a Scalpel,#1584,"Korean Drama - 2025, 16 episodes",8.0,<class 'type'>
The Journey to Killing You,#1585,"Japanese Drama - 2025, 6 episodes",8.0,<class 'type'>
Hard to Find,#1586,"Chinese Drama - 2024, 28 episodes",8.0,<class 'type'>
18 Again｜Serim High After School Activity,#1587,"Korean Special - 2020, 4 episodes",8.0,<class 'type'>
Sweet Home Season 2,#1588,"Korean Drama - 2023, 8 episodes",8.0,<class 'type'>
Love Stories from Fukuoka 13,#1589,"Japanese Special - 2018, 1 episodes",8.0,<class 'type'>
Cherry Magic,#1590,"Thai Drama - 2023, 12 episodes",8.0,<class 'type'>
The Witch's Diner,#1591,"Korean Drama - 2021, 8 episodes",8.0,<class 'type'>
All about My Siblings,#1592,"Japanese Drama - 2014, 11 episodes",8.0,<class 'type'>
Denied Love (Uncut Ver.),#1593,"Thai Drama - 2025, 10 episodes",8.0,<class 'type'>
Second 20's,#1594,"Korean Drama - 2015, 16 episodes",8.0,<class 'type'>
The Innocent Man,#1595,"Korean Drama - 2012, 20 episodes",8.0,<class 'type'>
A Gift to the People You Hate,#1596,"Thai Drama - 2019, 10 episodes",8.0,<class 'type'>
Buried Hearts,#1597,"Korean Drama - 2025, 16 episodes",8.0,<class 'type'>
Qing Luo,#1598,"Chinese Drama - 2021, 24 episodes",8.0,<class 'type'>
Forensic Heroes,#1599,"Hong Kong Drama - 2006, 25 episodes",8.0,<class 'type'>
Romance in the Alley,#1600,"Chinese Drama - 2024, 40 episodes",8.0,<class 'type'>
Brewing Love,#1601,"Korean Drama - 2024, 12 episodes",8.0,<class 'type'>
Begin Again,#1602,"Chinese Drama - 2024, 18 episodes",8.0,<class 'type'>
Royal Nirvana Special,#1603,"Chinese Drama - 2020, 12 episodes",8.0,<class 'type'>
The Promise of Growing Up Together,#1604,"Chinese Drama - 2024, 24 episodes",8.0,<class 'type'>
A Romance of the Little Forest,#1605,"Chinese Drama - 2022, 35 episodes",8.0,<class 'type'>
Kamen Rider Drive,#1606,"Japanese Drama - 2014, 48 episodes",8.0,<class 'type'>
Closer to You,#1607,"Chinese Drama - 2020, 24 episodes",8.0,<class 'type'>
Kamen Rider Ryuki,#1608,"Japanese Drama - 2002, 50 episodes",8.0,<class 'type'>
Boyfriend on Demand,#1609,"Korean Drama - 2026, 10 episodes",8.0,<class 'type'>
Hilarious Family,#1610,"Chinese Drama - 2023, 24 episodes",8.0,<class 'type'>
Shadow Detective Season 2,#1611,"Korean Drama - 2023, 8 episodes",8.0,<class 'type'>
My Only 12%,#1612,"Thai Drama - 2022, 14 episodes",8.0,<class 'type'>
Mare,#1613,"Japanese Drama - 2015, 156 episodes",8.0,<class 'type'>
You Are My Spring,#1614,"Korean Drama - 2021, 16 episodes",8.0,<class 'type'>
"Shi Ba Sui Tai Nai Nai Jia Dao, Chong Zheng Jia Zu Rong Yao",#1615,"Chinese Drama - 2025, 47 episodes",8.0,<class 'type'>
My Bias Is Showing?!,#1616,"Korean Drama - 2025, 10 episodes",8.0,<class 'type'>
Project S: SPIKE,#1617,"Thai Drama - 2017, 8 episodes",8.0,<class 'type'>
Pit Babe: Uncut,#1618,"Thai Drama - 2023, 13 episodes",8.0,<class 'type'>
Blacklist,#1619,"Thai Drama - 2019, 12 episodes",8.0,<class 'type'>
Yong An Dream,#1620,"Chinese Drama - 2024, 24 episodes",8.0,<class 'type'>
Doctor Lawyer,#1621,"Korean Drama - 2022, 16 episodes",8.0,<class 'type'>
The Company,#1622,"Chinese Drama - 2025, 30 episodes",8.0,<class 'type'>
Sherlock: The Untold Stories,#1623,"Japanese Drama - 2019, 11 episodes",8.0,<class 'type'>
Sword and Fairy 4,#1624,"Chinese Drama - 2024, 36 episodes",8.0,<class 'type'>
Blood Free,#1625,"Korean Drama - 2024, 10 episodes",8.0,<class 'type'>
Royal Rumours,#1626,"Chinese Drama - 2023, 24 episodes",8.0,<class 'type'>
Go Go Squid 2: Dt. Appledog's Time,#1627,"Chinese Drama - 2021, 38 episodes",8.0,<class 'type'>
Mistress,#1628,"Korean Drama - 2018, 12 episodes",8.0,<class 'type'>
Our Beloved Summer: The Documentary,#1629,"Korean Special - 2022, 1 episodes",8.0,<class 'type'>
Hero,#1630,"Japanese Drama - 2001, 11 episodes",8.0,<class 'type'>
Professional Single,#1631,"Chinese Drama - 2020, 24 episodes",8.0,<class 'type'>
"I'm Sorry, I Love You",#1632,"Korean Drama - 2004, 16 episodes",8.0,<class 'type'>
Date My Daughter!,#1633,"Japanese Drama - 2021, 10 episodes",8.0,<class 'type'>
No Boundary Season 2,#1634,"Chinese Drama - 2021, 20 episodes",8.0,<class 'type'>
The Good Wife,#1635,"Korean Drama - 2016, 16 episodes",8.0,<class 'type'>
Mousetrap,#1636,"Korean Drama - 2026, 10 episodes",8.0,<class 'type'>
Kill My Sins,#1637,"Chinese Drama - 2025, 30 episodes",8.0,<class 'type'>
Chef Fang,#1638,"Chinese Drama - 2017, 36 episodes",8.0,<class 'type'>
My Sassy Princess,#1639,"Chinese Drama - 2022, 22 episodes",8.0,<class 'type'>
4Minutes (Sultrier Version),#1640,"Thai Drama - 2024, 8 episodes",8.0,<class 'type'>
Save Me Season 2,#1641,"Korean Drama - 2019, 16 episodes",8.0,<class 'type'>
Dream High,#1642,"Korean Drama - 2011, 16 episodes",8.0,<class 'type'>
Your Divorce Is Served!,#1643,"Japanese Drama - 2025, 10 episodes",8.0,<class 'type'>
Likit Haeng Jan,#1644,"Thai Drama - 2019, 14 episodes",8.0,<class 'type'>
Something in the Rain,#1645,"Korean Drama - 2018, 16 episodes",8.0,<class 'type'>
Love Playlist Season 3,#1646,"Korean Drama - 2018, 12 episodes",8.0,<class 'type'>
Thus Spoke Kishibe Rohan,#1647,"Japanese Drama - 2020, 3 episodes",8.0,<class 'type'>
The Vigilantes in Masks,#1648,"Chinese Drama - 2011, 30 episodes",8.0,<class 'type'>
The Eighth Sense,#1649,"Korean Drama - 2023, 10 episodes",8.0,<class 'type'>
The Love Proposal,#1650,"Thai Drama - 2022, 15 episodes",8.0,<class 'type'>
Bossam: Steal the Fate,#1651,"Korean Drama - 2021, 20 episodes",8.0,<class 'type'>
The Secret Life of My Secretary,#1652,"Korean Drama - 2019, 32 episodes",8.0,<class 'type'>
The Lead,#1653,"Chinese Drama - 2026, 48 episodes",8.0,<class 'type'>
Fate Chooses You,#1654,"Chinese Drama - 2026, 40 episodes",8.0,<class 'type'>
Three Star Bar in Nishi Ogikubo,#1655,"Japanese Drama - 2021, 6 episodes",8.0,<class 'type'>
Love Better Than Immortality,#1656,"Chinese Drama - 2019, 40 episodes",8.0,<class 'type'>
Rattan,#1657,"Chinese Drama - 2021, 30 episodes",8.0,<class 'type'>
Marriage Contract,#1658,"Korean Drama - 2016, 16 episodes",8.0,<class 'type'>
Hiyokko,#1659,"Japanese Drama - 2017, 156 episodes",8.0,<class 'type'>
Before We Get Married,#1660,"Taiwanese Drama - 2019, 13 episodes",8.0,<class 'type'>
Forensic Heroes Season 2,#1661,"Hong Kong Drama - 2008, 30 episodes",8.0,<class 'type'>
After School Doctor Special,#1662,"Japanese Drama - 2025, 1 episodes",8.0,<class 'type'>
Be with You,#1663,"Chinese Drama - 2020, 24 episodes",8.0,<class 'type'>
Love Crossed,#1664,"Chinese Drama - 2021, 36 episodes",8.0,<class 'type'>
Miss Hammurabi,#1665,"Korean Drama - 2018, 16 episodes",8.0,<class 'type'>
Kyojo,#1666,"Japanese Special - 2020, 2 episodes",8.0,<class 'type'>
The Legend,#1667,"Korean Drama - 2007, 24 episodes",8.0,<class 'type'>
The Wolf,#1668,"Chinese Drama - 2020, 49 episodes",8.0,<class 'type'>
Being a Hero,#1669,"Chinese Drama - 2022, 32 episodes",8.0,<class 'type'>
Drama Special Season 13: Nineteen Otters,#1670,"Korean Special - 2022, 1 episodes",8.0,<class 'type'>
Overprotected Kahoko,#1671,"Japanese Drama - 2017, 10 episodes",8.0,<class 'type'>
Mysterious Love,#1672,"Chinese Drama - 2021, 16 episodes",8.0,<class 'type'>
Be My Dream Family,#1673,"Korean Drama - 2021, 120 episodes",8.0,<class 'type'>
The Art of Negotiation,#1674,"Korean Drama - 2025, 12 episodes",8.0,<class 'type'>
Light the Night,#1675,"Taiwanese Drama - 2021, 8 episodes",8.0,<class 'type'>
Draw the Line,#1676,"Chinese Drama - 2022, 40 episodes",8.0,<class 'type'>
Miracle That We Met,#1677,"Korean Drama - 2018, 18 episodes",8.0,<class 'type'>
Drama Special Season 7: The Red Teacher,#1678,"Korean Special - 2016, 1 episodes",8.0,<class 'type'>
Tomorrow with You,#1679,"Korean Drama - 2017, 16 episodes",8.0,<class 'type'>
Chief of Staff,#1680,"Korean Drama - 2019, 10 episodes",8.0,<class 'type'>
Thousands of Years of Love,#1681,"Chinese Drama - 2024, 22 episodes",8.0,<class 'type'>
A-Teen,#1682,"Korean Drama - 2018, 24 episodes",8.0,<class 'type'>
Wok of Love,#1683,"Korean Drama - 2018, 38 episodes",8.0,<class 'type'>
Born to Run,#1684,"Chinese Drama - 2024, 28 episodes",8.0,<class 'type'>
Tiger and Crane,#1685,"Chinese Drama - 2023, 36 episodes",8.0,<class 'type'>
What Did You Eat Yesterday?,#1686,"Japanese Drama - 2019, 12 episodes",8.0,<class 'type'>
Children of a Lesser God,#1687,"Korean Drama - 2018, 16 episodes",8.0,<class 'type'>
PTS Original: The Silent Forest,#1688,"Taiwanese Special - 2020, 1 episodes",8.0,<class 'type'>
Notes from the Last Row,#1689,"Korean Drama - 2026, 6 episodes",8.0,<class 'type'>
Kiss Sixth Sense,#1690,"Korean Drama - 2022, 12 episodes",8.0,<class 'type'>
A Girl & Three Sweethearts,#1691,"Japanese Drama - 2016, 10 episodes",8.0,<class 'type'>
Love Sea Special Episode,#1692,"Thai Drama - 2024, 1 episodes",8.0,<class 'type'>
Link Click,#1693,"Chinese Drama - 2024, 24 episodes",8.0,<class 'type'>
Hirayasumi,#1694,"Japanese Drama - 2025, 20 episodes",8.0,<class 'type'>
Since I Met U,#1695,"Chinese Drama - 2022, 16 episodes",8.0,<class 'type'>
KinnPorsche,#1696,"Thai Drama - 2022, 14 episodes",8.0,<class 'type'>
Tokuso Sentai Dekaranger,#1697,"Japanese Drama - 2004, 50 episodes",8.0,<class 'type'>
Hokuto,#1698,"Japanese Drama - 2017, 5 episodes",8.0,<class 'type'>
GTO: Remake,#1699,"Japanese Drama - 2012, 11 episodes",8.0,<class 'type'>
Sutekina Sen Taxi,#1700,"Japanese Drama - 2014, 10 episodes",8.0,<class 'type'>
The Victims' Game Season 2,#1701,"Taiwanese Drama - 2024, 8 episodes",8.0,<class 'type'>
Rising with the Wind,#1702,"Chinese Drama - 2023, 40 episodes",8.0,<class 'type'>
The Blooms at Ruyi Pavilion:  Spin-off,#1703,"Chinese Special - 2020, 4 episodes",8.0,<class 'type'>
Anohana: The Flower We Saw That Day,#1704,"Japanese Special - 2015, 1 episodes",8.0,<class 'type'>
Once upon a Time in Lingjian Mountain,#1705,"Chinese Drama - 2019, 37 episodes",8.0,<class 'type'>
"Poong, the Joseon Psychiatrist Season 2",#1706,"Korean Drama - 2023, 10 episodes",8.0,<class 'type'>
The Best Day of My Life,#1707,"Chinese Drama - 2024, 14 episodes",8.0,<class 'type'>
Only Friends,#1708,"Thai Drama - 2023, 12 episodes",8.0,<class 'type'>
The Autumn Ballad,#1709,"Chinese Drama - 2022, 34 episodes",8.0,<class 'type'>
The Ordinary Glory,#1710,"Chinese Drama - 2020, 41 episodes",8.0,<class 'type'>
Captivating the King,#1711,"Korean Drama - 2024, 16 episodes",8.0,<class 'type'>
Night of Love with You,#1712,"Chinese Drama - 2022, 24 episodes",8.0,<class 'type'>
She Was Pretty,#1713,"Korean Drama - 2015, 16 episodes",8.0,<class 'type'>
The Legendary Life of Queen Lau,#1714,"Chinese Drama - 2022, 36 episodes",8.0,<class 'type'>
Boss & Me,#1715,"Chinese Drama - 2014, 34 episodes",8.0,<class 'type'>
Lost Love in Times,#1716,"Chinese Drama - 2017, 56 episodes",8.0,<class 'type'>
"Poong, the Joseon Psychiatrist",#1717,"Korean Drama - 2022, 12 episodes",8.0,<class 'type'>
A Story to Read When You First Fall in Love,#1718,"Japanese Drama - 2019, 10 episodes",8.0,<class 'type'>
The Golden Spoon,#1719,"Korean Drama - 2022, 16 episodes",8.0,<class 'type'>
Life,#1720,"Korean Drama - 2018, 16 episodes",8.0,<class 'type'>
Kamen Rider Gaim,#1721,"Japanese Drama - 2013, 47 episodes",8.0,<class 'type'>
The Centimeter of Love,#1722,"Chinese Drama - 2020, 46 episodes",8.0,<class 'type'>
Miss Sherlock,#1723,"Japanese Drama - 2018, 8 episodes",8.0,<class 'type'>
Legal High SP,#1724,"Japanese Special - 2013, 1 episodes",8.0,<class 'type'>
Eternal Brotherhood,#1725,"Chinese Drama - 2024, 24 episodes",8.0,<class 'type'>
Wandee Goodday,#1726,"Thai Drama - 2024, 12 episodes",8.0,<class 'type'>
A Female Student Arrives at the Imperial College,#1727,"Chinese Drama - 2021, 30 episodes",8.0,<class 'type'>
The Family,#1728,"Japanese Drama - 2007, 10 episodes",8.0,<class 'type'>
Anna: Extended Version,#1729,"Korean Drama - 2022, 8 episodes",8.0,<class 'type'>
Saving My Stupid Youth,#1730,"Japanese Drama - 2014, 10 episodes",8.0,<class 'type'>
Princess Silver,#1731,"Chinese Drama - 2019, 58 episodes",8.0,<class 'type'>
ST Aka to Shiro no Sousa File,#1732,"Japanese Drama - 2014, 10 episodes",8.0,<class 'type'>
My Secret Vampire,#1733,"Korean Drama - 2025, 8 episodes",8.0,<class 'type'>
Your Turn to Kill,#1734,"Japanese Drama - 2019, 10 episodes",8.0,<class 'type'>
Why Is He Still Single?,#1735,"Chinese Drama - 2025, 16 episodes",8.0,<class 'type'>
Generation to Generation,#1736,"Chinese Drama - 2026, 37 episodes",8.0,<class 'type'>
All Rise,#1737,"Chinese Drama - 2025, 24 episodes",8.0,<class 'type'>
The Lie We Lived In,#1738,"Korean Drama - 2026, 8 episodes",8.0,<class 'type'>
Blueming,#1739,"Korean Drama - 2022, 11 episodes",8.0,<class 'type'>
Gokusen Season 2,#1740,"Japanese Drama - 2005, 10 episodes",8.0,<class 'type'>
Ho Gu's Love,#1741,"Korean Drama - 2015, 16 episodes",8.0,<class 'type'>
Please Feel at Ease Mr. Ling,#1742,"Chinese Drama - 2021, 24 episodes",8.0,<class 'type'>
Ace Troops,#1743,"Chinese Drama - 2021, 40 episodes",8.0,<class 'type'>
Desire Catcher,#1744,"Chinese Drama - 2023, 24 episodes",8.0,<class 'type'>
Leh Nangfah,#1745,"Thai Drama - 2014, 28 episodes",8.0,<class 'type'>
Shadow Detective,#1746,"Korean Drama - 2022, 8 episodes",8.0,<class 'type'>
Zhan Zhao Adventures,#1747,"Chinese Drama - 2026, 37 episodes",8.0,<class 'type'>
Unique Lady Season 3,#1748,"Chinese Drama - 2020, 27 episodes",8.0,<class 'type'>
The Yuzuki Family’s Four Sons,#1749,"Japanese Drama - 2024, 32 episodes",8.0,<class 'type'>
Rivalry,#1750,"Thai Drama - 2022, 20 episodes",8.0,<class 'type'>
Unlock My Boss,#1751,"Korean Drama - 2022, 12 episodes",8.0,<class 'type'>
Memories of the Alhambra,#1752,"Korean Drama - 2018, 16 episodes",8.0,<class 'type'>
Money Is Coming,#1753,"Chinese Drama - 2025, 27 episodes",8.0,<class 'type'>
"Rich Man, Poor Woman in New York",#1754,"Japanese Special - 2013, 1 episodes",8.0,<class 'type'>
Black & White,#1755,"Taiwanese Drama - 2009, 24 episodes",8.0,<class 'type'>
Age of Legends,#1756,"Chinese Drama - 2018, 47 episodes",8.0,<class 'type'>
Vice Versa,#1757,"Thai Drama - 2022, 12 episodes",8.0,<class 'type'>
Please Come into My Heart,#1758,"Chinese Drama - 2025, 62 episodes",8.0,<class 'type'>
HIStory3: Make Our Days Count,#1759,"Taiwanese Special - 2019, 20 episodes",8.0,<class 'type'>
Silent Tides,#1760,"Chinese Drama - 2025, 31 episodes",8.0,<class 'type'>
Good Old Days,#1761,"Thai Drama - 2022, 12 episodes",8.0,<class 'type'>
Use for my Talent: Special Episode,#1762,"Chinese Drama - 2021, 1 episodes",8.0,<class 'type'>
Junkyouju Takatsuki Akira no Suisatsu Season 2,#1763,"Japanese Drama - 2021, 8 episodes",8.0,<class 'type'>
It's Okay to Be Sensitive,#1764,"Korean Drama - 2018, 12 episodes",8.0,<class 'type'>
Return of the Condor Heroes,#1765,"Chinese Drama - 2006, 41 episodes",8.0,<class 'type'>
Broken of Love,#1766,"Thai Drama - 2026, 8 episodes",8.0,<class 'type'>
The Sleepless Princess,#1767,"Chinese Drama - 2020, 35 episodes",8.0,<class 'type'>
Don't Come Home,#1768,"Thai Drama - 2024, 6 episodes",8.0,<class 'type'>
The Long River,#1769,"Chinese Drama - 2022, 40 episodes",8.0,<class 'type'>
Shut Up: Flower Boy Band,#1770,"Korean Drama - 2012, 16 episodes",8.0,<class 'type'>
"Theory of Love: Special Episode ""Stand By Me""",#1771,"Thai Special - 2020, 1 episodes",8.0,<class 'type'>
In Hand,#1772,"Japanese Drama - 2019, 11 episodes",7.9,<class 'type'>
Dinner Mate,#1773,"Korean Drama - 2020, 32 episodes",8.0,<class 'type'>
First Romance,#1774,"Chinese Drama - 2020, 24 episodes",8.0,<class 'type'>
Xiao Fang,#1775,"Chinese Drama - 2026, 18 episodes",7.9,<class 'type'>
My Beautiful Man Season 2,#1776,"Japanese Drama - 2023, 4 episodes",7.9,<class 'type'>
The Embers,#1777,"Chinese Drama - 2025, 28 episodes",7.9,<class 'type'>
Dokgo Rewind,#1778,"Korean Drama - 2018, 20 episodes",7.9,<class 'type'>
Break Up Service,#1779,"Thai Drama - 2025, 12 episodes",7.9,<class 'type'>
Hanako to Anne,#1780,"Japanese Drama - 2014, 156 episodes",7.9,<class 'type'>
Tengu's Kitchen,#1781,"Japanese Drama - 2023, 10 episodes",7.9,<class 'type'>
Tender Light,#1782,"Chinese Drama - 2024, 28 episodes",7.9,<class 'type'>
"Dong Jae, the Good or the Bastard",#1783,"Korean Drama - 2024, 10 episodes",7.9,<class 'type'>
Rookies,#1784,"Japanese Drama - 2008, 11 episodes",7.9,<class 'type'>
Growing Pain,#1785,"Chinese Drama - 2019, 40 episodes",7.9,<class 'type'>
Put Your Head on My Shoulder,#1786,"Thai Drama - 2021, 20 episodes",7.9,<class 'type'>
The Wanted Detective,#1787,"Chinese Drama - 2025, 36 episodes",7.9,<class 'type'>
Be My Favorite,#1788,"Thai Drama - 2023, 12 episodes",7.9,<class 'type'>
Joseon Attorney: A Morality,#1789,"Korean Drama - 2023, 16 episodes",7.9,<class 'type'>
Brass Dreams,#1790,"Japanese Drama - 2016, 8 episodes",7.9,<class 'type'>
Strange Tales of Jiang Cheng,#1791,"Chinese Drama - 2024, 52 episodes",7.9,<class 'type'>
"Shi Ba Sui Tai Nai Nai Jia Dao, Chong Zheng Jia Zu Rong Yao Season 2",#1792,"Chinese Drama - 2025, 100 episodes",7.9,<class 'type'>
Rearrange,#1793,"Thai Drama - 2025, 10 episodes",7.9,<class 'type'>
A Moment but Forever,#1794,"Chinese Drama - 2025, 36 episodes",7.9,<class 'type'>
Love Song in Winter,#1795,"Chinese Drama - 2024, 36 episodes",7.9,<class 'type'>
High&Low: The Worst Episode.O,#1796,"Japanese Drama - 2019, 6 episodes",7.9,<class 'type'>
Hero Season 2,#1797,"Japanese Drama - 2014, 11 episodes",7.9,<class 'type'>
The Empress of China,#1798,"Chinese Drama - 2014, 96 episodes",7.9,<class 'type'>
The Land of Wind,#1799,"Korean Drama - 2008, 36 episodes",7.9,<class 'type'>
Million Yen Women,#1800,"Japanese Drama - 2017, 12 episodes",7.9,<class 'type'>
Tokyo Salad Bowl,#1801,"Japanese Drama - 2025, 9 episodes",7.9,<class 'type'>
I May Love You,#1802,"Chinese Drama - 2023, 24 episodes",7.9,<class 'type'>
Under the Miracle Cherry Tree,#1803,"Japanese Drama - 2020, 8 episodes",7.9,<class 'type'>
10 Things I Want to Do before I Turn 40,#1804,"Japanese Drama - 2025, 12 episodes",7.9,<class 'type'>
"Shi Ba Sui Tai Nai Nai Jia Dao, Chong Zheng Jia Zu Rong Yao Season 3",#1805,"Chinese Drama - 2025, 84 episodes",7.9,<class 'type'>
You Are So Sweet,#1806,"Chinese Drama - 2020, 24 episodes",7.9,<class 'type'>
Descendants of the Sun,#1807,"Filipino Drama - 2020, 65 episodes",7.9,<class 'type'>
Kimi to Nara Koi wo Shite Mite mo,#1808,"Japanese Drama - 2023, 5 episodes",7.9,<class 'type'>
Jimi ni Sugoi! DX Koetsu Garu Kono Etsuko,#1809,"Japanese Special - 2017, 1 episodes",7.9,<class 'type'>
Danger Zone Season 2: The Silver Lining,#1810,"Taiwanese Drama - 2021, 12 episodes",7.9,<class 'type'>
I Want to Be Brothers with You,#1811,"Chinese Drama - 2022, 30 episodes",7.9,<class 'type'>
Shizuka-chan to Papa,#1812,"Japanese Drama - 2022, 8 episodes",7.9,<class 'type'>
The Deliberations of Love,#1813,"Chinese Drama - 2023, 24 episodes",7.9,<class 'type'>
The Tower of Whispers,#1814,"Chinese Drama - 2025, 24 episodes",7.9,<class 'type'>
Sparrow,#1815,"Chinese Drama - 2016, 61 episodes",7.9,<class 'type'>
Ball Boy Tactics,#1816,"Korean Drama - 2025, 8 episodes",7.9,<class 'type'>
Never Give Up,#1817,"Korean Drama - 2022, 16 episodes",7.9,<class 'type'>
Penthouse: The Story of 540 Days,#1818,"Korean Special - 2021, 1 episodes",7.9,<class 'type'>
Unchained Love,#1819,"Chinese Drama - 2022, 36 episodes",7.9,<class 'type'>
Your Home Is My Business,#1820,"Japanese Drama - 2016, 10 episodes",7.9,<class 'type'>
Fortune Writer,#1821,"Chinese Drama - 2024, 24 episodes",7.9,<class 'type'>
18 Again｜A Make-up Class in Serim High,#1822,"Korean Drama - 2020, 2 episodes",7.9,<class 'type'>
Knock Out,#1823,"Thai Drama - 2025, 12 episodes",7.9,<class 'type'>
Buzzer Beat,#1824,"Japanese Drama - 2009, 11 episodes",7.9,<class 'type'>
TharnType Season 2 Special: The Wedding Day,#1825,"Thai Special - 2021, 1 episodes",7.9,<class 'type'>
The Universe’s Star,#1826,"Korean Drama - 2017, 21 episodes",7.9,<class 'type'>
About Youth,#1827,"Taiwanese Drama - 2022, 8 episodes",7.9,<class 'type'>
Nueng Dao Fah Diew,#1828,"Thai Drama - 2018, 17 episodes",7.9,<class 'type'>
Runaway - Aisuru Kimi no Tame ni,#1829,"Japanese Drama - 2011, 9 episodes",7.9,<class 'type'>
Dominator of Martial Gods,#1830,"Chinese Drama - 2023, 30 episodes",7.9,<class 'type'>
Thong EK: The Herbal Master,#1831,"Thai Drama - 2019, 14 episodes",7.9,<class 'type'>
Falling High School Girl and Irresponsible Teacher Lesson 2,#1832,"Japanese Drama - 2024, 6 episodes",7.9,<class 'type'>
The Big Boss Season 2,#1833,"Chinese Drama - 2017, 18 episodes",7.9,<class 'type'>
Our Times,#1834,"Chinese Drama - 2021, 36 episodes",7.9,<class 'type'>
Missing You,#1835,"Korean Drama - 2012, 21 episodes",7.9,<class 'type'>
1 Litre no Namida Special,#1836,"Japanese Special - 2007, 1 episodes",7.9,<class 'type'>
With You,#1837,"Chinese Drama - 2020, 20 episodes",7.9,<class 'type'>
Shadow Beauty,#1838,"Korean Drama - 2021, 13 episodes",7.9,<class 'type'>
The Jungle,#1839,"Thai Drama - 2023, 16 episodes",7.9,<class 'type'>
Byakuyako,#1840,"Japanese Drama - 2006, 11 episodes",7.9,<class 'type'>
Everyone Loves Me,#1841,"Chinese Drama - 2024, 24 episodes",7.9,<class 'type'>
Double Love,#1842,"Chinese Drama - 2022, 24 episodes",7.9,<class 'type'>
"Good Life - Arigatou, Papa. Sayonara",#1843,"Japanese Drama - 2011, 11 episodes",7.9,<class 'type'>
Don't Call It Mystery Special,#1844,"Japanese Drama - 2023, 1 episodes",7.9,<class 'type'>
Mr. Mikami's Classroom,#1845,"Japanese Drama - 2025, 10 episodes",7.9,<class 'type'>
My Dear Guardian,#1846,"Chinese Drama - 2021, 40 episodes",7.9,<class 'type'>
She Would Never Know,#1847,"Korean Drama - 2021, 16 episodes",7.9,<class 'type'>
Gokusen Special,#1848,"Japanese Drama - 2003, 1 episodes",7.9,<class 'type'>
Death Note,#1849,"Japanese Drama - 2015, 11 episodes",7.9,<class 'type'>
Let's Meet Now,#1850,"Chinese Drama - 2022, 20 episodes",7.9,<class 'type'>
My Love Eun Dong: The Beginning,#1851,"Korean Special - 2015, 5 episodes",7.9,<class 'type'>
MuTeLuv: Diva Deva Mata,#1852,"Thai Drama - 2025, 4 episodes",7.9,<class 'type'>
The Last Empress,#1853,"Korean Drama - 2018, 52 episodes",7.9,<class 'type'>
Dhevaprom: Kwanruetai,#1854,"Thai Drama - 2024, 14 episodes",7.9,<class 'type'>
Heart Surgeons,#1855,"Korean Drama - 2018, 32 episodes",7.9,<class 'type'>
Eyes on You,#1856,"Korean Drama - 2026, 51 episodes",7.9,<class 'type'>
Doctor X 1: Gekai Daimon Michiko Special,#1857,"Japanese Special - 2016, 1 episodes",7.9,<class 'type'>
Avalanche,#1858,"Japanese Drama - 2021, 10 episodes",7.9,<class 'type'>
Hero Is Back,#1859,"Chinese Drama - 2024, 24 episodes",7.9,<class 'type'>
Threads of Destiny,#1860,"Chinese Drama - 2025, 26 episodes",7.9,<class 'type'>
Bromance,#1861,"Taiwanese Drama - 2015, 18 episodes",7.9,<class 'type'>
Tumbling,#1862,"Japanese Drama - 2010, 11 episodes",7.9,<class 'type'>
Kisarazu Cat's Eye,#1863,"Japanese Drama - 2002, 9 episodes",7.9,<class 'type'>
Dalah: Death and the Flowers,#1864,"Thai Drama - 2025, 6 episodes",7.9,<class 'type'>
Missing Crown Prince,#1865,"Korean Drama - 2024, 20 episodes",7.9,<class 'type'>
Just an Encore,#1866,"Chinese Drama - 2019, 31 episodes",7.9,<class 'type'>
Moment at Eighteen,#1867,"Korean Drama - 2019, 16 episodes",7.9,<class 'type'>
Old Fashion Cupcake,#1868,"Japanese Drama - 2022, 5 episodes",7.9,<class 'type'>
Our Skyy: Arthit-Kongpob,#1869,"Thai Special - 2018, 1 episodes",7.9,<class 'type'>
Dreaming Back to the Qing Dynasty,#1870,"Chinese Drama - 2019, 40 episodes",7.9,<class 'type'>
Extremely Inappropriate!,#1871,"Japanese Drama - 2024, 10 episodes",7.9,<class 'type'>
What Did You Eat Yesterday? SP,#1872,"Japanese Drama - 2020, 1 episodes",7.9,<class 'type'>
Make My Heart Smile,#1873,"Chinese Drama - 2021, 24 episodes",7.9,<class 'type'>
Feel What You Feel,#1874,"Hong Kong Drama - 2026, 8 episodes",7.9,<class 'type'>
Argon,#1875,"Korean Drama - 2017, 8 episodes",7.9,<class 'type'>
The Emperor: Owner of the Mask,#1876,"Korean Drama - 2017, 40 episodes",7.9,<class 'type'>
Dear.M,#1877,"Korean Drama - 2022, 12 episodes",7.9,<class 'type'>
Heavenly Ever After,#1878,"Korean Drama - 2025, 12 episodes",7.9,<class 'type'>
Everlasting Longing,#1879,"Chinese Drama - 2025, 30 episodes",7.9,<class 'type'>
Across the Ocean to See You,#1880,"Chinese Drama - 2017, 44 episodes",7.9,<class 'type'>
55:15 Never Too Late,#1881,"Thai Drama - 2021, 16 episodes",7.9,<class 'type'>
Kissing the Ring Finger,#1882,"Japanese Drama - 2023, 10 episodes",7.9,<class 'type'>
Namib,#1883,"Korean Drama - 2024, 12 episodes",7.9,<class 'type'>
VIP,#1884,"Korean Drama - 2019, 32 episodes",7.9,<class 'type'>
"Hello, Me!",#1885,"Korean Drama - 2021, 16 episodes",7.9,<class 'type'>
Your Turn to Kill: Counterattack,#1886,"Japanese Drama - 2019, 10 episodes",7.9,<class 'type'>
The Great Shaman Ga Doo Shim,#1887,"Korean Drama - 2021, 12 episodes",7.9,<class 'type'>
Lovely Writer,#1888,"Thai Drama - 2021, 12 episodes",7.9,<class 'type'>
You Are My Secret Special,#1889,"Chinese Special - 2024, 1 episodes",7.9,<class 'type'>
Ban Shu Lao Gong,#1890,"Chinese Drama - 2025, 71 episodes",7.9,<class 'type'>
The Black Swindler,#1891,"Japanese Drama - 2022, 10 episodes",7.9,<class 'type'>
GO into Your Heart,#1892,"Chinese Drama - 2021, 41 episodes",7.9,<class 'type'>
I Don't Love You Yet,#1893,"Japanese Drama - 2019, 16 episodes",7.9,<class 'type'>
Chinese Paladin Season 3,#1894,"Chinese Drama - 2009, 37 episodes",7.9,<class 'type'>
"Smile, You",#1895,"Korean Drama - 2009, 45 episodes",7.9,<class 'type'>
Running Like a Shooting Star,#1896,"Chinese Drama - 2024, 24 episodes",7.9,<class 'type'>
General and I,#1897,"Chinese Drama - 2017, 62 episodes",7.9,<class 'type'>
The Sign Special Episode Encore,#1898,"Thai Special - 2024, 1 episodes",7.9,<class 'type'>
Kyo no Hi wa Sayonara,#1899,"Japanese Drama - 2013, 1 episodes",7.9,<class 'type'>
Undercover,#1900,"Korean Drama - 2021, 16 episodes",7.9,<class 'type'>
Someone Like You,#1901,"Taiwanese Drama - 2015, 20 episodes",7.9,<class 'type'>
Occupied Heart,#1902,"Thai Drama - 2018, 16 episodes",7.9,<class 'type'>
Stairway to Heaven,#1903,"Korean Drama - 2003, 20 episodes",7.9,<class 'type'>
City of Streamer,#1904,"Chinese Drama - 2022, 40 episodes",7.9,<class 'type'>
Where the Lost Ones Go,#1905,"Chinese Drama - 2017, 24 episodes",7.9,<class 'type'>
Animals,#1906,"Japanese Drama - 2022, 8 episodes",7.9,<class 'type'>
Kaitou Sentai Lupinranger VS Keisatsu Sentai Patranger,#1907,"Japanese Drama - 2018, 51 episodes",7.9,<class 'type'>
Drama Special Season 12: A Moment of Romance,#1908,"Korean Special - 2021, 1 episodes",7.9,<class 'type'>
Imitation,#1909,"Korean Drama - 2021, 12 episodes",7.9,<class 'type'>
"Seo Yeong, My Daughter",#1910,"Korean Drama - 2012, 50 episodes",7.9,<class 'type'>
The Destiny of White Snake,#1911,"Chinese Drama - 2018, 61 episodes",7.9,<class 'type'>
Thirteen Years of Dust,#1912,"Chinese Drama - 2023, 24 episodes",7.9,<class 'type'>
Hyper Knife,#1913,"Korean Drama - 2025, 8 episodes",7.9,<class 'type'>
Find Yourself,#1914,"Chinese Drama - 2020, 41 episodes",7.9,<class 'type'>
Unnatural Fire,#1915,"Chinese Drama - 2025, 38 episodes",7.9,<class 'type'>
Your Sky of Us,#1916,"Thai Special - 2025, 3 episodes",7.9,<class 'type'>
Follow Your Heart,#1917,"Chinese Drama - 2024, 40 episodes",7.9,<class 'type'>
My Tooth Your Love,#1918,"Taiwanese Drama - 2022, 12 episodes",7.9,<class 'type'>
U-Prince: Hippy,#1919,"Thai Drama - 2017, 4 episodes",7.9,<class 'type'>
Interminable,#1920,"Thai Drama - 2025, 12 episodes",7.9,<class 'type'>
"That Winter, the Wind Blows",#1921,"Korean Drama - 2013, 16 episodes",7.9,<class 'type'>
Royal Upstart,#1922,"Chinese Special - 2025, 26 episodes",7.9,<class 'type'>
Our Generation,#1923,"Chinese Drama - 2025, 24 episodes",7.9,<class 'type'>
Last Friends,#1924,"Japanese Drama - 2008, 11 episodes",7.9,<class 'type'>
New Generation: Because I Have a Home,#1925,"Chinese Special - 2021, 8 episodes",7.9,<class 'type'>
Overprotected Kahoko -2018 Love & Dream-,#1926,"Japanese Special - 2018, 1 episodes",7.9,<class 'type'>
Gangnam B-Side,#1927,"Korean Drama - 2024, 8 episodes",7.9,<class 'type'>
Iris,#1928,"Korean Drama - 2009, 20 episodes",7.9,<class 'type'>
My Lovely Sam Soon,#1929,"Korean Drama - 2005, 16 episodes",7.9,<class 'type'>
Come Back Alive,#1930,"Korean Drama - 2016, 16 episodes",7.9,<class 'type'>
A Business Proposal,#1931,"Hong Kong Drama - 2023, 15 episodes",7.9,<class 'type'>
When the Devil Calls Your Name,#1932,"Korean Drama - 2019, 16 episodes",7.9,<class 'type'>
Strawberry Night,#1933,"Japanese Drama - 2012, 11 episodes",7.9,<class 'type'>
Kindaichi Shonen no Jikenbo: Gokumon Juku Satsujin Jiken,#1934,"Japanese Drama - 2014, 1 episodes",7.9,<class 'type'>
Ayaka Is in Love with Hiroko!,#1935,"Japanese Drama - 2024, 8 episodes",7.9,<class 'type'>
Thicha,#1936,"Thai Drama - 2024, 8 episodes",7.9,<class 'type'>
Lesson in Love,#1937,"Taiwanese Drama - 2022, 12 episodes",7.9,<class 'type'>
Be Yourself,#1938,"Chinese Drama - 2025, 24 episodes",7.9,<class 'type'>
Ichikei’s Crow: The Criminal Court Judges,#1939,"Japanese Drama - 2021, 11 episodes",7.9,<class 'type'>
Only Friends: Dream On,#1940,"Thai Drama - 2026, 12 episodes",7.9,<class 'type'>
Keiji Yugami,#1941,"Japanese Drama - 2017, 10 episodes",7.9,<class 'type'>
RYOMADEN,#1942,"Japanese Drama - 2010, 48 episodes",7.9,<class 'type'>
Queen of Mystery Season 2,#1943,"Korean Drama - 2018, 16 episodes",7.9,<class 'type'>
Fight Song,#1944,"Japanese Drama - 2022, 10 episodes",7.9,<class 'type'>
Kill Me Love Me,#1945,"Chinese Drama - 2024, 32 episodes",7.9,<class 'type'>
My Man Is Cupid,#1946,"Korean Drama - 2023, 16 episodes",7.9,<class 'type'>
Kagi no Kakatta Heya SP,#1947,"Japanese Special - 2014, 1 episodes",7.9,<class 'type'>
Waru: Hataraku no ga Kakko Warui Nante Dare ga Itta?,#1948,"Japanese Drama - 2022, 10 episodes",7.9,<class 'type'>
Koizora,#1949,"Japanese Drama - 2008, 6 episodes",7.9,<class 'type'>
Burning Flames,#1950,"Chinese Drama - 2024, 40 episodes",7.9,<class 'type'>
Pit Babe Season 2: Uncut,#1951,"Thai Drama - 2025, 13 episodes",7.9,<class 'type'>
A-Teen Season 2,#1952,"Korean Drama - 2019, 20 episodes",7.9,<class 'type'>
Dream High Special Concert,#1953,"Korean Special - 2011, 1 episodes",7.9,<class 'type'>
Meet Me after School,#1954,"Japanese Drama - 2018, 11 episodes",7.9,<class 'type'>
Flash Marriage,#1955,"Thai Drama - 2022, 17 episodes",7.9,<class 'type'>
Knock Out Special Episode,#1956,"Thai Special - 2025, 1 episodes",7.9,<class 'type'>
Love Playlist,#1957,"Korean Drama - 2017, 8 episodes",7.9,<class 'type'>
Iryu Team Medical Dragon 2,#1958,"Japanese Drama - 2007, 11 episodes",7.9,<class 'type'>
Depth of Field,#1959,"Japanese Drama - 2025, 6 episodes",7.9,<class 'type'>
Heroes,#1960,"Chinese Drama - 2022, 38 episodes",7.9,<class 'type'>
Noble Aspirations Season 2,#1961,"Chinese Drama - 2016, 18 episodes",7.9,<class 'type'>
Dine with Love,#1962,"Chinese Drama - 2022, 16 episodes",7.9,<class 'type'>
Charging Gel,#1963,"Thai Drama - 2025, 8 episodes",7.9,<class 'type'>
The Believers,#1964,"Thai Drama - 2024, 9 episodes",7.9,<class 'type'>
Wind Up,#1965,"Korean Drama - 2026, 50 episodes",7.9,<class 'type'>
Drops of God,#1966,"Japanese Drama - 2023, 8 episodes",7.9,<class 'type'>
Love Unexpected Special,#1967,"Chinese Special - 2021, 2 episodes",7.9,<class 'type'>
Fake Princess,#1968,"Chinese Drama - 2020, 27 episodes",7.9,<class 'type'>
I Will Be Your Bloom,#1969,"Japanese Drama - 2022, 10 episodes",7.9,<class 'type'>
The Romance of Hua Rong,#1970,"Chinese Drama - 2019, 24 episodes",7.9,<class 'type'>
Fall in Love,#1971,"Chinese Drama - 2019, 30 episodes",7.9,<class 'type'>
TRICK Season 3,#1972,"Japanese Drama - 2003, 10 episodes",7.9,<class 'type'>
Ultraman Mebius,#1973,"Japanese Drama - 2006, 50 episodes",7.9,<class 'type'>
HIStory2,#1974,"Taiwanese Drama - 2018, 16 episodes",7.9,<class 'type'>
Mashin Sentai Kiramager,#1975,"Japanese Drama - 2020, 45 episodes",7.9,<class 'type'>
Osozaki no Himawari,#1976,"Japanese Drama - 2012, 10 episodes",7.9,<class 'type'>
Never Say Goodbye,#1977,"Chinese Drama - 2021, 47 episodes",7.9,<class 'type'>
"Growling Tiger, Roaring Dragon",#1978,"Chinese Drama - 2017, 44 episodes",7.9,<class 'type'>
Hana Yori Dango Special Final,#1979,"Japanese Special - 2008, 1 episodes",7.9,<class 'type'>
Spring Turns to Spring,#1980,"Korean Drama - 2019, 32 episodes",7.9,<class 'type'>
"Genie, Make a Wish",#1981,"Korean Drama - 2025, 13 episodes",7.9,<class 'type'>
Cambrian Period,#1982,"Chinese Drama - 2017, 24 episodes",7.9,<class 'type'>
SOTUS,#1983,"Thai Drama - 2016, 15 episodes",7.9,<class 'type'>
Police University,#1984,"Korean Drama - 2021, 16 episodes",7.9,<class 'type'>
Monster Next Door,#1985,"Thai Drama - 2024, 12 episodes",7.9,<class 'type'>
Dream Garden,#1986,"Chinese Drama - 2021, 16 episodes",7.9,<class 'type'>
Go East,#1987,"Chinese Drama - 2024, 37 episodes",7.9,<class 'type'>
My Long Awaited Love Story,#1988,"Japanese Special - 2016, 1 episodes",7.9,<class 'type'>
Our Dining Table Spin Off,#1989,"Japanese Special - 2023, 1 episodes",7.9,<class 'type'>
The Count of Monte-Cristo: Great Revenge,#1990,"Japanese Drama - 2018, 9 episodes",7.9,<class 'type'>
Ra Raerng Fai,#1991,"Thai Drama - 2017, 14 episodes",7.9,<class 'type'>
Symphony's Romance,#1992,"Chinese Drama - 2020, 40 episodes",7.9,<class 'type'>
Chicago Typewriter Special 1,#1993,"Korean Special - 2017, 1 episodes",7.9,<class 'type'>
Marahuyo Project,#1994,"Filipino Drama - 2024, 8 episodes",7.9,<class 'type'>
So I Married the Anti-Fan,#1995,"Korean Drama - 2021, 16 episodes",7.9,<class 'type'>
School 2021,#1996,"Korean Drama - 2021, 16 episodes",7.9,<class 'type'>
The Heir,#1997,"Chinese Drama - 2026, 42 episodes",7.9,<class 'type'>
The Chang'an Youth,#1998,"Chinese Drama - 2020, 24 episodes",7.9,<class 'type'>
Brave Yoshihiko and Great Satan's Castle,#1999,"Japanese Drama - 2011, 12 episodes",7.9,<class 'type'>
My Treasure,#2000,"Chinese Drama - 2021, 35 episodes",7.9,<class 'type'>
Meteor Garden,#2001,"Chinese Drama - 2018, 50 episodes",7.9,<class 'type'>
Gokusen Special 3,#2002,"Japanese Drama - 2009, 1 episodes",7.9,<class 'type'>
The Boy Next Door,#2003,"Korean Drama - 2017, 15 episodes",7.9,<class 'type'>
Queen's Classroom,#2004,"Korean Drama - 2013, 16 episodes",7.9,<class 'type'>
My Bratty Princess,#2005,"Chinese Drama - 2005, 33 episodes",7.9,<class 'type'>
"Hak Lai, My Lady",#2006,"Thai Drama - 2023, 17 episodes",7.9,<class 'type'>
Yuuki,#2007,"Japanese Special - 2006, 1 episodes",7.9,<class 'type'>
Less Than Evil,#2008,"Korean Drama - 2018, 32 episodes",7.9,<class 'type'>
The Lies Within,#2009,"Korean Drama - 2019, 16 episodes",7.9,<class 'type'>
Parole Examiner Lee,#2010,"Korean Drama - 2024, 12 episodes",7.9,<class 'type'>
Tale of Arang,#2011,"Korean Drama - 2012, 20 episodes",7.9,<class 'type'>
Kindaichi Shonen no Jikenbo 5,#2012,"Japanese Drama - 2022, 10 episodes",7.9,<class 'type'>
Ski into Love,#2013,"Chinese Drama - 2025, 23 episodes",7.9,<class 'type'>
My Safe Zone,#2014,"Thai Drama - 2025, 8 episodes",7.9,<class 'type'>
Octogenarian and the 90s,#2015,"Chinese Drama - 2021, 43 episodes",7.9,<class 'type'>
The Love by Hypnotic,#2016,"Chinese Drama - 2019, 36 episodes",7.9,<class 'type'>
Antihero,#2017,"Japanese Drama - 2024, 10 episodes",7.9,<class 'type'>
"Attention, Love!",#2018,"Taiwanese Drama - 2017, 15 episodes",7.9,<class 'type'>
Drama Special Season 8: If We Were A Season,#2019,"Korean Special - 2017, 1 episodes",7.9,<class 'type'>
Pied Piper,#2020,"Korean Drama - 2016, 16 episodes",7.9,<class 'type'>
Doctor Stranger,#2021,"Korean Drama - 2014, 20 episodes",7.9,<class 'type'>
Wu Xin: The Monster Killer,#2022,"Chinese Drama - 2015, 20 episodes",7.9,<class 'type'>
My Husband Got a Family,#2023,"Korean Drama - 2012, 58 episodes",7.9,<class 'type'>
The Return of the Condor Heroes,#2024,"Hong Kong Drama - 1983, 50 episodes",7.9,<class 'type'>
Witch's Romance,#2025,"Korean Drama - 2014, 16 episodes",7.9,<class 'type'>
Doctors,#2026,"Korean Drama - 2016, 20 episodes",7.9,<class 'type'>
Law and the City,#2027,"Korean Drama - 2025, 12 episodes",7.9,<class 'type'>
BOSS,#2028,"Japanese Drama - 2009, 11 episodes",7.9,<class 'type'>
Kakegurui Season 2,#2029,"Japanese Drama - 2019, 5 episodes",7.9,<class 'type'>
Dakara Watashi wa Oshimashita,#2030,"Japanese Drama - 2019, 8 episodes",7.9,<class 'type'>
Good Job,#2031,"Korean Drama - 2022, 12 episodes",7.9,<class 'type'>
Family's Honor,#2032,"Korean Drama - 2008, 54 episodes",7.9,<class 'type'>
The Trunk,#2033,"Korean Drama - 2024, 8 episodes",7.9,<class 'type'>
Unsung Cinderella: Byoin Yakuzaishi no Shohosen,#2034,"Japanese Drama - 2020, 11 episodes",7.9,<class 'type'>
"I Am Mita, Your Housekeeper.",#2035,"Japanese Drama - 2011, 11 episodes",7.9,<class 'type'>
The Legend of Dugu,#2036,"Chinese Drama - 2018, 55 episodes",7.9,<class 'type'>
Judge Dee's Mystery,#2037,"Chinese Drama - 2024, 32 episodes",7.9,<class 'type'>
Lovestruck in the City,#2038,"Korean Drama - 2020, 17 episodes",7.9,<class 'type'>
Delightfully Deceitful,#2039,"Korean Drama - 2023, 16 episodes",7.9,<class 'type'>
The Wind Blows,#2040,"Korean Drama - 2019, 16 episodes",7.9,<class 'type'>
Twenty-Twenty,#2041,"Korean Drama - 2020, 20 episodes",7.9,<class 'type'>
Sleepless Society: Insomnia,#2042,"Thai Drama - 2019, 13 episodes",7.9,<class 'type'>
An Oriental Odyssey,#2043,"Chinese Drama - 2018, 50 episodes",7.9,<class 'type'>
Match Play: Re-edited Version,#2044,"Korean Drama - 2025, 6 episodes",7.9,<class 'type'>
House of Ninjas,#2045,"Japanese Drama - 2024, 8 episodes",7.9,<class 'type'>
SPEC: Life,#2046,"Japanese Special - 2012, 1 episodes",7.9,<class 'type'>
46 Days,#2047,"Thai Drama - 2021, 18 episodes",7.9,<class 'type'>
Dare You to Death,#2048,"Thai Drama - 2025, 10 episodes",7.9,<class 'type'>
Distorted,#2049,"Korean Drama - 2017, 32 episodes",7.9,<class 'type'>
Once upon a Small Town,#2050,"Korean Drama - 2022, 12 episodes",7.9,<class 'type'>
Imperfect Us,#2051,"Taiwanese Drama - 2024, 8 episodes",7.9,<class 'type'>
Day and Night,#2052,"Chinese Drama - 2017, 32 episodes",7.9,<class 'type'>
Last,#2053,"Korean Drama - 2015, 16 episodes",7.9,<class 'type'>
Light the Night Season 3,#2054,"Taiwanese Drama - 2022, 8 episodes",7.9,<class 'type'>
Switch of Fate,#2055,"Thai Drama - 2021, 16 episodes",7.9,<class 'type'>
Sapai Import,#2056,"Thai Drama - 2020, 17 episodes",7.9,<class 'type'>
Double,#2057,"Japanese Drama - 2022, 10 episodes",7.9,<class 'type'>
Please Don’t Spoil Me,#2058,"Chinese Drama - 2022, 24 episodes",7.9,<class 'type'>
Imperfect Victim,#2059,"Chinese Drama - 2023, 29 episodes",7.9,<class 'type'>
Love Affairs in the Afternoon,#2060,"Korean Drama - 2019, 16 episodes",7.9,<class 'type'>
He’s into Her,#2061,"Filipino Drama - 2021, 10 episodes",7.9,<class 'type'>
Gibo to Musume no Blues 2020-nen Kinga Shinnen Special,#2062,"Japanese Special - 2020, 1 episodes",7.9,<class 'type'>
Muhan Company,#2063,"Korean Special - 2016, 2 episodes",7.9,<class 'type'>
Let's Eat,#2064,"Korean Drama - 2013, 16 episodes",7.9,<class 'type'>
With You,#2065,"Chinese Drama - 2016, 24 episodes",7.9,<class 'type'>
Happy of the End,#2066,"Japanese Drama - 2024, 8 episodes",7.9,<class 'type'>
Reverse with Me,#2067,"Thai Drama - 2025, 8 episodes",7.9,<class 'type'>
No Boundary,#2068,"Chinese Drama - 2021, 32 episodes",7.9,<class 'type'>
The Dark Romance,#2069,"Chinese Drama - 2026, 22 episodes",7.9,<class 'type'>
anone,#2070,"Japanese Drama - 2018, 10 episodes",7.9,<class 'type'>
Dr. Coto's Clinic,#2071,"Japanese Drama - 2003, 11 episodes",7.9,<class 'type'>
Love Sea,#2072,"Thai Drama - 2024, 10 episodes",7.9,<class 'type'>
Thundercloud Rainstorm,#2073,"Korean Drama - 2025, 8 episodes",7.9,<class 'type'>
Mrs. Cop,#2074,"Korean Drama - 2015, 18 episodes",7.9,<class 'type'>
Youkai Sharehouse,#2075,"Japanese Drama - 2020, 8 episodes",7.9,<class 'type'>
Youth,#2076,"Chinese Drama - 2018, 26 episodes",7.9,<class 'type'>
Doctor X Season 7,#2077,"Japanese Drama - 2021, 10 episodes",7.9,<class 'type'>
The Ex-Morning,#2078,"Thai Drama - 2025, 10 episodes",7.9,<class 'type'>
99.9 Criminal Lawyer SP,#2079,"Japanese Drama - 2021, 1 episodes",7.9,<class 'type'>
Original Sin,#2080,"Chinese Drama - 2018, 24 episodes",7.9,<class 'type'>
Kanojo wa Uso wo Aishisugiteru - Sidestory,#2081,"Japanese Drama - 2013, 10 episodes",7.9,<class 'type'>
Himitsu: The Top Secret,#2082,"Japanese Drama - 2025, 11 episodes",7.9,<class 'type'>
The Girl's Speech,#2083,"Japanese Drama - 2015, 10 episodes",7.9,<class 'type'>
The First Night with the Duke,#2084,"Korean Drama - 2025, 12 episodes",7.9,<class 'type'>
My Golden Life,#2085,"Korean Drama - 2017, 52 episodes",7.9,<class 'type'>
River Where the Moon Rises,#2086,"Korean Drama - 2021, 20 episodes",7.9,<class 'type'>
The Matchmakers,#2087,"Korean Drama - 2023, 16 episodes",7.9,<class 'type'>
Hwang Jin Yi,#2088,"Korean Drama - 2006, 24 episodes",7.9,<class 'type'>
Love of Thousand Years,#2089,"Chinese Drama - 2020, 30 episodes",7.9,<class 'type'>
The Shadow Sovereign,#2090,"Chinese Drama - 2026, 18 episodes",7.9,<class 'type'>
Laws of Attraction,#2091,"Thai Drama - 2023, 8 episodes",7.9,<class 'type'>
Would You Marry Me?,#2092,"Korean Drama - 2025, 12 episodes",7.9,<class 'type'>
Legend of Yunze Special,#2093,"Chinese Drama - 2021, 14 episodes",7.9,<class 'type'>
Yakou Kanransha,#2094,"Japanese Drama - 2013, 10 episodes",7.9,<class 'type'>
Kamisama no Ekohiiki,#2095,"Japanese Drama - 2022, 8 episodes",7.9,<class 'type'>
It's Beautiful Now,#2096,"Korean Drama - 2022, 50 episodes",7.9,<class 'type'>
Let's Eat Season 2,#2097,"Korean Drama - 2015, 18 episodes",7.9,<class 'type'>
Between Us,#2098,"Thai Drama - 2022, 12 episodes",7.9,<class 'type'>
Garo,#2099,"Japanese Drama - 2005, 25 episodes",7.9,<class 'type'>
tvN O'PENing: 2:15,#2100,"Korean Special - 2023, 1 episodes",7.9,<class 'type'>
Secret Mother,#2101,"Korean Drama - 2018, 32 episodes",7.9,<class 'type'>
Gemini,#2102,"Chinese Drama - 2025, 28 episodes",7.9,<class 'type'>
Learning to Love,#2103,"Japanese Drama - 2025, 11 episodes",7.9,<class 'type'>
Siren,#2104,"Japanese Drama - 2015, 9 episodes",7.9,<class 'type'>
Take My Brother Away,#2105,"Chinese Drama - 2018, 30 episodes",7.9,<class 'type'>
Lost in the Shadows,#2106,"Chinese Drama - 2024, 16 episodes",7.9,<class 'type'>
Strange Chronicles of Tang,#2107,"Chinese Drama - 2025, 21 episodes",7.9,<class 'type'>
Fifties Professionals,#2108,"Korean Drama - 2026, 12 episodes",7.9,<class 'type'>
Flower Shop Without Rose,#2109,"Japanese Drama - 2008, 11 episodes",7.9,<class 'type'>
No Dropping Out: Back to School at 35,#2110,"Japanese Drama - 2013, 11 episodes",7.9,<class 'type'>
Emergency Couple,#2111,"Korean Drama - 2014, 21 episodes",7.9,<class 'type'>
When a Snail Falls in Love,#2112,"Thai Drama - 2023, 20 episodes",7.9,<class 'type'>
Oh My General,#2113,"Chinese Drama - 2017, 60 episodes",7.9,<class 'type'>
Evil Minds,#2114,"Chinese Drama - 2015, 24 episodes",7.9,<class 'type'>
Queen: Love and War,#2115,"Korean Drama - 2019, 16 episodes",7.9,<class 'type'>
The Muse of Section E Book 2: The Dark Side,#2116,"Filipino Drama - 2025, 9 episodes",7.9,<class 'type'>
Fall for You,#2117,"Korean Drama - 2022, 20 episodes",7.9,<class 'type'>
My Family,#2118,"Japanese Drama - 2022, 10 episodes",7.9,<class 'type'>
Dr. Brain,#2119,"Korean Drama - 2021, 6 episodes",7.9,<class 'type'>
Twenty Your Life On,#2120,"Chinese Drama - 2020, 40 episodes",7.9,<class 'type'>
En-Drama,#2121,"Korean Drama - 2024, 9 episodes",7.9,<class 'type'>
The Frog,#2122,"Korean Drama - 2024, 8 episodes",7.9,<class 'type'>
You're My Destiny,#2123,"Taiwanese Drama - 2008, 24 episodes",7.9,<class 'type'>
The Princess and the Werewolf,#2124,"Chinese Drama - 2023, 30 episodes",7.9,<class 'type'>
Here's My Plan,#2125,"Korean Drama - 2021, 4 episodes",7.9,<class 'type'>
Just Dance,#2126,"Korean Drama - 2018, 16 episodes",7.9,<class 'type'>
My Beautiful Bride,#2127,"Korean Drama - 2015, 16 episodes",7.9,<class 'type'>
My Sunshine,#2128,"Chinese Drama - 2015, 32 episodes",7.9,<class 'type'>
The Queen's Classroom SP,#2129,"Japanese Special - 2006, 2 episodes",7.9,<class 'type'>
Real:Time:Love Season 2,#2130,"Korean Drama - 2020, 8 episodes",7.9,<class 'type'>
Priest,#2131,"Korean Drama - 2018, 16 episodes",7.9,<class 'type'>
My Girl,#2132,"Chinese Drama - 2020, 24 episodes",7.9,<class 'type'>
Denied Love,#2133,"Thai Drama - 2025, 10 episodes",7.9,<class 'type'>
Piang Chai Khon Nee Mai Chai Poo Wised,#2134,"Thai Drama - 2016, 15 episodes",7.9,<class 'type'>
"You, Me and Bach",#2135,"Japanese Drama - 2019, 10 episodes",7.9,<class 'type'>
Devilish Joy,#2136,"Korean Drama - 2018, 16 episodes",7.9,<class 'type'>
She and Her Perfect Husband,#2137,"Chinese Drama - 2022, 40 episodes",7.9,<class 'type'>
School 2013 Special,#2138,"Korean Special - 2013, 1 episodes",7.9,<class 'type'>
Let Me Be Your Knight,#2139,"Korean Drama - 2021, 12 episodes",7.9,<class 'type'>
Black Forceps Season 2,#2140,"Japanese Drama - 2024, 10 episodes",7.9,<class 'type'>
Smoking,#2141,"Japanese Drama - 2018, 12 episodes",7.9,<class 'type'>
Painter of the Wind,#2142,"Korean Drama - 2008, 20 episodes",7.9,<class 'type'>
Kamen Rider Geats,#2143,"Japanese Drama - 2022, 49 episodes",7.9,<class 'type'>
TRICK Season 2,#2144,"Japanese Drama - 2002, 12 episodes",7.9,<class 'type'>
"Wrong Carriage, Right Groom",#2145,"Chinese Drama - 2023, 24 episodes",7.9,<class 'type'>
Hold a Court Now,#2146,"Chinese Drama - 2026, 26 episodes",7.9,<class 'type'>
Marry Me Now?,#2147,"Korean Drama - 2018, 50 episodes",7.9,<class 'type'>
Where Stars Land,#2148,"Korean Drama - 2018, 32 episodes",7.9,<class 'type'>
All about My Mom,#2149,"Korean Drama - 2015, 54 episodes",7.9,<class 'type'>
Just You,#2150,"Taiwanese Drama - 2013, 21 episodes",7.9,<class 'type'>
Gameboys 2,#2151,"Filipino Drama - 2022, 8 episodes",7.9,<class 'type'>
Reincarnation Love,#2152,"Korean Special - 2022, 1 episodes",7.9,<class 'type'>
Rainkissed Fate,#2153,"Chinese Special - 2025, 30 episodes",7.9,<class 'type'>
Decoy: Part 1,#2154,"Korean Drama - 2023, 6 episodes",7.9,<class 'type'>
PICU: Shoni Shuchu Chiryo Shitsu,#2155,"Japanese Drama - 2022, 11 episodes",7.9,<class 'type'>
TRICK,#2156,"Japanese Drama - 2000, 10 episodes",7.9,<class 'type'>
Gap Dong,#2157,"Korean Drama - 2014, 20 episodes",7.9,<class 'type'>
Hello Stranger,#2158,"Filipino Drama - 2020, 8 episodes",7.9,<class 'type'>
Shining Inheritance,#2159,"Korean Drama - 2009, 28 episodes",7.9,<class 'type'>
Shin's Project,#2160,"Korean Drama - 2025, 12 episodes",7.9,<class 'type'>
"Crying Out Love, in the Center of the World",#2161,"Japanese Drama - 2004, 11 episodes",7.9,<class 'type'>
My Boss,#2162,"Chinese Drama - 2024, 36 episodes",7.8,<class 'type'>
Goodbye to Goodbye,#2163,"Korean Drama - 2018, 40 episodes",7.9,<class 'type'>
Secrets Happened on the Litchi Island Extra,#2164,"Chinese Special - 2025, 14 episodes",7.8,<class 'type'>
Hospital Ship,#2165,"Korean Drama - 2017, 40 episodes",7.9,<class 'type'>
Nobuta wo Produce,#2166,"Japanese Drama - 2005, 10 episodes",7.9,<class 'type'>
High Kick Season 2,#2167,"Korean Drama - 2009, 126 episodes",7.9,<class 'type'>
Die Now,#2168,"Chinese Drama - 2017, 20 episodes",7.8,<class 'type'>
Tunnel,#2169,"Thai Drama - 2019, 16 episodes",7.8,<class 'type'>
Drama Special Season 9: Review Notebook of My Embarrassing Days,#2170,"Korean Special - 2018, 1 episodes",7.8,<class 'type'>
Marry Me!,#2171,"Japanese Drama - 2020, 10 episodes",7.8,<class 'type'>
"Every You, Every Me",#2172,"Thai Drama - 2024, 8 episodes",7.8,<class 'type'>
The Eight,#2173,"Chinese Drama - 2020, 34 episodes",7.8,<class 'type'>
Be Passionately in Love,#2174,"Chinese Drama - 2025, 24 episodes",7.8,<class 'type'>
Detective Chinatown,#2175,"Chinese Drama - 2020, 12 episodes",7.8,<class 'type'>
I'm Your Destiny,#2176,"Japanese Drama - 2017, 10 episodes",7.8,<class 'type'>
Shooting Star,#2177,"Japanese Drama - 2010, 10 episodes",7.8,<class 'type'>
Candle in the Tomb: The Wrath of Time,#2178,"Chinese Drama - 2019, 21 episodes",7.8,<class 'type'>
Cashero,#2179,"Korean Drama - 2025, 8 episodes",7.8,<class 'type'>
Bloody Romance,#2180,"Chinese Drama - 2018, 36 episodes",7.8,<class 'type'>
Because of Love,#2181,"Chinese Drama - 2022, 30 episodes",7.9,<class 'type'>
Mischievous Kiss: Love in Tokyo,#2182,"Japanese Drama - 2013, 16 episodes",7.8,<class 'type'>
Mr Honesty,#2183,"Chinese Drama - 2020, 31 episodes",7.8,<class 'type'>
Lost to You,#2184,"Singaporean Drama - 2026, 12 episodes",7.8,<class 'type'>
Face Me,#2185,"Korean Drama - 2024, 12 episodes",7.8,<class 'type'>
Sold Out on You,#2186,"Korean Drama - 2026, 12 episodes",7.8,<class 'type'>
Library Wars: Book of Memories,#2187,"Japanese Special - 2015, 1 episodes",7.8,<class 'type'>
Secret Royal Inspector & Joy,#2188,"Korean Drama - 2021, 16 episodes",7.8,<class 'type'>
37.5°C no Namida,#2189,"Japanese Drama - 2015, 10 episodes",7.8,<class 'type'>
Order of the Sommelier,#2190,"Chinese Drama - 2022, 64 episodes",7.8,<class 'type'>
It's Okay to Be Sensitive Season 2,#2191,"Korean Drama - 2019, 10 episodes",7.8,<class 'type'>
Duel on Mount Hua: Eastern Heretic and Western Venom,#2192,"Chinese Special - 2025, 8 episodes",7.9,<class 'type'>
I Cannot Reach You,#2193,"Japanese Drama - 2023, 8 episodes",7.8,<class 'type'>
The Girl Who Sees Smells,#2194,"Korean Drama - 2015, 16 episodes",7.8,<class 'type'>
KBS Drama Special 2022: The Stranger,#2195,"Korean Drama - 2022, 1 episodes",7.8,<class 'type'>
Battle for Happiness,#2196,"Korean Drama - 2023, 16 episodes",7.8,<class 'type'>
Kamen Rider Blade,#2197,"Japanese Drama - 2004, 49 episodes",7.8,<class 'type'>
Chinese Paladin,#2198,"Chinese Drama - 2005, 34 episodes",7.8,<class 'type'>
Gokusen Season 3,#2199,"Japanese Drama - 2008, 11 episodes",7.8,<class 'type'>
Royal Feast,#2200,"Chinese Drama - 2022, 40 episodes",7.8,<class 'type'>
Love the Way You Are,#2201,"Chinese Drama - 2019, 24 episodes",7.8,<class 'type'>
Summit of Our Youth,#2202,"Chinese Drama - 2025, 23 episodes",7.8,<class 'type'>
Just One Bite Season 2,#2203,"Korean Drama - 2019, 10 episodes",7.8,<class 'type'>
Agent from Above,#2204,"Taiwanese Drama - 2026, 8 episodes",7.8,<class 'type'>
One Fine Week,#2205,"Korean Drama - 2019, 10 episodes",7.8,<class 'type'>
3 Will Be Free,#2206,"Thai Drama - 2019, 10 episodes",7.8,<class 'type'>
Reborn,#2207,"Chinese Drama - 2020, 28 episodes",7.8,<class 'type'>
Dali & Cocky Prince Special,#2208,"Korean Drama - 2021, 1 episodes",7.8,<class 'type'>
Rinko-san Wants to Try,#2209,"Japanese Drama - 2021, 8 episodes",7.8,<class 'type'>
Dr. Cutie,#2210,"Chinese Drama - 2020, 28 episodes",7.8,<class 'type'>
Destined to Meet You,#2211,"Chinese Drama - 2022, 20 episodes",7.8,<class 'type'>
You Are My Destiny,#2212,"Chinese Drama - 2020, 36 episodes",7.8,<class 'type'>
Kazoku Boshu Shimasu,#2213,"Japanese Drama - 2021, 9 episodes",7.8,<class 'type'>
Sad Love Story,#2214,"Korean Drama - 2005, 20 episodes",7.8,<class 'type'>
SOTUS S,#2215,"Thai Drama - 2017, 13 episodes",7.8,<class 'type'>
I Love ‘A Lot Of’ You,#2216,"Thai Drama - 2025, 12 episodes",7.8,<class 'type'>
Oshi no Ko,#2217,"Japanese Drama - 2024, 8 episodes",7.8,<class 'type'>
Fairyland Lovers,#2218,"Chinese Drama - 2020, 35 episodes",7.8,<class 'type'>
Unique Lady Season 2,#2219,"Chinese Drama - 2019, 12 episodes",7.8,<class 'type'>
My Second Aoharu,#2220,"Japanese Drama - 2023, 10 episodes",7.8,<class 'type'>
Ultraman Geed,#2221,"Japanese Drama - 2017, 25 episodes",7.8,<class 'type'>
W.H.Y.,#2222,"Korean Drama - 2018, 10 episodes",7.8,<class 'type'>
Drama Special Season 15: To My Lonely Sister,#2223,"Korean Special - 2024, 1 episodes",7.8,<class 'type'>
"My Lawyer, Mr. Joe",#2224,"Korean Drama - 2016, 20 episodes",7.8,<class 'type'>
The Gentlemen of Wolgyesu Tailor Shop,#2225,"Korean Drama - 2016, 54 episodes",7.8,<class 'type'>
Ataru,#2226,"Japanese Drama - 2012, 11 episodes",7.8,<class 'type'>
Eternal Love of Dream Special,#2227,"Chinese Special - 2020, 2 episodes",7.8,<class 'type'>
Drama Special Season 8: The Love of a Buzz Cut,#2228,"Korean Special - 2017, 1 episodes",7.8,<class 'type'>
Love the Way You Are,#2229,"Chinese Drama - 2022, 30 episodes",7.8,<class 'type'>
Analog Squad,#2230,"Thai Drama - 2023, 8 episodes",7.8,<class 'type'>
Rental Man,#2231,"Japanese Drama - 2020, 12 episodes",7.8,<class 'type'>
Love at Night,#2232,"Chinese Drama - 2021, 30 episodes",7.8,<class 'type'>
Sing My Crush,#2233,"Korean Drama - 2023, 8 episodes",7.8,<class 'type'>
Tracer,#2234,"Korean Drama - 2022, 8 episodes",7.8,<class 'type'>
You Are My Fateful Love,#2235,"Chinese Drama - 2026, 30 episodes",7.8,<class 'type'>
Kamisama Mou Sukoshi Dake,#2236,"Japanese Drama - 1998, 12 episodes",7.8,<class 'type'>
Still 2gether,#2237,"Thai Special - 2020, 5 episodes",7.8,<class 'type'>
You Are Mine Special,#2238,"Taiwanese Special - 2024, 1 episodes",7.8,<class 'type'>
Eternal Brotherhood Season 2,#2239,"Chinese Drama - 2025, 24 episodes",7.8,<class 'type'>
Queen of the Ring,#2240,"Korean Drama - 2017, 21 episodes",7.8,<class 'type'>
"Itsuka, Nemuri ni Tsuku Hi",#2241,"Japanese Drama - 2019, 6 episodes",7.8,<class 'type'>
The Song of Glory,#2242,"Chinese Drama - 2020, 53 episodes",7.8,<class 'type'>
Khun Chai Pudhiphat,#2243,"Thai Drama - 2013, 10 episodes",7.8,<class 'type'>
Engine,#2244,"Japanese Drama - 2005, 11 episodes",7.8,<class 'type'>
Passing the Reins,#2245,"Japanese Drama - 2025, 10 episodes",7.8,<class 'type'>
U-Prince: Survey,#2246,"Thai Drama - 2017, 4 episodes",7.8,<class 'type'>
Comrades,#2247,"Korean Drama - 2010, 20 episodes",7.8,<class 'type'>
Kiss Scene in Yeonnamdong,#2248,"Korean Drama - 2019, 12 episodes",7.8,<class 'type'>
Saikou no Rikon,#2249,"Japanese Drama - 2013, 11 episodes",7.8,<class 'type'>
Romance in the Rain,#2250,"Chinese Drama - 2001, 49 episodes",7.8,<class 'type'>
The Justice,#2251,"Chinese Drama - 2021, 42 episodes",7.8,<class 'type'>
Love in Between,#2252,"Chinese Drama - 2020, 43 episodes",7.8,<class 'type'>
Forget You Not,#2253,"Taiwanese Drama - 2025, 8 episodes",7.8,<class 'type'>
I Hear You,#2254,"Chinese Drama - 2019, 24 episodes",7.8,<class 'type'>
The Lost Tomb,#2255,"Chinese Drama - 2015, 10 episodes",7.8,<class 'type'>
Promise Cinderella,#2256,"Japanese Drama - 2021, 10 episodes",7.8,<class 'type'>
Candle in the Tomb: The Lost Caverns,#2257,"Chinese Drama - 2020, 18 episodes",7.8,<class 'type'>
The One and Only,#2258,"Korean Drama - 2021, 16 episodes",7.8,<class 'type'>
Happy Once Again,#2259,"Korean Drama - 2016, 16 episodes",7.8,<class 'type'>
Heart to Heart,#2260,"Korean Drama - 2015, 16 episodes",7.8,<class 'type'>
Cheo Yong Season 2,#2261,"Korean Drama - 2015, 10 episodes",7.8,<class 'type'>
The Mirage,#2262,"Chinese Drama - 2025, 24 episodes",7.8,<class 'type'>
Oh My Boss! Love Not Included,#2263,"Japanese Drama - 2021, 10 episodes",7.8,<class 'type'>
Truth or Dare,#2264,"Chinese Drama - 2021, 30 episodes",7.8,<class 'type'>
Run for Young,#2265,"Chinese Drama - 2020, 16 episodes",7.8,<class 'type'>
BOSS Season 2,#2266,"Japanese Drama - 2011, 11 episodes",7.8,<class 'type'>
Derailment,#2267,"Chinese Drama - 2023, 30 episodes",7.8,<class 'type'>
City Hall,#2268,"Korean Drama - 2009, 20 episodes",7.8,<class 'type'>
Higashino Keigo Samayou Yaiba,#2269,"Japanese Drama - 2021, 6 episodes",7.8,<class 'type'>
Seirei no Moribito Season 3,#2270,"Japanese Drama - 2017, 9 episodes",7.8,<class 'type'>
You Are My Heartbeat,#2271,"Thai Drama - 2022, 20 episodes",7.8,<class 'type'>
GTO: Final Chapter - Farewell Onizuka! Graduation Special,#2272,"Japanese Special - 2013, 1 episodes",7.8,<class 'type'>
A Killer Paradox,#2273,"Korean Drama - 2024, 8 episodes",7.8,<class 'type'>
Cross,#2274,"Korean Drama - 2018, 16 episodes",7.8,<class 'type'>
The Little Nyonya,#2275,"Chinese Drama - 2020, 45 episodes",7.8,<class 'type'>
The Rebound,#2276,"Thai Drama - 2024, 12 episodes",7.8,<class 'type'>
Jasmine Flowers,#2277,"Chinese Special - 2016, 1 episodes",7.8,<class 'type'>
Moebius: The Veil,#2278,"Korean Drama - 2021, 2 episodes",7.8,<class 'type'>
Marumo no Okite,#2279,"Japanese Drama - 2011, 11 episodes",7.8,<class 'type'>
Big Issue,#2280,"Korean Drama - 2019, 32 episodes",7.8,<class 'type'>
Light Chaser Rescue,#2281,"Chinese Drama - 2022, 40 episodes",7.8,<class 'type'>
Always Meet Again,#2282,"Korean Drama - 2026, 8 episodes",7.8,<class 'type'>
Zyuden Sentai Kyoryuger,#2283,"Japanese Drama - 2013, 48 episodes",7.8,<class 'type'>
Qin Dynasty Epic,#2284,"Chinese Drama - 2020, 78 episodes",7.8,<class 'type'>
Love from Outta Space,#2285,"Thai Drama - 2019, 1 episodes",7.8,<class 'type'>
The Journey of Legend,#2286,"Chinese Drama - 2025, 40 episodes",7.8,<class 'type'>
Kamen Rider Zero-One,#2287,"Japanese Drama - 2019, 45 episodes",7.8,<class 'type'>
Ashi Girl,#2288,"Japanese Drama - 2017, 12 episodes",7.8,<class 'type'>
Bride of the Century,#2289,"Korean Drama - 2014, 16 episodes",7.8,<class 'type'>
Pegasus,#2290,"Chinese Drama - 2024, 28 episodes",7.8,<class 'type'>
Girlfriend,#2291,"Chinese Drama - 2020, 36 episodes",7.8,<class 'type'>
Eve,#2292,"Korean Drama - 2022, 16 episodes",7.8,<class 'type'>
Heart of Loyalty,#2293,"Chinese Drama - 2021, 24 episodes",7.8,<class 'type'>
Hope or Dope 2,#2294,"Korean Drama - 2022, 8 episodes",7.8,<class 'type'>
Wednesday 3:30 PM,#2295,"Korean Drama - 2017, 15 episodes",7.8,<class 'type'>
Kotaki Brothers,#2296,"Japanese Drama - 2020, 12 episodes",7.8,<class 'type'>
Taste,#2297,"Thai Drama - 2025, 8 episodes",7.8,<class 'type'>
Tantei Gakuen Q,#2298,"Japanese Drama - 2007, 11 episodes",7.8,<class 'type'>
Hundred Million Stars from the Sky,#2299,"Japanese Drama - 2002, 11 episodes",7.8,<class 'type'>
180 Degree Longitude Passes Through Us,#2300,"Thai Drama - 2022, 8 episodes",7.8,<class 'type'>
Ultraman Orb,#2301,"Japanese Drama - 2016, 25 episodes",7.8,<class 'type'>
The Three Musketeers,#2302,"Korean Drama - 2014, 12 episodes",7.8,<class 'type'>
The Guilty,#2303,"Chinese Drama - 2026, 14 episodes",7.8,<class 'type'>
Horimiya,#2304,"Japanese Drama - 2021, 7 episodes",7.8,<class 'type'>
Numbers,#2305,"Korean Drama - 2023, 12 episodes",7.8,<class 'type'>
Ultraman Blazar,#2306,"Japanese Drama - 2023, 25 episodes",7.8,<class 'type'>
Seirei no Moribito Season 2,#2307,"Japanese Drama - 2017, 9 episodes",7.8,<class 'type'>
Your Honor,#2308,"Korean Drama - 2024, 10 episodes",7.8,<class 'type'>
New Generation: Happiness Method,#2309,"Chinese Special - 2021, 8 episodes",7.8,<class 'type'>
Todome no Parallel,#2310,"Japanese Drama - 2018, 10 episodes",7.8,<class 'type'>
Cupid's Last Wish,#2311,"Thai Drama - 2022, 10 episodes",7.8,<class 'type'>
Delivery Man,#2312,"Korean Drama - 2023, 12 episodes",7.8,<class 'type'>
Intense Love Special,#2313,"Chinese Special - 2020, 1 episodes",7.8,<class 'type'>
I Am Married... But!,#2314,"Taiwanese Drama - 2025, 12 episodes",7.8,<class 'type'>
Wulin Heroes,#2315,"Chinese Drama - 2023, 22 episodes",7.8,<class 'type'>
Finding Soul,#2316,"Chinese Drama - 2016, 25 episodes",7.8,<class 'type'>
Secrets of the Shadow Sect,#2317,"Chinese Drama - 2024, 24 episodes",7.8,<class 'type'>
Dark Blue Kiss,#2318,"Thai Drama - 2019, 12 episodes",7.8,<class 'type'>
Decreed by Fate,#2319,"Chinese Drama - 2022, 16 episodes",7.8,<class 'type'>
Drama Special Series Season 3: Adolescence Medley,#2320,"Korean Special - 2013, 4 episodes",7.8,<class 'type'>
"Present, Is Present",#2321,"Chinese Drama - 2024, 16 episodes",7.8,<class 'type'>
Legal High SP 2,#2322,"Japanese Special - 2014, 1 episodes",7.8,<class 'type'>
A Poem a Day,#2323,"Korean Drama - 2018, 16 episodes",7.8,<class 'type'>
10 Years Ticket,#2324,"Thai Drama - 2022, 16 episodes",7.8,<class 'type'>
Where Your Eyes Linger,#2325,"Korean Drama - 2020, 8 episodes",7.8,<class 'type'>
My Lovely Bodyguard,#2326,"Thai Drama - 2022, 12 episodes",7.8,<class 'type'>
Our Skyy 2: Never Let Me Go,#2327,"Thai Drama - 2023, 2 episodes",7.8,<class 'type'>
Sword Rose,#2328,"Chinese Drama - 2025, 32 episodes",7.8,<class 'type'>
Our Glamorous Time,#2329,"Chinese Drama - 2018, 50 episodes",7.8,<class 'type'>
When My Love Blooms,#2330,"Korean Drama - 2020, 16 episodes",7.8,<class 'type'>
Please Don't Spoil Me Season 2,#2331,"Chinese Drama - 2022, 21 episodes",7.8,<class 'type'>
Criminal Minds,#2332,"Korean Drama - 2017, 20 episodes",7.8,<class 'type'>
Accidentally in Love,#2333,"Chinese Drama - 2018, 30 episodes",7.8,<class 'type'>
Grave of the Fireflies,#2334,"Japanese Special - 2005, 1 episodes",7.8,<class 'type'>
The Taoism Grandmaster,#2335,"Chinese Drama - 2018, 46 episodes",7.8,<class 'type'>
Jao Sao Jum Yorm,#2336,"Thai Drama - 2018, 16 episodes",7.8,<class 'type'>
Sleep with Me,#2337,"Filipino Drama - 2022, 6 episodes",7.8,<class 'type'>
The Science Club,#2338,"Japanese Drama - 2024, 10 episodes",7.8,<class 'type'>
My National Husband,#2339,"Chinese Drama - 2025, 81 episodes",7.8,<class 'type'>
Stand or Fall,#2340,"Chinese Drama - 2023, 32 episodes",7.8,<class 'type'>
Joseon Exorcist,#2341,"Korean Drama - 2021, 2 episodes",7.8,<class 'type'>
My Sweetheart Jom: Uncut,#2342,"Thai Drama - 2025, 12 episodes",7.8,<class 'type'>
Oh! My Emperor Season 2,#2343,"Chinese Drama - 2018, 21 episodes",7.8,<class 'type'>
GTO: Remake Season 2,#2344,"Japanese Drama - 2014, 11 episodes",7.8,<class 'type'>
Cain and Abel,#2345,"Korean Drama - 2009, 20 episodes",7.8,<class 'type'>
Novoland: Eagle Flag,#2346,"Chinese Drama - 2019, 56 episodes",7.8,<class 'type'>
Binary Love,#2347,"Chinese Drama - 2022, 24 episodes",7.8,<class 'type'>
Kakegurui,#2348,"Japanese Drama - 2018, 10 episodes",7.8,<class 'type'>
Cunning Single Lady,#2349,"Korean Drama - 2014, 16 episodes",7.8,<class 'type'>
Princess Jellyfish,#2350,"Japanese Drama - 2018, 10 episodes",7.8,<class 'type'>
The Dark Side of the Sun,#2351,"Chinese Drama - 2025, 72 episodes",7.8,<class 'type'>
Mada Kekkon Dekinai Otoko,#2352,"Japanese Drama - 2019, 10 episodes",7.8,<class 'type'>
The Fox's Summer,#2353,"Chinese Drama - 2017, 21 episodes",7.8,<class 'type'>
Our Dating Sim,#2354,"Korean Drama - 2023, 8 episodes",7.8,<class 'type'>
Dr. Tang,#2355,"Chinese Drama - 2022, 36 episodes",7.8,<class 'type'>
Waiting for You in the Future,#2356,"Chinese Drama - 2019, 36 episodes",7.8,<class 'type'>
Maids,#2357,"Korean Drama - 2014, 20 episodes",7.8,<class 'type'>
First Love Again,#2358,"Chinese Drama - 2021, 24 episodes",7.8,<class 'type'>
Abyss,#2359,"Korean Drama - 2019, 16 episodes",7.8,<class 'type'>
The Good Witch,#2360,"Korean Drama - 2018, 40 episodes",7.8,<class 'type'>
"Saimdang, Memoir of Colors",#2361,"Korean Drama - 2017, 28 episodes",7.8,<class 'type'>
You're My Destiny,#2362,"Thai Drama - 2017, 17 episodes",7.8,<class 'type'>
Karamazov no Kyodai,#2363,"Japanese Drama - 2013, 11 episodes",7.8,<class 'type'>
The World of Fantasy,#2364,"Chinese Drama - 2021, 36 episodes",7.8,<class 'type'>
Don Quixote,#2365,"Japanese Drama - 2011, 11 episodes",7.8,<class 'type'>
Good Casting,#2366,"Korean Drama - 2020, 16 episodes",7.8,<class 'type'>
Japan Sinks: People of Hope,#2367,"Japanese Drama - 2021, 10 episodes",7.8,<class 'type'>
Incarnation of Money,#2368,"Korean Drama - 2013, 24 episodes",7.8,<class 'type'>
"At 25:00, in Akasaka Season 2",#2369,"Japanese Drama - 2025, 10 episodes",7.8,<class 'type'>
Two Cops,#2370,"Korean Drama - 2017, 32 episodes",7.8,<class 'type'>
Today's Webtoon,#2371,"Korean Drama - 2022, 16 episodes",7.8,<class 'type'>
Love under the Full Moon,#2372,"Chinese Drama - 2021, 24 episodes",7.8,<class 'type'>
Plus & Minus Extra,#2373,"Taiwanese Drama - 2022, 1 episodes",7.8,<class 'type'>
Chojin Sentai Jetman,#2374,"Japanese Drama - 1991, 51 episodes",7.8,<class 'type'>
The Only Girl You Haven't Seen,#2375,"Chinese Drama - 2022, 18 episodes",7.8,<class 'type'>
Got to Believe,#2376,"Filipino Drama - 2013, 140 episodes",7.8,<class 'type'>
Miss Independent Ji Eun,#2377,"Korean Drama - 2018, 8 episodes",7.8,<class 'type'>
Beautiful Rain,#2378,"Japanese Drama - 2012, 12 episodes",7.8,<class 'type'>
Be My Boyfriend,#2379,"Korean Drama - 2021, 15 episodes",7.8,<class 'type'>
Orthros no Inu,#2380,"Japanese Drama - 2009, 9 episodes",7.8,<class 'type'>
Longing for You,#2381,"Korean Drama - 2023, 14 episodes",7.8,<class 'type'>
Handmade Love,#2382,"Korean Drama - 2020, 8 episodes",7.8,<class 'type'>
Kamen Rider 555,#2383,"Japanese Drama - 2003, 50 episodes",7.8,<class 'type'>
Reboot,#2384,"Japanese Drama - 2026, 10 episodes",7.8,<class 'type'>
Choco Milk Shake: Behind Story,#2385,"Korean Special - 2022, 1 episodes",7.8,<class 'type'>
Seven of Me,#2386,"Chinese Drama - 2017, 38 episodes",7.8,<class 'type'>
Girl Next Room: Richy Rich,#2387,"Thai Drama - 2020, 5 episodes",7.8,<class 'type'>
My Amazing Boyfriend,#2388,"Chinese Drama - 2016, 28 episodes",7.8,<class 'type'>
Trace,#2389,"Japanese Drama - 2019, 11 episodes",7.8,<class 'type'>
Twenty Your Life On Season 2,#2390,"Chinese Drama - 2022, 40 episodes",7.8,<class 'type'>
MaxTul Extended Memory,#2391,"Thai Special - 2021, 1 episodes",7.8,<class 'type'>
Saki ni Umareta Dake no Boku,#2392,"Japanese Drama - 2017, 10 episodes",7.8,<class 'type'>
The Whirlwind Girl,#2393,"Chinese Drama - 2015, 32 episodes",7.8,<class 'type'>
Ishi no Mayu,#2394,"Japanese Drama - 2015, 5 episodes",7.8,<class 'type'>
A Journey to Meet Love,#2395,"Chinese Drama - 2019, 52 episodes",7.8,<class 'type'>
Kakegurui Twin,#2396,"Japanese Drama - 2021, 8 episodes",7.8,<class 'type'>
Check in Hanyang,#2397,"Korean Drama - 2024, 16 episodes",7.8,<class 'type'>
The Killer Inside,#2398,"Japanese Drama - 2022, 9 episodes",7.8,<class 'type'>
Ni Chang,#2399,"Chinese Drama - 2021, 40 episodes",7.8,<class 'type'>
Sunshine by My Side,#2400,"Chinese Drama - 2023, 36 episodes",7.8,<class 'type'>
Ao Haru Ride Season 2,#2401,"Japanese Drama - 2024, 6 episodes",7.8,<class 'type'>
Lucifer,#2402,"Korean Drama - 2007, 20 episodes",7.8,<class 'type'>
I Need Romance Season 3,#2403,"Korean Drama - 2014, 16 episodes",7.8,<class 'type'>
Confidence Queen,#2404,"Korean Drama - 2025, 12 episodes",7.8,<class 'type'>
Priceless,#2405,"Japanese Drama - 2012, 10 episodes",7.8,<class 'type'>
Don't Be Too Emotional,#2406,"Thai Drama - 2026, 12 episodes",7.8,<class 'type'>
The Dark Lord,#2407,"Chinese Drama - 2018, 48 episodes",7.8,<class 'type'>
Song of the Moon,#2408,"Chinese Drama - 2022, 40 episodes",7.8,<class 'type'>
Mental Coach Jegal,#2409,"Korean Drama - 2022, 16 episodes",7.8,<class 'type'>
Scripting Your Destiny,#2410,"Korean Drama - 2021, 10 episodes",7.8,<class 'type'>
Poisonous Love Special Episode,#2411,"Thai Drama - 2025, 1 episodes",7.8,<class 'type'>
Bloody Flower,#2412,"Korean Drama - 2026, 8 episodes",7.8,<class 'type'>
Dong Lan Xue,#2413,"Chinese Drama - 2023, 30 episodes",7.8,<class 'type'>
"Hanbun, Aoi",#2414,"Japanese Drama - 2018, 156 episodes",7.8,<class 'type'>
Forest,#2415,"Korean Drama - 2020, 32 episodes",7.8,<class 'type'>
You Are Desire,#2416,"Chinese Drama - 2023, 30 episodes",7.8,<class 'type'>
Colorful Love: Genderless Danshi ni Aisareteimasu,#2417,"Japanese Drama - 2021, 10 episodes",7.8,<class 'type'>
Yong Jiu Grocery Store,#2418,"Taiwanese Drama - 2019, 10 episodes",7.8,<class 'type'>
Princess Hours,#2419,"Korean Drama - 2006, 24 episodes",7.8,<class 'type'>
My Summer of You,#2420,"Japanese Drama - 2026, 12 episodes",7.8,<class 'type'>
Kiss Goblin,#2421,"Korean Drama - 2020, 12 episodes",7.8,<class 'type'>
Love Track: Minji Minji Minji,#2422,"Korean Drama - 2025, 1 episodes",7.8,<class 'type'>
Provoke,#2423,"Chinese Drama - 2023, 25 episodes",7.8,<class 'type'>
Dynamite Kiss,#2424,"Korean Drama - 2025, 14 episodes",7.8,<class 'type'>
Juken Sentai Gekiranger,#2425,"Japanese Drama - 2007, 49 episodes",7.8,<class 'type'>
"Hello, My Youth",#2426,"Chinese Drama - 2021, 20 episodes",7.8,<class 'type'>
Kamen Rider Agito,#2427,"Japanese Drama - 2001, 51 episodes",7.8,<class 'type'>
Tracer Season 2,#2428,"Korean Drama - 2022, 8 episodes",7.8,<class 'type'>
A Fist Within Four Walls,#2429,"Hong Kong Drama - 2016, 28 episodes",7.8,<class 'type'>
Unrequited Love,#2430,"Chinese Drama - 2019, 24 episodes",7.8,<class 'type'>
The King's Doctor,#2431,"Korean Drama - 2012, 50 episodes",7.8,<class 'type'>
Jang Ok Jung,#2432,"Korean Drama - 2013, 24 episodes",7.8,<class 'type'>
Party A Who Lives Beside Me,#2433,"Chinese Drama - 2021, 24 episodes",7.8,<class 'type'>
Lie to Love,#2434,"Chinese Drama - 2021, 32 episodes",7.8,<class 'type'>
I Will Fly to the Sky on a Wheelchair!,#2435,"Japanese Drama - 2012, 1 episodes",7.8,<class 'type'>
The Romance of the Condor Heroes,#2436,"Chinese Drama - 2014, 54 episodes",7.8,<class 'type'>
Unveil: Jadewind,#2437,"Chinese Drama - 2026, 34 episodes",7.8,<class 'type'>
Deep Lurk,#2438,"Chinese Drama - 2024, 38 episodes",7.8,<class 'type'>
The Longest Promise,#2439,"Chinese Drama - 2023, 40 episodes",7.8,<class 'type'>
A First Love Story,#2440,"Korean Drama - 2021, 2 episodes",7.8,<class 'type'>
No Dating at Boarding School,#2441,"Korean Drama - 2025, 50 episodes",7.8,<class 'type'>
The Fox's Summer Season 2,#2442,"Chinese Drama - 2017, 23 episodes",7.8,<class 'type'>
Legal Mavericks,#2443,"Hong Kong Drama - 2017, 28 episodes",7.8,<class 'type'>
Pit Babe Season 2,#2444,"Thai Drama - 2025, 13 episodes",7.8,<class 'type'>
Are You Safe,#2445,"Chinese Drama - 2022, 31 episodes",7.8,<class 'type'>
6 from High&Low the Worst,#2446,"Japanese Drama - 2020, 6 episodes",7.8,<class 'type'>
Thus Spoke Kishibe Rohan Season 2,#2447,"Japanese Drama - 2021, 3 episodes",7.8,<class 'type'>
Player,#2448,"Thai Drama - 2025, 12 episodes",7.8,<class 'type'>
I Know I Love You,#2449,"Chinese Drama - 2023, 24 episodes",7.8,<class 'type'>
Grab Your Love,#2450,"Chinese Drama - 2025, 24 episodes",7.8,<class 'type'>
Radiation House Season 2,#2451,"Japanese Drama - 2021, 11 episodes",7.8,<class 'type'>
The Escape of the Seven: Resurrection,#2452,"Korean Drama - 2024, 16 episodes",7.8,<class 'type'>
Fix You,#2453,"Korean Drama - 2020, 32 episodes",7.8,<class 'type'>
Tastefully Yours,#2454,"Korean Drama - 2025, 10 episodes",7.8,<class 'type'>
My Sweetheart Jom,#2455,"Thai Drama - 2025, 12 episodes",7.8,<class 'type'>
Night Doctor,#2456,"Japanese Drama - 2021, 11 episodes",7.8,<class 'type'>
Countdown to Yes,#2457,"Japanese Drama - 2026, 11 episodes",7.8,<class 'type'>
Flower Crew: Joseon Marriage Agency,#2458,"Korean Drama - 2019, 16 episodes",7.8,<class 'type'>
The Inextricable Destiny,#2459,"Chinese Drama - 2023, 26 episodes",7.8,<class 'type'>
Life Is Beautiful,#2460,"Korean Drama - 2010, 63 episodes",7.8,<class 'type'>
Dai Renai: Boku wo Wasureru Kimi to,#2461,"Japanese Drama - 2018, 10 episodes",7.8,<class 'type'>
Naked Fireman,#2462,"Korean Drama - 2017, 4 episodes",7.8,<class 'type'>
The Game: Towards Zero,#2463,"Korean Drama - 2020, 32 episodes",7.8,<class 'type'>
Madan Senki Ryukendo,#2464,"Japanese Drama - 2006, 52 episodes",7.8,<class 'type'>
Be Mine: Prologue Day,#2465,"Thai Drama - 2023, 1 episodes",7.8,<class 'type'>
Nee Ruk Nai Krong Fai,#2466,"Thai Drama - 2019, 18 episodes",7.8,<class 'type'>
Snowfall,#2467,"Chinese Drama - 2024, 24 episodes",7.8,<class 'type'>
Trap,#2468,"Korean Drama - 2019, 7 episodes",7.8,<class 'type'>
Catch Up My Prince,#2469,"Chinese Drama - 2023, 24 episodes",7.8,<class 'type'>
The Cursed,#2470,"Korean Drama - 2020, 12 episodes",7.8,<class 'type'>
Ultraman Tiga,#2471,"Japanese Drama - 1996, 52 episodes",7.8,<class 'type'>
The Trick of Life and Love,#2472,"Chinese Drama - 2021, 32 episodes",7.8,<class 'type'>
Payakorn Sorn Ruk,#2473,"Thai Drama - 2020, 13 episodes",7.8,<class 'type'>
My Deepest Dream,#2474,"Chinese Drama - 2022, 30 episodes",7.8,<class 'type'>
Be My Cat,#2475,"Chinese Drama - 2021, 16 episodes",7.8,<class 'type'>
Hormones Season 2,#2476,"Thai Drama - 2014, 13 episodes",7.8,<class 'type'>
Miss Independent Ji Eun Season 2,#2477,"Korean Drama - 2019, 16 episodes",7.8,<class 'type'>
Flower Grandpa Investigation Unit,#2478,"Korean Drama - 2014, 12 episodes",7.8,<class 'type'>
Novoland: The Castle in the Sky Season 2,#2479,"Chinese Drama - 2020, 34 episodes",7.8,<class 'type'>
Gochisosan,#2480,"Japanese Drama - 2013, 150 episodes",7.8,<class 'type'>
Court Lady,#2481,"Chinese Drama - 2021, 55 episodes",7.8,<class 'type'>
Glorious Day,#2482,"Korean Drama - 2014, 44 episodes",7.8,<class 'type'>
The Disappearing Child,#2483,"Chinese Drama - 2022, 12 episodes",7.8,<class 'type'>
Therapy Game,#2484,"Japanese Drama - 2025, 9 episodes",7.8,<class 'type'>
Burning Ice,#2485,"Chinese Drama - 2017, 12 episodes",7.8,<class 'type'>
Swords of Legends,#2486,"Chinese Drama - 2014, 52 episodes",7.8,<class 'type'>
Echoes of Gang City,#2487,"Chinese Drama - 2026, 28 episodes",7.8,<class 'type'>
Meteor Garden,#2488,"Taiwanese Drama - 2001, 19 episodes",7.8,<class 'type'>
Best Choice Ever,#2489,"Chinese Drama - 2024, 37 episodes",7.8,<class 'type'>
Iryu Team Medical Dragon 3,#2490,"Japanese Drama - 2010, 10 episodes",7.8,<class 'type'>
Smile to Life,#2491,"Chinese Drama - 2022, 24 episodes",7.8,<class 'type'>
ABO Desire,#2492,"Chinese Drama - 2025, 16 episodes",7.8,<class 'type'>
Half,#2493,"Thai Special - 2021, 1 episodes",7.8,<class 'type'>
The Comic Bang,#2494,"Chinese Drama - 2025, 33 episodes",7.8,<class 'type'>
My Girl,#2495,"Korean Drama - 2005, 16 episodes",7.8,<class 'type'>
Your House Helper,#2496,"Korean Drama - 2018, 32 episodes",7.8,<class 'type'>
The Imperial Doctress,#2497,"Chinese Drama - 2016, 50 episodes",7.8,<class 'type'>
Dreaming of a Freaking Fairytale,#2498,"Korean Drama - 2024, 10 episodes",7.8,<class 'type'>
"Captivated, by You",#2499,"Japanese Drama - 2021, 5 episodes",7.8,<class 'type'>
The Journey,#2500,"Chinese Drama - 2017, 12 episodes",7.8,<class 'type'>
"Zao Gao, He Gui Mi Yi Qi Chuan Shu Hou Ba Fan Pai Wan Er Huai Le",#2501,"Chinese Drama - 2026, 75 episodes",7.8,<class 'type'>
Call Me by No-Name,#2502,"Japanese Drama - 2025, 8 episodes",7.8,<class 'type'>
Frozen Love,#2503,"Korean Special - 2017, 2 episodes",7.8,<class 'type'>
Double Savage,#2504,"Thai Drama - 2023, 12 episodes",7.8,<class 'type'>
MOZU: Night Cry of the MOZU,#2505,"Japanese Drama - 2014, 10 episodes",7.8,<class 'type'>
BG: Personal Bodyguard,#2506,"Japanese Drama - 2018, 9 episodes",7.8,<class 'type'>
From Five to Nine,#2507,"Japanese Drama - 2015, 10 episodes",7.8,<class 'type'>
Well Dominated Love,#2508,"Chinese Drama - 2020, 24 episodes",7.8,<class 'type'>
Descending Stories: A Life in Rakugo,#2509,"Japanese Drama - 2018, 10 episodes",7.8,<class 'type'>
Decoy: Part 2,#2510,"Korean Drama - 2023, 6 episodes",7.8,<class 'type'>
Jark Sadtroo Soo Hua Jai,#2511,"Thai Drama - 2020, 19 episodes",7.8,<class 'type'>
CHANGE,#2512,"Japanese Drama - 2008, 10 episodes",7.8,<class 'type'>
Decoded,#2513,"Chinese Drama - 2016, 44 episodes",7.8,<class 'type'>
Sandglass,#2514,"Korean Drama - 1995, 24 episodes",7.8,<class 'type'>
Alt.Gameboys,#2515,"Filipino Drama - 2020, 1 episodes",7.8,<class 'type'>
Matrimonial Chaos,#2516,"Korean Drama - 2018, 32 episodes",7.8,<class 'type'>
To Heal the Heart,#2517,"Japanese Drama - 2020, 4 episodes",7.8,<class 'type'>
Beautiful Gong Shim,#2518,"Korean Drama - 2016, 20 episodes",7.8,<class 'type'>
Grand Prince,#2519,"Korean Drama - 2018, 20 episodes",7.8,<class 'type'>
To Ship Someone,#2520,"Chinese Drama - 2023, 24 episodes",7.8,<class 'type'>
Downtown Rocket,#2521,"Japanese Drama - 2015, 10 episodes",7.8,<class 'type'>
Drunk in Good Taste,#2522,"Korean Special - 2018, 10 episodes",7.8,<class 'type'>
Shikaku Tantei Higurashi Tabito,#2523,"Japanese Drama - 2017, 9 episodes",7.8,<class 'type'>
Sweet Trap,#2524,"Chinese Drama - 2024, 24 episodes",7.8,<class 'type'>
Love’s Rebellion,#2525,"Chinese Drama - 2024, 36 episodes",7.8,<class 'type'>
Should We Kiss First?,#2526,"Korean Drama - 2018, 40 episodes",7.8,<class 'type'>
The Affair Was Just the Beginning,#2527,"Korean Drama - 2026, 8 episodes",7.8,<class 'type'>
Out of the Dream,#2528,"Chinese Drama - 2021, 30 episodes",7.8,<class 'type'>
Chef: Three Star School Lunch,#2529,"Japanese Drama - 2016, 10 episodes",7.8,<class 'type'>
My Lovely Boxer,#2530,"Korean Drama - 2023, 12 episodes",7.8,<class 'type'>
Waen Dok Mai,#2531,"Thai Drama - 2017, 26 episodes",7.8,<class 'type'>
Legal V,#2532,"Japanese Drama - 2018, 9 episodes",7.8,<class 'type'>
Behind Your Smile,#2533,"Taiwanese Drama - 2016, 19 episodes",7.8,<class 'type'>
All I Want for Love Is You,#2534,"Chinese Drama - 2019, 32 episodes",7.8,<class 'type'>
Different Dreams,#2535,"Korean Drama - 2019, 40 episodes",7.8,<class 'type'>
Snowy Night Timeless Love,#2536,"Chinese Drama - 2024, 32 episodes",7.8,<class 'type'>
Love and Sword,#2537,"Chinese Drama - 2025, 24 episodes",7.8,<class 'type'>
First Love,#2538,"Chinese Drama - 2022, 24 episodes",7.8,<class 'type'>
Beyond the Realm of Conscience,#2539,"Hong Kong Drama - 2009, 33 episodes",7.8,<class 'type'>
Journey to the West Season 2,#2540,"Hong Kong Drama - 1998, 42 episodes",7.8,<class 'type'>
Can't Buy Me Love,#2541,"Hong Kong Drama - 2010, 32 episodes",7.8,<class 'type'>
"Hello, the Sharpshooter",#2542,"Chinese Drama - 2022, 40 episodes",7.8,<class 'type'>
Tribes and Empires: Storm of Prophecy,#2543,"Chinese Drama - 2017, 75 episodes",7.8,<class 'type'>
Medical Examiner Dr. Qin: The Mind Reader,#2544,"Chinese Drama - 2022, 28 episodes",7.8,<class 'type'>
Princess Ja Myung,#2545,"Korean Drama - 2009, 39 episodes",7.8,<class 'type'>
L.O.R.D. Critical World,#2546,"Chinese Drama - 2019, 48 episodes",7.8,<class 'type'>
Like a Flowing River,#2547,"Chinese Drama - 2018, 47 episodes",7.8,<class 'type'>
Golden Scenery of Tomorrow,#2548,"Filipino Drama - 2025, 22 episodes",7.8,<class 'type'>
Jang Bori Is Here,#2549,"Korean Drama - 2014, 52 episodes",7.8,<class 'type'>
Mr. Nietzsche in the Convenience Store,#2550,"Japanese Drama - 2016, 10 episodes",7.8,<class 'type'>
Switch,#2551,"Korean Drama - 2018, 32 episodes",7.8,<class 'type'>
Wishing upon the Shooting Stars,#2552,"Taiwanese Drama - 2026, 12 episodes",7.8,<class 'type'>
Fulfill,#2553,"Thai Drama - 2026, 8 episodes",7.8,<class 'type'>
Never Give Up,#2554,"Chinese Drama - 2023, 40 episodes",7.8,<class 'type'>
20th Century Boy and Girl,#2555,"Korean Drama - 2017, 32 episodes",7.8,<class 'type'>
Strongest Deliveryman,#2556,"Korean Drama - 2017, 16 episodes",7.8,<class 'type'>
Yong Pal,#2557,"Korean Drama - 2015, 18 episodes",7.8,<class 'type'>
Drama Special Season 7: My Happy Home,#2558,"Korean Special - 2016, 1 episodes",7.8,<class 'type'>
Candle in the Tomb: The Worm Valley,#2559,"Chinese Drama - 2021, 16 episodes",7.8,<class 'type'>
Business as Usual Special,#2560,"Korean Special - 2025, 1 episodes",7.8,<class 'type'>
Love Designer,#2561,"Chinese Drama - 2020, 45 episodes",7.8,<class 'type'>
The Legend of Zu Season 2,#2562,"Chinese Drama - 2018, 48 episodes",7.8,<class 'type'>
Garo: Makai Senki,#2563,"Japanese Drama - 2011, 24 episodes",7.8,<class 'type'>
To My Shore Special,#2564,"Chinese Drama - 2026, 1 episodes",7.8,<class 'type'>
You Can't Expense This!,#2565,"Japanese Drama - 2019, 10 episodes",7.8,<class 'type'>
Miss Gu Who Is Silent,#2566,"Chinese Drama - 2020, 20 episodes",7.8,<class 'type'>
The Romance Manga Artist,#2567,"Japanese Drama - 2021, 11 episodes",7.8,<class 'type'>
10 Count to the Future,#2568,"Japanese Drama - 2022, 9 episodes",7.8,<class 'type'>
Money Game,#2569,"Korean Drama - 2020, 16 episodes",7.8,<class 'type'>
Brocade Odyssey,#2570,"Chinese Drama - 2024, 40 episodes",7.8,<class 'type'>
The Nipple Talk,#2571,"Taiwanese Drama - 2024, 10 episodes",7.8,<class 'type'>
Be My Princess,#2572,"Chinese Drama - 2022, 30 episodes",7.8,<class 'type'>
Jazz for Two,#2573,"Korean Drama - 2024, 8 episodes",7.8,<class 'type'>
The Three GentleBros,#2574,"Thai Drama - 2022, 18 episodes",7.8,<class 'type'>
Carnation,#2575,"Japanese Drama - 2011, 151 episodes",7.8,<class 'type'>
The Listener,#2576,"Chinese Drama - 2019, 36 episodes",7.8,<class 'type'>
Drifting Away,#2577,"Chinese Drama - 2025, 14 episodes",7.8,<class 'type'>
Sanctuary,#2578,"Japanese Drama - 2023, 8 episodes",7.8,<class 'type'>
Yae no Sakura,#2579,"Japanese Drama - 2013, 50 episodes",7.8,<class 'type'>
Tokyo Dogs,#2580,"Japanese Drama - 2009, 10 episodes",7.8,<class 'type'>
My Deskmate,#2581,"Chinese Drama - 2021, 30 episodes",7.8,<class 'type'>
Pending Train,#2582,"Japanese Drama - 2023, 10 episodes",7.8,<class 'type'>
Our Dearest Sakura,#2583,"Japanese Drama - 2019, 10 episodes",7.8,<class 'type'>
We Are Peaceful Brothers,#2584,"Korean Drama - 2017, 15 episodes",7.8,<class 'type'>
Mr. Fox and Miss Rose,#2585,"Chinese Drama - 2020, 30 episodes",7.8,<class 'type'>
Return of the Queen,#2586,"Chinese Drama - 2025, 24 episodes",7.8,<class 'type'>
AARO: All-Domain Anomaly Resolution Office,#2587,"Japanese Drama - 2024, 10 episodes",7.8,<class 'type'>
The Confidence Man JP Special,#2588,"Japanese Special - 2019, 1 episodes",7.8,<class 'type'>
BL Drama no Shuen ni Narimashita: Crank In Hen,#2589,"Japanese Special - 2024, 1 episodes",7.8,<class 'type'>
Love a Lifetime,#2590,"Chinese Drama - 2020, 45 episodes",7.8,<class 'type'>
My Husband in Law,#2591,"Thai Drama - 2020, 15 episodes",7.8,<class 'type'>
Sweet Revenge,#2592,"Korean Drama - 2017, 22 episodes",7.8,<class 'type'>
Out with a Bang,#2593,"Chinese Drama - 2022, 24 episodes",7.8,<class 'type'>
Great Men Academy,#2594,"Thai Drama - 2019, 8 episodes",7.8,<class 'type'>
Gokusen Special 2,#2595,"Japanese Special - 2005, 1 episodes",7.8,<class 'type'>
The Giver,#2596,"Thai Drama - 2022, 13 episodes",7.8,<class 'type'>
A Year-End Medley: Extended Version,#2597,"Korean Special - 2022, 6 episodes",7.8,<class 'type'>
Legend of the Phoenix,#2598,"Chinese Drama - 2019, 41 episodes",7.8,<class 'type'>
I Wanna Be Sup'Tar,#2599,"Thai Drama - 2015, 26 episodes",7.8,<class 'type'>
Love Is a Poison,#2600,"Japanese Drama - 2024, 12 episodes",7.8,<class 'type'>
Rosy Business Season 2: No Regrets,#2601,"Hong Kong Drama - 2010, 32 episodes",7.8,<class 'type'>
Papa & Daddy,#2602,"Taiwanese Drama - 2021, 6 episodes",7.8,<class 'type'>
Star & Sky Special Ep,#2603,"Thai Drama - 2022, 1 episodes",7.8,<class 'type'>
Hope or Dope,#2604,"Korean Drama - 2022, 10 episodes",7.8,<class 'type'>
Love Tractor,#2605,"Korean Drama - 2023, 8 episodes",7.8,<class 'type'>
Be Loved in House: I Do,#2606,"Taiwanese Drama - 2021, 12 episodes",7.8,<class 'type'>
Hitsudan Hostess,#2607,"Japanese Special - 2010, 1 episodes",7.8,<class 'type'>
Le Vrai Où,#2608,"Chinese Special - 2020, 1 episodes",7.8,<class 'type'>
Watashi wo Hanasanaide,#2609,"Japanese Drama - 2016, 10 episodes",7.8,<class 'type'>
Cheewit Puer Kah Huajai Puer Tur,#2610,"Thai Drama - 2017, 18 episodes",7.8,<class 'type'>
Devil beside You,#2611,"Taiwanese Drama - 2005, 20 episodes",7.8,<class 'type'>
The Deal,#2612,"Korean Drama - 2023, 8 episodes",7.8,<class 'type'>
Rebirth for You,#2613,"Chinese Drama - 2021, 40 episodes",7.8,<class 'type'>
Rahut Rissaya,#2614,"Thai Drama - 2020, 17 episodes",7.8,<class 'type'>
First Romance: Special,#2615,"Chinese Special - 2020, 1 episodes",7.8,<class 'type'>
The Invisibles,#2616,"Hong Kong Drama - 2023, 30 episodes",7.8,<class 'type'>
The Curse of Saree,#2617,"Thai Drama - 2022, 14 episodes",7.8,<class 'type'>
No Secrets,#2618,"Chinese Drama - 2019, 32 episodes",7.8,<class 'type'>
Shiroi Haru,#2619,"Japanese Drama - 2009, 11 episodes",7.8,<class 'type'>
Honour,#2620,"Korean Drama - 2026, 12 episodes",7.8,<class 'type'>
Drama Stage Season 3: Everyone Is There,#2621,"Korean Special - 2020, 1 episodes",7.8,<class 'type'>
Tiger & Dragon Special,#2622,"Japanese Special - 2005, 1 episodes",7.8,<class 'type'>
Red Swan,#2623,"Korean Drama - 2024, 10 episodes",7.8,<class 'type'>
Tawipob,#2624,"Thai Drama - 2011, 17 episodes",7.8,<class 'type'>
Kyo Kara Ore wa!! SP,#2625,"Japanese Special - 2020, 1 episodes",7.8,<class 'type'>
The Last Man: The Blind Profiler,#2626,"Japanese Drama - 2023, 10 episodes",7.8,<class 'type'>
Iribito,#2627,"Japanese Drama - 2021, 5 episodes",7.8,<class 'type'>
Beautiful Time with You,#2628,"Chinese Drama - 2020, 32 episodes",7.8,<class 'type'>
Homemade Love Story,#2629,"Korean Drama - 2020, 100 episodes",7.8,<class 'type'>
The Promise,#2630,"Filipino Drama - 2015, 190 episodes",7.8,<class 'type'>
The Legend of Heroes,#2631,"Chinese Drama - 2024, 60 episodes",7.8,<class 'type'>
Man to Man,#2632,"Korean Drama - 2017, 16 episodes",7.8,<class 'type'>
Fah Mee Tawan,#2633,"Thai Drama - 2020, 18 episodes",7.8,<class 'type'>
Boys' Lockdown,#2634,"Filipino Drama - 2020, 6 episodes",7.8,<class 'type'>
Bright Moon of Spring Night,#2635,"Chinese Drama - 2025, 48 episodes",7.8,<class 'type'>
Guess Who I Am,#2636,"Chinese Drama - 2024, 24 episodes",7.8,<class 'type'>
Runaway,#2637,"Thai Drama - 2025, 8 episodes",7.8,<class 'type'>
MuTeLuv: Not My Father!,#2638,"Thai Drama - 2025, 4 episodes",7.8,<class 'type'>
Bitch X Rich,#2639,"Korean Drama - 2023, 10 episodes",7.8,<class 'type'>
KA Lip Care,#2640,"Thai Special - 2017, 1 episodes",7.8,<class 'type'>
Love Script,#2641,"Chinese Drama - 2020, 24 episodes",7.8,<class 'type'>
Anna,#2642,"Korean Drama - 2022, 6 episodes",7.8,<class 'type'>
The Lady in Butcher's House,#2643,"Chinese Drama - 2022, 36 episodes",7.8,<class 'type'>
A Lonely Hero’s Journey,#2644,"Chinese Drama - 2024, 36 episodes",7.8,<class 'type'>
Family,#2645,"Korean Drama - 2012, 120 episodes",7.8,<class 'type'>
The Potato Lab,#2646,"Korean Drama - 2025, 12 episodes",7.8,<class 'type'>
The Flower in Prison,#2647,"Korean Drama - 2016, 51 episodes",7.8,<class 'type'>
Kikai Sentai Zenkaiger,#2648,"Japanese Drama - 2021, 49 episodes",7.8,<class 'type'>
Justifiable Defense,#2649,"Chinese Drama - 2025, 15 episodes",7.8,<class 'type'>
"Ready, Set, Love",#2650,"Thai Drama - 2024, 6 episodes",7.8,<class 'type'>
Love on the Turquoise Land,#2651,"Chinese Drama - 2025, 32 episodes",7.8,<class 'type'>
Oh My Ghost,#2652,"Thai Drama - 2018, 16 episodes",7.8,<class 'type'>
The King's Woman,#2653,"Chinese Drama - 2017, 48 episodes",7.8,<class 'type'>
"Watashi, Teiji de Kaerimasu",#2654,"Japanese Drama - 2019, 10 episodes",7.8,<class 'type'>
Who Saw the Peacock Dance in the Jungle?,#2655,"Japanese Drama - 2025, 10 episodes",7.8,<class 'type'>
"Hello, I'm at Your Service",#2656,"Chinese Drama - 2023, 24 episodes",7.8,<class 'type'>
Ultraman Z,#2657,"Japanese Drama - 2020, 25 episodes",7.8,<class 'type'>
The Scholar Who Walks the Night,#2658,"Korean Drama - 2015, 20 episodes",7.8,<class 'type'>
Xin Dong Huan Qing Gao Su Wo,#2659,"Chinese Drama - 2025, 85 episodes",7.8,<class 'type'>
"Cheat On Me, if You Can",#2660,"Korean Drama - 2020, 16 episodes",7.8,<class 'type'>
My Wife’s Having an Affair This Week,#2661,"Korean Drama - 2016, 12 episodes",7.8,<class 'type'>
The Sealer,#2662,"Japanese Drama - 2022, 9 episodes",7.8,<class 'type'>
Just One Bite,#2663,"Korean Drama - 2018, 8 episodes",7.8,<class 'type'>
I Will Find You a Better Home,#2664,"Chinese Drama - 2020, 53 episodes",7.8,<class 'type'>
Chastity High,#2665,"Japanese Drama - 2024, 8 episodes",7.8,<class 'type'>
Toumei na Yurikago,#2666,"Japanese Drama - 2018, 10 episodes",7.8,<class 'type'>
Refresh Man,#2667,"Taiwanese Drama - 2016, 17 episodes",7.8,<class 'type'>
Why Didn’t I Tell You a Million Times?,#2668,"Japanese Drama - 2023, 10 episodes",7.8,<class 'type'>
I Started Following Romance,#2669,"Korean Drama - 2019, 10 episodes",7.8,<class 'type'>
Kkondae  Intern,#2670,"Korean Drama - 2020, 24 episodes",7.8,<class 'type'>
Billion x School,#2671,"Japanese Drama - 2024, 11 episodes",7.8,<class 'type'>
For Eagle Brothers,#2672,"Korean Drama - 2025, 54 episodes",7.8,<class 'type'>
Echoes of the Self,#2673,"Chinese Drama - 2025, 22 episodes",7.8,<class 'type'>
Hitotsu Yane no Shita,#2674,"Japanese Drama - 1993, 12 episodes",7.8,<class 'type'>
The Kitazawas: We Mind Our Own Business,#2675,"Japanese Drama - 2018, 10 episodes",7.8,<class 'type'>
The Naked Director,#2676,"Japanese Drama - 2019, 8 episodes",7.8,<class 'type'>
Sisyphus: The Myth,#2677,"Korean Drama - 2021, 16 episodes",7.8,<class 'type'>
Cuo Dian Yuan Yang,#2678,"Chinese Drama - 2012, 25 episodes",7.8,<class 'type'>
Wild Bloom,#2679,"Chinese Drama - 2022, 36 episodes",7.8,<class 'type'>
My Beautiful Man,#2680,"Japanese Drama - 2021, 6 episodes",7.8,<class 'type'>
The Ship of Theseus,#2681,"Japanese Drama - 2020, 10 episodes",7.8,<class 'type'>
About Is Love,#2682,"Chinese Drama - 2018, 30 episodes",7.8,<class 'type'>
"Fujoshi, Ukkari Gei ni Kokuru",#2683,"Japanese Drama - 2019, 8 episodes",7.8,<class 'type'>
Caged Again,#2684,"Thai Drama - 2024, 10 episodes",7.8,<class 'type'>
Fragrance of the First Flower Season 2,#2685,"Taiwanese Drama - 2025, 12 episodes",7.8,<class 'type'>
Fateful Love,#2686,"Chinese Drama - 2024, 40 episodes",7.8,<class 'type'>
The Mermaid Prince: The Beginning,#2687,"Korean Drama - 2020, 10 episodes",7.8,<class 'type'>
The Princess's Gambit,#2688,"Chinese Drama - 2025, 36 episodes",7.8,<class 'type'>
Ohisama,#2689,"Japanese Drama - 2011, 156 episodes",7.8,<class 'type'>
Never Say Never,#2690,"Chinese Drama - 2019, 42 episodes",7.8,<class 'type'>
Ashes to Crown,#2691,"Chinese Drama - 2026, 24 episodes",7.8,<class 'type'>
The Gift of Your Heart,#2692,"Japanese Drama - 2024, 11 episodes",7.8,<class 'type'>
One Room Angel,#2693,"Japanese Drama - 2023, 6 episodes",7.8,<class 'type'>
The Romance of Hua Rong Season 2,#2694,"Chinese Drama - 2022, 24 episodes",7.8,<class 'type'>
Chip In,#2695,"Korean Drama - 2020, 8 episodes",7.8,<class 'type'>
The Wolf Princess,#2696,"Chinese Drama - 2021, 24 episodes",7.8,<class 'type'>
Advance Bravely,#2697,"Chinese Drama - 2017, 30 episodes",7.8,<class 'type'>
The Epoch of Miyu,#2698,"Chinese Drama - 2026, 38 episodes",7.8,<class 'type'>
Kunlun Tomb,#2699,"Chinese Drama - 2022, 16 episodes",7.8,<class 'type'>
Seito ga Jinsei wo Yarinaoseru Gakko,#2700,"Japanese Special - 2021, 1 episodes",7.8,<class 'type'>
Bed Friend: Uncut,#2701,"Thai Drama - 2023, 10 episodes",7.8,<class 'type'>
Seirei no Moribito,#2702,"Japanese Drama - 2016, 4 episodes",7.8,<class 'type'>
The Cupids Series: Kammathep Sorn Kol,#2703,"Thai Drama - 2017, 7 episodes",7.8,<class 'type'>
Dawn Is Breaking,#2704,"Chinese Drama - 2024, 30 episodes",7.8,<class 'type'>
My Love Eun Dong,#2705,"Korean Drama - 2015, 16 episodes",7.8,<class 'type'>
See You at Work Tomorrow!,#2706,"Korean Drama - 2026, 12 episodes",7.8,<class 'type'>
Romance of a Twin Flower,#2707,"Chinese Drama - 2023, 38 episodes",7.8,<class 'type'>
Candle in the Tomb,#2708,"Chinese Drama - 2016, 21 episodes",7.8,<class 'type'>
Myu no Anyo Papa ni Ageru,#2709,"Japanese Special - 2008, 1 episodes",7.8,<class 'type'>
A Step into the Past,#2710,"Hong Kong Drama - 2001, 40 episodes",7.8,<class 'type'>
Endless Protection,#2711,"Chinese Drama - 2025, 24 episodes",7.8,<class 'type'>
Plus Nine Boys,#2712,"Korean Drama - 2014, 14 episodes",7.8,<class 'type'>
Haha ni Naru,#2713,"Japanese Drama - 2017, 10 episodes",7.8,<class 'type'>
Theory of Love,#2714,"Thai Drama - 2019, 12 episodes",7.8,<class 'type'>
His: I Didn't Think I Would Fall in Love,#2715,"Japanese Drama - 2019, 5 episodes",7.8,<class 'type'>
Ga Doo Ri’s Sushi Restaurant,#2716,"Korean Drama - 2020, 12 episodes",7.8,<class 'type'>
Reverse with Me: Uncut,#2717,"Thai Drama - 2025, 8 episodes",7.8,<class 'type'>
The Maid,#2718,"Chinese Drama - 2025, 26 episodes",7.7,<class 'type'>
Khun Chai Ronaphee,#2719,"Thai Drama - 2013, 11 episodes",7.8,<class 'type'>
Kazama Kimichika: Kyojo Zero,#2720,"Japanese Drama - 2023, 11 episodes",7.8,<class 'type'>
Secretary Bai Wants to Resign Everyday,#2721,"Chinese Drama - 2022, 21 episodes",7.8,<class 'type'>
Unique Lady,#2722,"Chinese Drama - 2019, 12 episodes",7.8,<class 'type'>
Helpless without You,#2723,"Chinese Drama - 2025, 61 episodes",7.8,<class 'type'>
Don't Leave After School,#2724,"Chinese Drama - 2021, 24 episodes",7.8,<class 'type'>
Walk Into Your Memory,#2725,"Chinese Drama - 2019, 24 episodes",7.8,<class 'type'>
Pit Babe,#2726,"Thai Drama - 2023, 13 episodes",7.7,<class 'type'>
Day Breaker,#2727,"Chinese Drama - 2022, 24 episodes",7.8,<class 'type'>
Chasing Love,#2728,"Thai Drama - 2026, 8 episodes",7.8,<class 'type'>
Solitary Gourmet,#2729,"Japanese Drama - 2012, 12 episodes",7.8,<class 'type'>
No Side Manager,#2730,"Japanese Drama - 2019, 10 episodes",7.7,<class 'type'>
Midnight Motel,#2731,"Thai Drama - 2022, 6 episodes",7.7,<class 'type'>
The 19th Medical Chart,#2732,"Japanese Drama - 2025, 8 episodes",7.7,<class 'type'>
Be Your Knight,#2733,"Chinese Drama - 2024, 29 episodes",7.7,<class 'type'>
Singing All Along,#2734,"Chinese Drama - 2016, 56 episodes",7.8,<class 'type'>
The Royal Gambler,#2735,"Korean Drama - 2016, 24 episodes",7.7,<class 'type'>
Familiar Wife,#2736,"Japanese Drama - 2021, 11 episodes",7.7,<class 'type'>
Liars in Love,#2737,"Chinese Drama - 2024, 24 episodes",7.8,<class 'type'>
#Remolove: Futsuu no Koi wa Jado,#2738,"Japanese Drama - 2020, 10 episodes",7.7,<class 'type'>
Game of Outlaws,#2739,"Thai Drama - 2021, 19 episodes",7.8,<class 'type'>
We Best Love: No. 1 For You - Special Episode 6.5,#2740,"Taiwanese Special - 2021, 1 episodes",7.7,<class 'type'>
Big White Duel,#2741,"Hong Kong Drama - 2019, 25 episodes",7.7,<class 'type'>
Exploration Method of Love,#2742,"Chinese Drama - 2023, 22 episodes",7.7,<class 'type'>
Gudetama: An Eggcellent Adventure,#2743,"Japanese Drama - 2022, 10 episodes",7.7,<class 'type'>
Stealer: The Treasure Keeper,#2744,"Korean Drama - 2023, 12 episodes",7.7,<class 'type'>
The Miracle of Teddy Bear,#2745,"Thai Drama - 2022, 16 episodes",7.7,<class 'type'>
The New Heaven Sword and the Dragon Sabre,#2746,"Hong Kong Drama - 1986, 40 episodes",7.7,<class 'type'>
Lost Track of Time,#2747,"Chinese Drama - 2022, 30 episodes",7.7,<class 'type'>
Dangerous Love,#2748,"Korean Special - 2006, 1 episodes",7.7,<class 'type'>
Leh Ratree,#2749,"Thai Drama - 2015, 12 episodes",7.7,<class 'type'>
Strawberry Night,#2750,"Japanese Special - 2010, 1 episodes",7.7,<class 'type'>
Switched,#2751,"Japanese Drama - 2018, 6 episodes",7.7,<class 'type'>
Echo of Her Voice,#2752,"Chinese Drama - 2024, 24 episodes",7.7,<class 'type'>
Pope Rak,#2753,"Thai Drama - 2014, 12 episodes",7.7,<class 'type'>
Beneath the Undertow,#2754,"Chinese Drama - 2025, 19 episodes",7.7,<class 'type'>
Chaser Game W2: Utsukushiki Tennyotachi,#2755,"Japanese Drama - 2024, 8 episodes",7.7,<class 'type'>
Queen Woo,#2756,"Korean Drama - 2024, 8 episodes",7.7,<class 'type'>
Dear Missy,#2757,"Chinese Drama - 2020, 36 episodes",7.7,<class 'type'>
Dream to You,#2758,"Korean Drama - 2026, 12 episodes",7.7,<class 'type'>
Cinderella and the Four Knights,#2759,"Korean Drama - 2016, 16 episodes",7.7,<class 'type'>
Bureau of Transformer,#2760,"Chinese Drama - 2019, 24 episodes",7.7,<class 'type'>
Forensic Heroes Season 3,#2761,"Hong Kong Drama - 2011, 30 episodes",7.7,<class 'type'>
I'm the Most Beautiful Count,#2762,"Thai Drama - 2025, 13 episodes",7.7,<class 'type'>
Insect Detective Season 2,#2763,"Chinese Drama - 2024, 26 episodes",7.7,<class 'type'>
Kieta Hatsukoi Special,#2764,"Japanese Special - 2021, 1 episodes",7.7,<class 'type'>
My Love from Another Star,#2765,"Thai Drama - 2019, 16 episodes",7.7,<class 'type'>
Ren Yu,#2766,"Chinese Drama - 2026, 22 episodes",7.7,<class 'type'>
Wacko at Law,#2767,"Taiwanese Drama - 2020, 15 episodes",7.7,<class 'type'>
Shadow,#2768,"Thai Drama - 2023, 14 episodes",7.7,<class 'type'>
Rosy Business,#2769,"Hong Kong Drama - 2009, 25 episodes",7.7,<class 'type'>
My Lonely Planet,#2770,"Chinese Drama - 2020, 24 episodes",7.7,<class 'type'>
An Lian Shi Ke Xing Xing Tang,#2771,"Chinese Drama - 2025, 100 episodes",7.7,<class 'type'>
Lingering in Mind,#2772,"Chinese Drama - 2025, 92 episodes",7.7,<class 'type'>
The Science of Falling in Love,#2773,"Chinese Drama - 2023, 24 episodes",7.7,<class 'type'>
The Glory of Tang Dynasty,#2774,"Chinese Drama - 2017, 60 episodes",7.7,<class 'type'>
Koko wa Ima kara Rinri desu,#2775,"Japanese Drama - 2021, 8 episodes",7.7,<class 'type'>
The Day I Loved You,#2776,"Filipino Drama - 2023, 10 episodes",7.7,<class 'type'>
Heart of Greed,#2777,"Hong Kong Drama - 2007, 40 episodes",7.7,<class 'type'>
The Great Show,#2778,"Korean Drama - 2019, 16 episodes",7.7,<class 'type'>
Once upon a Time... in My Heart,#2779,"Thai Drama - 2016, 12 episodes",7.7,<class 'type'>
49 Days with a Merman,#2780,"Taiwanese Drama - 2022, 14 episodes",7.7,<class 'type'>
Young Blood Season 2,#2781,"Chinese Drama - 2023, 27 episodes",7.7,<class 'type'>
Galileo Season 2,#2782,"Japanese Drama - 2013, 11 episodes",7.7,<class 'type'>
To Get Her,#2783,"Chinese Drama - 2019, 30 episodes",7.7,<class 'type'>
Three Dads,#2784,"Japanese Drama - 2017, 10 episodes",7.7,<class 'type'>
Maid's Revenge:  Special Fang Tian Yi,#2785,"Chinese Special - 2022, 3 episodes",7.7,<class 'type'>
Tokyo Joshi Zukan,#2786,"Japanese Drama - 2016, 11 episodes",7.7,<class 'type'>
Oops! I'm in Jail,#2787,"Taiwanese Drama - 2025, 12 episodes",7.7,<class 'type'>
Summerdaze,#2788,"Singaporean Special - 2018, 1 episodes",7.7,<class 'type'>
The Story of Xing Fu,#2789,"Chinese Drama - 2022, 40 episodes",7.7,<class 'type'>
Listening Snow Tower,#2790,"Chinese Drama - 2019, 56 episodes",7.7,<class 'type'>
Our Skyy 2: A Boss and a Babe,#2791,"Thai Special - 2023, 2 episodes",7.7,<class 'type'>
The Village: Achiara's Secret,#2792,"Korean Drama - 2015, 16 episodes",7.7,<class 'type'>
My Personal Weatherman,#2793,"Japanese Drama - 2023, 8 episodes",7.7,<class 'type'>
Hanazakari no Kimitachi e Special,#2794,"Japanese Drama - 2008, 1 episodes",7.7,<class 'type'>
Dr. Chocolate,#2795,"Japanese Drama - 2023, 10 episodes",7.7,<class 'type'>
Ugly Duckling Series: Don't,#2796,"Thai Drama - 2015, 7 episodes",7.7,<class 'type'>
Mr. Heart Special,#2797,"Korean Special - 2020, 1 episodes",7.7,<class 'type'>
Age of Rebellion,#2798,"Taiwanese Drama - 2018, 15 episodes",7.7,<class 'type'>
Eye Love You,#2799,"Japanese Drama - 2024, 10 episodes",7.7,<class 'type'>
Kamen Rider Black,#2800,"Japanese Drama - 1987, 51 episodes",7.7,<class 'type'>
The Life of the White Fox,#2801,"Chinese Drama - 2019, 24 episodes",7.7,<class 'type'>
Return,#2802,"Korean Drama - 2018, 34 episodes",7.7,<class 'type'>
Cherry Blossoms after Winter,#2803,"Korean Drama - 2022, 8 episodes",7.7,<class 'type'>
S&X,#2804,"Japanese Drama - 2026, 7 episodes",7.7,<class 'type'>
Two Weeks,#2805,"Japanese Drama - 2019, 10 episodes",7.7,<class 'type'>
Samurai Gourmet,#2806,"Japanese Drama - 2017, 12 episodes",7.7,<class 'type'>
Homesick,#2807,"Chinese Drama - 2022, 12 episodes",7.7,<class 'type'>
"Freeter, Ie o Kau.",#2808,"Japanese Drama - 2010, 10 episodes",7.7,<class 'type'>
Miss Mystery,#2809,"Chinese Drama - 2023, 24 episodes",7.7,<class 'type'>
Oshi ga Budokan Ittekuretara Shinu,#2810,"Japanese Drama - 2022, 10 episodes",7.7,<class 'type'>
Remnants of Gold,#2811,"Chinese Drama - 2026, 13 episodes",7.7,<class 'type'>
A Breeze of Love,#2812,"Korean Drama - 2023, 8 episodes",7.7,<class 'type'>
Sweet Revenge Season 2,#2813,"Korean Drama - 2018, 32 episodes",7.7,<class 'type'>
My First Love,#2814,"Korean Drama - 2018, 10 episodes",7.7,<class 'type'>
The Night of the Comet Season 2,#2815,"Chinese Drama - 2020, 20 episodes",7.7,<class 'type'>
Parallel Love,#2816,"Chinese Drama - 2020, 24 episodes",7.7,<class 'type'>
To Be with You,#2817,"Chinese Drama - 2019, 65 episodes",7.7,<class 'type'>
I Will Teach You Love,#2818,"Korean Drama - 2010, 1 episodes",7.7,<class 'type'>
Healer of Children,#2819,"Chinese Drama - 2020, 44 episodes",7.7,<class 'type'>
Dating Class,#2820,"Korean Drama - 2019, 16 episodes",7.7,<class 'type'>
Road Number One,#2821,"Korean Drama - 2010, 20 episodes",7.7,<class 'type'>
Unforgettable Love: Extra Story,#2822,"Chinese Special - 2021, 1 episodes",7.7,<class 'type'>
"Hold On, My Lady",#2823,"Chinese Drama - 2021, 12 episodes",7.7,<class 'type'>
The Duke of Mount Deer,#2824,"Hong Kong Drama - 2000, 42 episodes",7.7,<class 'type'>
Cute Programmer,#2825,"Chinese Drama - 2021, 30 episodes",7.7,<class 'type'>
A Thousand Goodnights,#2826,"Taiwanese Drama - 2019, 20 episodes",7.7,<class 'type'>
Ya Boy Kongming!,#2827,"Japanese Drama - 2023, 10 episodes",7.7,<class 'type'>
Undefeated,#2828,"Thai Special - 2021, 1 episodes",7.7,<class 'type'>
Shotai,#2829,"Japanese Drama - 2022, 4 episodes",7.7,<class 'type'>
FAKE MOTION: Takkyu no Osho,#2830,"Japanese Drama - 2020, 8 episodes",7.7,<class 'type'>
Iryu Team Medical Dragon  4,#2831,"Japanese Drama - 2014, 11 episodes",7.7,<class 'type'>
Zenkamono,#2832,"Japanese Drama - 2021, 6 episodes",7.7,<class 'type'>
Sakurako-san no Ashimoto ni wa Shitai ga Umatteiru,#2833,"Japanese Drama - 2017, 10 episodes",7.7,<class 'type'>
Smile Code,#2834,"Chinese Drama - 2024, 34 episodes",7.7,<class 'type'>
The Fallen Leaf,#2835,"Thai Drama - 2019, 21 episodes",7.7,<class 'type'>
Chasing in the Wild,#2836,"Filipino Drama - 2024, 19 episodes",7.7,<class 'type'>
My School President: Super Special Episode,#2837,"Thai Drama - 2023, 1 episodes",7.7,<class 'type'>
The Sand Princess,#2838,"Thai Drama - 2019, 14 episodes",7.7,<class 'type'>
Bright Eyes in the Dark,#2839,"Chinese Drama - 2023, 40 episodes",7.7,<class 'type'>
Payback: Money and Power,#2840,"Korean Drama - 2023, 12 episodes",7.7,<class 'type'>
King Maker: The Change of Destiny,#2841,"Korean Drama - 2020, 21 episodes",7.7,<class 'type'>
Lady of Law,#2842,"Chinese Drama - 2022, 40 episodes",7.7,<class 'type'>
The Perfect Match,#2843,"Taiwanese Drama - 2017, 22 episodes",7.7,<class 'type'>
Secret Love Affair,#2844,"Korean Drama - 2014, 16 episodes",7.7,<class 'type'>
The Confidence,#2845,"Chinese Drama - 2020, 40 episodes",7.7,<class 'type'>
Niini no Koto wo Wasurenaide,#2846,"Japanese Special - 2009, 1 episodes",7.7,<class 'type'>
The Flame's Daughter,#2847,"Chinese Drama - 2018, 52 episodes",7.7,<class 'type'>
A Suffocatingly Lonely Death,#2848,"Japanese Drama - 2024, 10 episodes",7.7,<class 'type'>
Roommates of Poongduck 304,#2849,"Korean Drama - 2022, 8 episodes",7.7,<class 'type'>
"Marry Me, or Not?",#2850,"Taiwanese Drama - 2015, 15 episodes",7.7,<class 'type'>
Shooting Stars,#2851,"Chinese Drama - 2024, 34 episodes",7.7,<class 'type'>
Love of My Life,#2852,"Japanese Drama - 2006, 10 episodes",7.7,<class 'type'>
The Big Boss,#2853,"Chinese Drama - 2017, 18 episodes",7.7,<class 'type'>
Justice,#2854,"Korean Drama - 2019, 32 episodes",7.7,<class 'type'>
Please Don't Spoil Me Season 3,#2855,"Chinese Drama - 2022, 24 episodes",7.7,<class 'type'>
Nakark Kaew,#2856,"Thai Drama - 2018, 23 episodes",7.7,<class 'type'>
Yuru Camp△,#2857,"Japanese Drama - 2020, 12 episodes",7.7,<class 'type'>
Room No. 9,#2858,"Korean Drama - 2018, 16 episodes",7.7,<class 'type'>
GTO: New Year Special! Winter Break with A Hot-Blooded Class,#2859,"Japanese Special - 2013, 1 episodes",7.7,<class 'type'>
Blue Flame Assault,#2860,"Chinese Drama - 2022, 33 episodes",7.7,<class 'type'>
The Condor Heroes 95,#2861,"Hong Kong Drama - 1995, 32 episodes",7.7,<class 'type'>
Enjiya,#2862,"Japanese Drama - 2021, 6 episodes",7.7,<class 'type'>
Suishou no Kodou,#2863,"Japanese Drama - 2016, 5 episodes",7.7,<class 'type'>
Me no Doku Sugiru Shokuba no Futari,#2864,"Japanese Drama - 2022, 25 episodes",7.7,<class 'type'>
The Stranded,#2865,"Thai Drama - 2019, 7 episodes",7.7,<class 'type'>
Cops 'n Robbers,#2866,"Japanese Drama - 2018, 10 episodes",7.7,<class 'type'>
Judge vs. Judge,#2867,"Korean Drama - 2017, 32 episodes",7.7,<class 'type'>
Introverted Boss,#2868,"Korean Drama - 2017, 16 episodes",7.7,<class 'type'>
Let’s Talk about Chu,#2869,"Taiwanese Drama - 2024, 8 episodes",7.7,<class 'type'>
You Ta Shi Kong,#2870,"Chinese Drama - 2025, 65 episodes",7.7,<class 'type'>
The Revenge,#2871,"Thai Drama - 2021, 12 episodes",7.7,<class 'type'>
Autumn Cicada,#2872,"Chinese Drama - 2020, 49 episodes",7.7,<class 'type'>
My Page in the 90s,#2873,"Chinese Drama - 2026, 24 episodes",7.7,<class 'type'>
Chihayafuru: Tsunagu,#2874,"Japanese Drama - 2018, 5 episodes",7.7,<class 'type'>
Reverse,#2875,"Japanese Drama - 2017, 10 episodes",7.7,<class 'type'>
No Way Out: The Roulette,#2876,"Korean Drama - 2024, 8 episodes",7.7,<class 'type'>
The Lost Tomb Pilot,#2877,"Chinese Special - 2015, 2 episodes",7.7,<class 'type'>
Bromance: Special,#2878,"Taiwanese Special - 2016, 1 episodes",7.7,<class 'type'>
Moon in the Day,#2879,"Korean Drama - 2023, 14 episodes",7.7,<class 'type'>
The Temperature of Language: Our Nineteen,#2880,"Korean Drama - 2020, 16 episodes",7.7,<class 'type'>
The Leaked,#2881,"Thai Drama - 2020, 3 episodes",7.7,<class 'type'>
Moonshine and Valentine,#2882,"Chinese Drama - 2018, 25 episodes",7.7,<class 'type'>
Beloved,#2883,"Chinese Drama - 2025, 16 episodes",7.7,<class 'type'>
Ming Dynasty,#2884,"Chinese Drama - 2019, 64 episodes",7.7,<class 'type'>
The Legend of Hao Lan,#2885,"Chinese Drama - 2019, 62 episodes",7.7,<class 'type'>
Sweet First Love,#2886,"Chinese Drama - 2020, 24 episodes",7.7,<class 'type'>
Fell upon Me,#2887,"Chinese Drama - 2025, 22 episodes",7.7,<class 'type'>
Romantic,#2888,"Chinese Drama - 2023, 22 episodes",7.7,<class 'type'>
Phetra Naruemit,#2889,"Thai Drama - 2023, 17 episodes",7.7,<class 'type'>
DNA Says Love You,#2890,"Taiwanese Drama - 2022, 12 episodes",7.7,<class 'type'>
"Alice, the Final Weapon",#2891,"Korean Drama - 2022, 8 episodes",7.7,<class 'type'>
Count Your Lucky Stars,#2892,"Chinese Drama - 2020, 34 episodes",7.7,<class 'type'>
High School Chorus,#2893,"Japanese Drama - 2015, 10 episodes",7.7,<class 'type'>
The Unclouded Soul,#2894,"Chinese Drama - 2025, 40 episodes",7.7,<class 'type'>
Love Unexpected,#2895,"Chinese Drama - 2021, 24 episodes",7.7,<class 'type'>
The Plough Department of Song Dynasty,#2896,"Chinese Drama - 2019, 36 episodes",7.7,<class 'type'>
Detective Conan,#2897,"Japanese Drama - 2011, 13 episodes",7.7,<class 'type'>
Fence,#2898,"Japanese Drama - 2023, 5 episodes",7.7,<class 'type'>
Daughter of Lupin,#2899,"Japanese Drama - 2019, 11 episodes",7.7,<class 'type'>
Oi Handsome!,#2900,"Japanese Drama - 2022, 8 episodes",7.7,<class 'type'>
The King in Love,#2901,"Korean Drama - 2017, 40 episodes",7.7,<class 'type'>
To Be a Better Man,#2902,"Chinese Drama - 2016, 42 episodes",7.7,<class 'type'>
Autumn in My Heart,#2903,"Korean Drama - 2000, 16 episodes",7.7,<class 'type'>
Treasure at Dawn,#2904,"Chinese Drama - 2025, 30 episodes",7.7,<class 'type'>
Moonshine,#2905,"Korean Drama - 2021, 16 episodes",7.7,<class 'type'>
Never Forget Your Enemy,#2906,"Thai Drama - 2026, 8 episodes",7.7,<class 'type'>
Royal Upstart Season 2,#2907,"Chinese Drama - 2026, 28 episodes",7.7,<class 'type'>
Back for You,#2908,"Chinese Drama - 2025, 12 episodes",7.7,<class 'type'>
Sins of Kujo,#2909,"Japanese Drama - 2026, 10 episodes",7.7,<class 'type'>
Late Night Restaurant,#2910,"Korean Drama - 2015, 20 episodes",7.7,<class 'type'>
Fight for You,#2911,"Taiwanese Drama - 2025, 12 episodes",7.7,<class 'type'>
The Fearless,#2912,"Chinese Drama - 2023, 40 episodes",7.7,<class 'type'>
Two Husbands One Wife,#2913,"Japanese Drama - 2025, 11 episodes",7.7,<class 'type'>
Ban Shu Legend,#2914,"Chinese Drama - 2015, 42 episodes",7.7,<class 'type'>
My Romance From Far Away,#2915,"Thai Drama - 2022, 29 episodes",7.7,<class 'type'>
The Ghost Detective,#2916,"Korean Drama - 2018, 32 episodes",7.7,<class 'type'>
The Pork Cutlets,#2917,"Korean Drama - 2024, 2 episodes",7.7,<class 'type'>
How to Buy a Friend,#2918,"Korean Drama - 2020, 8 episodes",7.7,<class 'type'>
How to Hate You,#2919,"Korean Drama - 2019, 6 episodes",7.7,<class 'type'>
Tiger Cubs,#2920,"Hong Kong Drama - 2012, 13 episodes",7.7,<class 'type'>
"Yes, Her Majesty",#2921,"Chinese Drama - 2023, 20 episodes",7.7,<class 'type'>
CONNECTED: The Homebound Detective,#2922,"Japanese Special - 2022, 2 episodes",7.7,<class 'type'>
Our Skyy: Pete-Kao,#2923,"Thai Special - 2018, 1 episodes",7.7,<class 'type'>
I Have a Lover,#2924,"Korean Drama - 2015, 50 episodes",7.7,<class 'type'>
Nang Ai,#2925,"Thai Drama - 2016, 15 episodes",7.7,<class 'type'>
The King of Dramas,#2926,"Korean Drama - 2012, 18 episodes",7.7,<class 'type'>
"Guai Guai Ru Ju, He Shao Fang Si Jiao Chong",#2927,"Chinese Drama - 2025, 71 episodes",7.7,<class 'type'>
Inheritance Detective,#2928,"Japanese Drama - 2025, 10 episodes",7.7,<class 'type'>
Ossan's Love Returns Spin-off Drama: Haruta to Maki no Shinkon Shoya,#2929,"Japanese Special - 2024, 1 episodes",7.7,<class 'type'>
Double Me,#2930,"Thai Special - 2022, 1 episodes",7.7,<class 'type'>
My Grandpa Is a BL Writer,#2931,"Thai Drama - 2026, 12 episodes",7.7,<class 'type'>
"Hong Gil Dong, the Hero!",#2932,"Korean Drama - 2008, 24 episodes",7.7,<class 'type'>
Ms. Cupid in Love,#2933,"Chinese Drama - 2022, 24 episodes",7.7,<class 'type'>
Bakuage Sentai Boonboomger,#2934,"Japanese Drama - 2024, 48 episodes",7.7,<class 'type'>
My Fantastic Mrs Right Season 2,#2935,"Chinese Drama - 2020, 12 episodes",7.7,<class 'type'>
Love after School,#2936,"Korean Drama - 2017, 8 episodes",7.7,<class 'type'>
My Dangerous Wife,#2937,"Korean Drama - 2020, 16 episodes",7.7,<class 'type'>
Remembering Lichuan,#2938,"Chinese Drama - 2016, 38 episodes",7.7,<class 'type'>
I'm Home,#2939,"Japanese Drama - 2015, 10 episodes",7.7,<class 'type'>
A Lucid Dream,#2940,"Chinese Drama - 2024, 18 episodes",7.7,<class 'type'>
Daisuki!!,#2941,"Japanese Drama - 2008, 10 episodes",7.7,<class 'type'>
Go Back Lover,#2942,"Chinese Drama - 2024, 24 episodes",7.7,<class 'type'>
GTO: Autumn Demon Rampage Special,#2943,"Japanese Special - 2012, 1 episodes",7.7,<class 'type'>
Atsu Hime,#2944,"Japanese Drama - 2008, 50 episodes",7.7,<class 'type'>
Jin Sheng Yu Ni,#2945,"Chinese Drama - 2025, 60 episodes",7.7,<class 'type'>
The Greatest Teacher,#2946,"Japanese Drama - 2023, 10 episodes",7.7,<class 'type'>
A Warmed Up Love,#2947,"Japanese Drama - 2020, 10 episodes",7.7,<class 'type'>
Girl Rules,#2948,"Thai Drama - 2026, 12 episodes",7.7,<class 'type'>
My Troublesome Star,#2949,"Korean Drama - 2025, 12 episodes",7.7,<class 'type'>
Bitter Sweet Hell,#2950,"Korean Drama - 2024, 12 episodes",7.7,<class 'type'>
Mr. Fighting,#2951,"Chinese Drama - 2019, 45 episodes",7.7,<class 'type'>
Last Cinderella,#2952,"Japanese Drama - 2013, 11 episodes",7.7,<class 'type'>
Save the Last Dance for Me,#2953,"Korean Drama - 2004, 20 episodes",7.7,<class 'type'>
Stars Falling from the Sky,#2954,"Korean Drama - 2010, 20 episodes",7.7,<class 'type'>
Love Behind the Melody,#2955,"Chinese Drama - 2022, 24 episodes",7.7,<class 'type'>
See Her Again,#2956,"Chinese Drama - 2024, 18 episodes",7.7,<class 'type'>
Your Story,#2957,"Japanese Drama - 2015, 10 episodes",7.7,<class 'type'>
Time to Fall in Love,#2958,"Chinese Drama - 2022, 24 episodes",7.7,<class 'type'>
Demi Gods & Semi Devils,#2959,"Chinese Drama - 2003, 40 episodes",7.7,<class 'type'>
Love Is All,#2960,"Chinese Drama - 2020, 26 episodes",7.7,<class 'type'>
He's Expecting,#2961,"Japanese Drama - 2022, 8 episodes",7.7,<class 'type'>
Nice to Meet You,#2962,"Chinese Drama - 2019, 53 episodes",7.7,<class 'type'>
Miss the Dragon Special,#2963,"Chinese Special - 2021, 1 episodes",7.7,<class 'type'>
Shikaku Tantei Higurashi Tabito,#2964,"Japanese Special - 2015, 1 episodes",7.7,<class 'type'>
Brave Yoshihiko and the Demon's Key,#2965,"Japanese Drama - 2012, 11 episodes",7.7,<class 'type'>
ST Keishichou Kagaku Tokusou-han,#2966,"Japanese Special - 2013, 1 episodes",7.7,<class 'type'>
Adult Trainee,#2967,"Korean Drama - 2021, 7 episodes",7.7,<class 'type'>
The Heavenly Sword and Dragon Sabre,#2968,"Taiwanese Drama - 2002, 40 episodes",7.7,<class 'type'>
Duang Jai Akkanee,#2969,"Thai Drama - 2010, 10 episodes",7.7,<class 'type'>
U-Prince: T-Rex,#2970,"Thai Drama - 2016, 4 episodes",7.7,<class 'type'>
Kyojo 2,#2971,"Japanese Special - 2021, 2 episodes",7.7,<class 'type'>
Roommates of Poongduck 304 Special,#2972,"Korean Special - 2022, 1 episodes",7.7,<class 'type'>
Dark Hole,#2973,"Korean Drama - 2021, 12 episodes",7.7,<class 'type'>
Drama Stage Season 1: Anthology,#2974,"Korean Special - 2018, 1 episodes",7.7,<class 'type'>
Oh! My Emperor,#2975,"Chinese Drama - 2018, 21 episodes",7.7,<class 'type'>
Martial Universe Season 2,#2976,"Chinese Drama - 2018, 20 episodes",7.7,<class 'type'>
Song Huajai Nee Puea Tur,#2977,"Thai Drama - 2015, 12 episodes",7.7,<class 'type'>
9 Border,#2978,"Japanese Drama - 2024, 10 episodes",7.7,<class 'type'>
Roosevelt Game,#2979,"Japanese Drama - 2014, 9 episodes",7.7,<class 'type'>
The Cupids Series: Sorn Ruk Kammathep,#2980,"Thai Drama - 2017, 7 episodes",7.7,<class 'type'>
The Princess Royal Special,#2981,"Chinese Special - 2024, 1 episodes",7.7,<class 'type'>
The Glory of Tang Dynasty Season 2,#2982,"Chinese Drama - 2017, 32 episodes",7.7,<class 'type'>
Mist of Love,#2983,"Thai Drama - 2020, 14 episodes",7.7,<class 'type'>
The Trust,#2984,"Chinese Drama - 2023, 30 episodes",7.7,<class 'type'>
"Later, I Laughed",#2985,"Chinese Drama - 2024, 24 episodes",7.7,<class 'type'>
BL Drama no Shuen ni Narimashita: Crank Up Hen,#2986,"Japanese Drama - 2023, 3 episodes",7.7,<class 'type'>
Oretachi wa Abunakunai ~ Cool ni Saboru Keijitachi,#2987,"Japanese Drama - 2020, 8 episodes",7.7,<class 'type'>
Doctor on the Edge,#2988,"Korean Drama - 2026, 12 episodes",7.7,<class 'type'>
Satsui no Michinori,#2989,"Japanese Drama - 2020, 7 episodes",7.7,<class 'type'>
Nice Flight!,#2990,"Japanese Drama - 2022, 8 episodes",7.7,<class 'type'>
Daddy is My Classmate,#2991,"Japanese Drama - 2020, 7 episodes",7.7,<class 'type'>
Angel Beside Me,#2992,"Thai Drama - 2020, 12 episodes",7.7,<class 'type'>
Miss Truth,#2993,"Chinese Drama - 2020, 36 episodes",7.7,<class 'type'>
Aishiteiru to Ittekure,#2994,"Japanese Drama - 1995, 12 episodes",7.7,<class 'type'>
Winter Sonata,#2995,"Korean Drama - 2002, 20 episodes",7.7,<class 'type'>
Tokyo Bandwagon,#2996,"Japanese Drama - 2013, 10 episodes",7.7,<class 'type'>
Tokumei Sentai Go-Busters,#2997,"Japanese Drama - 2012, 50 episodes",7.7,<class 'type'>
Xiang Yan Hua Yi Yang Can Lan,#2998,"Chinese Drama - 2025, 60 episodes",7.7,<class 'type'>
Together with Me,#2999,"Thai Drama - 2017, 13 episodes",7.7,<class 'type'>
Perfect Mismatch,#3000,"Chinese Drama - 2023, 24 episodes",7.7,<class 'type'>
Hello Mr. Gu,#3001,"Chinese Drama - 2021, 30 episodes",7.7,<class 'type'>
Hikonin Sentai Akibaranger,#3002,"Japanese Drama - 2012, 13 episodes",7.7,<class 'type'>
Yamato Nadeshiko Shichi Henge,#3003,"Japanese Drama - 2010, 10 episodes",7.7,<class 'type'>
A Good Day to Be a Dog,#3004,"Korean Drama - 2023, 14 episodes",7.7,<class 'type'>
The Four,#3005,"Chinese Drama - 2015, 48 episodes",7.7,<class 'type'>
We Are All Alone,#3006,"Chinese Drama - 2020, 36 episodes",7.7,<class 'type'>
"Ms. Ma, Nemesis",#3007,"Korean Drama - 2018, 32 episodes",7.7,<class 'type'>
I Am the Years You Are the Stars,#3008,"Chinese Drama - 2021, 24 episodes",7.7,<class 'type'>
Dragon Sakura,#3009,"Japanese Drama - 2005, 11 episodes",7.7,<class 'type'>
Wise and Foolish,#3010,"Japanese Drama - 2015, 8 episodes",7.7,<class 'type'>
The Debut,#3011,"Thai Drama - 2021, 13 episodes",7.7,<class 'type'>
The Bangkok Boy,#3012,"Thai Drama - 2025, 12 episodes",7.7,<class 'type'>
You Raise Me Up,#3013,"Korean Drama - 2021, 8 episodes",7.7,<class 'type'>
Seal of Love,#3014,"Chinese Drama - 2022, 24 episodes",7.7,<class 'type'>
Siren’s Kiss,#3015,"Korean Drama - 2026, 12 episodes",7.7,<class 'type'>
Gasohug,#3016,"Thai Drama - 2016, 6 episodes",7.7,<class 'type'>
Playful Kiss YouTube Edition,#3017,"Korean Special - 2010, 7 episodes",7.7,<class 'type'>
Jiu Liu Overlord,#3018,"Chinese Drama - 2020, 36 episodes",7.7,<class 'type'>
Reverse 4 You,#3019,"Thai Drama - 2024, 8 episodes",7.7,<class 'type'>
Hirugao: Love Affairs in the Afternoon,#3020,"Japanese Drama - 2014, 11 episodes",7.7,<class 'type'>
Yutori Desu ga Nani ka,#3021,"Japanese Drama - 2016, 10 episodes",7.7,<class 'type'>
Love Is Deep,#3022,"Chinese Drama - 2019, 40 episodes",7.7,<class 'type'>
Embrace in the Dark Night,#3023,"Chinese Drama - 2024, 24 episodes",7.7,<class 'type'>
Cute Bodyguard,#3024,"Chinese Drama - 2022, 24 episodes",7.7,<class 'type'>
"Beautiful Love, Wonderful Life",#3025,"Korean Drama - 2019, 100 episodes",7.7,<class 'type'>
"Atypical Crime Investigator, Hinako Todo",#3026,"Japanese Drama - 2016, 9 episodes",7.7,<class 'type'>
Trace,#3027,"Chinese Drama - 2020, 36 episodes",7.7,<class 'type'>
My Dear Lady,#3028,"Chinese Drama - 2020, 16 episodes",7.7,<class 'type'>
Seigi no Mikata,#3029,"Japanese Drama - 2008, 10 episodes",7.7,<class 'type'>
Black Cinderella,#3030,"Japanese Drama - 2021, 8 episodes",7.7,<class 'type'>
Kakenai!?: Kyakuhonka Yoshimaru Keisuke no Sujigaki no Nai Seikatsu,#3031,"Japanese Drama - 2021, 8 episodes",7.7,<class 'type'>
Bayside Shakedown,#3032,"Japanese Drama - 1997, 11 episodes",7.7,<class 'type'>
Line Walker: The Prelude,#3033,"Hong Kong Drama - 2017, 30 episodes",7.7,<class 'type'>
A Better Life,#3034,"Chinese Drama - 2025, 36 episodes",7.7,<class 'type'>
Wake Up Ladies,#3035,"Thai Drama - 2018, 13 episodes",7.7,<class 'type'>
My Supernatural Power,#3036,"Chinese Drama - 2020, 26 episodes",7.7,<class 'type'>
The Imperial Coroner Special,#3037,"Chinese Special - 2022, 1 episodes",7.7,<class 'type'>
Destiny,#3038,"Chinese Drama - 2025, 24 episodes",7.7,<class 'type'>
Ima Ai ni Yukimasu,#3039,"Japanese Drama - 2005, 10 episodes",7.7,<class 'type'>
IS - Otoko Demo Onna Demo Nai Sei,#3040,"Japanese Drama - 2011, 10 episodes",7.7,<class 'type'>
The Legend of Anle,#3041,"Chinese Drama - 2023, 39 episodes",7.7,<class 'type'>
Shinzanmono,#3042,"Japanese Drama - 2010, 10 episodes",7.7,<class 'type'>
Affinity,#3043,"Chinese Drama - 2026, 40 episodes",7.7,<class 'type'>
Full House,#3044,"Korean Drama - 2004, 16 episodes",7.7,<class 'type'>
Manpuku,#3045,"Japanese Drama - 2018, 151 episodes",7.7,<class 'type'>
Rakshasa Street,#3046,"Chinese Drama - 2017, 24 episodes",7.7,<class 'type'>
Goodbye Ghosts!,#3047,"Japanese Drama - 2016, 9 episodes",7.7,<class 'type'>
A Hundred Memories,#3048,"Korean Drama - 2025, 12 episodes",7.7,<class 'type'>
The Origin of Eternity,#3049,"Chinese Drama - 2022, 23 episodes",7.7,<class 'type'>
The Black Swindler,#3050,"Japanese Drama - 2006, 11 episodes",7.7,<class 'type'>
"Dragon Day, You're Dead Season 2",#3051,"Chinese Drama - 2018, 20 episodes",7.7,<class 'type'>
Kidnapping Game,#3052,"Chinese Drama - 2020, 12 episodes",7.7,<class 'type'>
Love Class Season 2,#3053,"Korean Drama - 2023, 10 episodes",7.7,<class 'type'>
Schemes of a Beauty,#3054,"Chinese Drama - 2010, 40 episodes",7.7,<class 'type'>
23.5,#3055,"Thai Drama - 2024, 12 episodes",7.7,<class 'type'>
"Dear Doctor, I'm Coming for Soul",#3056,"Thai Drama - 2022, 12 episodes",7.7,<class 'type'>
Love Never Fails,#3057,"Chinese Drama - 2025, 40 episodes",7.7,<class 'type'>
Sword and Fairy 1,#3058,"Chinese Drama - 2024, 40 episodes",7.7,<class 'type'>
Hello Again!,#3059,"Taiwanese Drama - 2019, 16 episodes",7.7,<class 'type'>
Never Too Late,#3060,"Chinese Drama - 2022, 22 episodes",7.7,<class 'type'>
Jejoongwon,#3061,"Korean Drama - 2010, 36 episodes",7.7,<class 'type'>
My Golden Blood,#3062,"Thai Drama - 2025, 12 episodes",7.7,<class 'type'>
Use for My Talent,#3063,"Chinese Drama - 2021, 24 episodes",7.7,<class 'type'>
On the Way to the Airport,#3064,"Korean Drama - 2016, 16 episodes",7.7,<class 'type'>
Let's Eat Season 3,#3065,"Korean Drama - 2018, 14 episodes",7.7,<class 'type'>
Timing,#3066,"Korean Drama - 2020, 4 episodes",7.7,<class 'type'>
Takara's Treasure,#3067,"Japanese Drama - 2024, 10 episodes",7.7,<class 'type'>
Duty after School: Part 2,#3068,"Korean Drama - 2023, 4 episodes",7.7,<class 'type'>
Neung Nai Suang,#3069,"Thai Drama - 2015, 12 episodes",7.7,<class 'type'>
The Fiery Young Marshal,#3070,"Chinese Drama - 2025, 70 episodes",7.7,<class 'type'>
Just a Bit Espers,#3071,"Japanese Drama - 2025, 9 episodes",7.7,<class 'type'>
The Rebirth,#3072,"Chinese Drama - 2025, 24 episodes",7.7,<class 'type'>
Connect,#3073,"Korean Drama - 2022, 6 episodes",7.7,<class 'type'>
Forevermore,#3074,"Filipino Drama - 2014, 148 episodes",7.7,<class 'type'>
Lucky Romance,#3075,"Korean Drama - 2016, 16 episodes",7.7,<class 'type'>
Gentlemen of East 8th,#3076,"Chinese Drama - 2022, 40 episodes",7.7,<class 'type'>
My Fantastic Funeral,#3077,"Korean Drama - 2015, 2 episodes",7.7,<class 'type'>
Somewhere Only We Know Specials,#3078,"Chinese Special - 2019, 3 episodes",7.7,<class 'type'>
Sapai Jao,#3079,"Thai Drama - 2015, 17 episodes",7.7,<class 'type'>
So Not Worth it,#3080,"Korean Drama - 2021, 12 episodes",7.7,<class 'type'>
Baby Walkure Everyday!,#3081,"Japanese Drama - 2024, 12 episodes",7.7,<class 'type'>
"Crazy Love, Moo-Moo!",#3082,"Thai Drama - 2026, 10 episodes",7.7,<class 'type'>
Falling Into You,#3083,"Taiwanese Drama - 2020, 13 episodes",7.7,<class 'type'>
Way Back into Love,#3084,"Chinese Drama - 2020, 26 episodes",7.7,<class 'type'>
Love at First Hate,#3085,"Thai Drama - 2018, 13 episodes",7.7,<class 'type'>
Hu Tong,#3086,"Chinese Drama - 2022, 36 episodes",7.7,<class 'type'>
The Silence of the Monster,#3087,"Chinese Drama - 2022, 36 episodes",7.7,<class 'type'>
Hormones Season 3,#3088,"Thai Drama - 2015, 13 episodes",7.7,<class 'type'>
You're My Pet,#3089,"Japanese Drama - 2017, 16 episodes",7.7,<class 'type'>
The Inanimate World,#3090,"Japanese Drama - 1999, 11 episodes",7.7,<class 'type'>
HIStory2: Right or Wrong,#3091,"Taiwanese Special - 2018, 8 episodes",7.7,<class 'type'>
We Best Love: Fighting Mr. 2nd - Special Episode 6.5,#3092,"Taiwanese Special - 2021, 1 episodes",7.7,<class 'type'>
Kamen Rider Amazons,#3093,"Japanese Drama - 2016, 13 episodes",7.7,<class 'type'>
Drama Special Season 12: The Palace,#3094,"Korean Special - 2021, 1 episodes",7.7,<class 'type'>
Love That Makes You Cry,#3095,"Japanese Drama - 2016, 10 episodes",7.7,<class 'type'>
My Only Love Song,#3096,"Korean Drama - 2017, 20 episodes",7.7,<class 'type'>
Tae Pang Korn,#3097,"Thai Drama - 2017, 21 episodes",7.7,<class 'type'>
My Sassy Girl,#3098,"Korean Drama - 2017, 32 episodes",7.7,<class 'type'>
My Love in the Countryside,#3099,"Thai Drama - 2024, 24 episodes",7.7,<class 'type'>
Residential Complex,#3100,"Japanese Drama - 2018, 10 episodes",7.7,<class 'type'>
Sparkle Love,#3101,"Chinese Drama - 2020, 24 episodes",7.7,<class 'type'>
Alice no Toge,#3102,"Japanese Drama - 2014, 10 episodes",7.7,<class 'type'>
My Dear Brothers,#3103,"Chinese Drama - 2021, 35 episodes",7.7,<class 'type'>
Detective versus Detectives,#3104,"Japanese Drama - 2015, 11 episodes",7.7,<class 'type'>
Novoland: The Castle in the Sky,#3105,"Chinese Drama - 2016, 28 episodes",7.7,<class 'type'>
Jugglers,#3106,"Korean Drama - 2017, 16 episodes",7.7,<class 'type'>
Kim Soo Ro,#3107,"Korean Drama - 2010, 32 episodes",7.7,<class 'type'>
Kindaichi Shonen no Jikenbo,#3108,"Japanese Drama - 1995, 8 episodes",7.7,<class 'type'>
Hotel Trainees,#3109,"Chinese Drama - 2020, 24 episodes",7.7,<class 'type'>
Curtain Call,#3110,"Korean Drama - 2022, 16 episodes",7.7,<class 'type'>
When the Sky Falls,#3111,"Thai Drama - 2022, 13 episodes",7.7,<class 'type'>
Addicted,#3112,"Chinese Drama - 2016, 15 episodes",7.7,<class 'type'>
Dangerously Sweet,#3113,"Japanese Drama - 2026, 50 episodes",7.7,<class 'type'>
Chasing Ball,#3114,"Chinese Drama - 2019, 36 episodes",7.7,<class 'type'>
I Am a Running Mate,#3115,"Korean Drama - 2025, 8 episodes",7.7,<class 'type'>
My Amazing Boyfriend Season 2,#3116,"Chinese Drama - 2019, 38 episodes",7.7,<class 'type'>
Diary of Tootsies,#3117,"Thai Drama - 2016, 12 episodes",7.7,<class 'type'>
Aishiteru,#3118,"Japanese Drama - 2009, 10 episodes",7.7,<class 'type'>
Fantastic Doctors,#3119,"Chinese Drama - 2023, 16 episodes",7.7,<class 'type'>
Under the Gun,#3120,"Korean Drama - 2024, 6 episodes",7.7,<class 'type'>
Sweet Combat,#3121,"Chinese Drama - 2018, 38 episodes",7.7,<class 'type'>
Hammer Session!,#3122,"Japanese Drama - 2010, 11 episodes",7.7,<class 'type'>
To Love and Cherish,#3123,"Thai Drama - 2026, 10 episodes",7.8,<class 'type'>
Perfect Propose,#3124,"Japanese Drama - 2024, 6 episodes",7.7,<class 'type'>
Personal Taste,#3125,"Korean Drama - 2010, 16 episodes",7.7,<class 'type'>
Legendary Witch,#3126,"Korean Drama - 2014, 40 episodes",7.7,<class 'type'>
Is My Kawaii About to Expire?,#3127,"Japanese Drama - 2022, 9 episodes",7.7,<class 'type'>
Legend of Awakening,#3128,"Chinese Drama - 2020, 48 episodes",7.7,<class 'type'>
Love Destiny,#3129,"Thai Drama - 2026, 10 episodes",7.7,<class 'type'>
The Love Lasts Two Minds,#3130,"Chinese Drama - 2020, 36 episodes",7.7,<class 'type'>
Don't Look Back: The Legend of Orpheus,#3131,"Korean Drama - 2013, 20 episodes",7.7,<class 'type'>
A Man's Story,#3132,"Korean Drama - 2009, 20 episodes",7.7,<class 'type'>
Melancholia,#3133,"Korean Drama - 2021, 16 episodes",7.7,<class 'type'>
Hotel King,#3134,"Korean Drama - 2014, 32 episodes",7.7,<class 'type'>
Returned Master,#3135,"Chinese Drama - 2025, 24 episodes",7.7,<class 'type'>
Game Rai Game Rak,#3136,"Thai Drama - 2011, 21 episodes",7.7,<class 'type'>
The Boy and I Who Will Break Up in 100 Days,#3137,"Japanese Drama - 2026, 6 episodes",7.7,<class 'type'>
Storm Eye,#3138,"Chinese Drama - 2021, 40 episodes",7.7,<class 'type'>
A Love So Beautiful,#3139,"Korean Drama - 2020, 24 episodes",7.7,<class 'type'>
The Palace: The Lock Heart Jade,#3140,"Chinese Drama - 2011, 39 episodes",7.7,<class 'type'>
Tra Barb See Chompoo,#3141,"Thai Drama - 2018, 24 episodes",7.7,<class 'type'>
Akira to Akira,#3142,"Japanese Drama - 2017, 9 episodes",7.7,<class 'type'>
Burn the House Down,#3143,"Japanese Drama - 2023, 8 episodes",7.7,<class 'type'>
The Journalist,#3144,"Japanese Drama - 2022, 6 episodes",7.7,<class 'type'>
My Decoy Bride,#3145,"Chinese Drama - 2023, 24 episodes",7.7,<class 'type'>
Flower Boy,#3146,"Thai Drama - 2026, 8 episodes",7.7,<class 'type'>
Wedding Plan Special Episode,#3147,"Thai Special - 2023, 1 episodes",7.7,<class 'type'>
IN-SEOUL Season 2,#3148,"Korean Drama - 2020, 12 episodes",7.7,<class 'type'>
Rule the World,#3149,"Chinese Drama - 2017, 45 episodes",7.7,<class 'type'>
DOCTORS Saikyou no Meii,#3150,"Japanese Drama - 2011, 8 episodes",7.7,<class 'type'>
Maho Sentai Magiranger,#3151,"Japanese Drama - 2005, 49 episodes",7.7,<class 'type'>
Perfume,#3152,"Korean Drama - 2019, 32 episodes",7.7,<class 'type'>
Emperor of the Sea,#3153,"Korean Drama - 2004, 51 episodes",7.7,<class 'type'>
Drama Special Season 10: Socialization – Understanding of Dance,#3154,"Korean Special - 2019, 1 episodes",7.7,<class 'type'>
Be Nice to People,#3155,"Japanese Drama - 2002, 11 episodes",7.7,<class 'type'>
Beloved Life,#3156,"Chinese Drama - 2022, 36 episodes",7.7,<class 'type'>
The Silent Criminal,#3157,"Chinese Drama - 2020, 13 episodes",7.7,<class 'type'>
If Voice Has Memory,#3158,"Chinese Drama - 2021, 32 episodes",7.7,<class 'type'>
Love Is Better the Second Time Around,#3159,"Japanese Drama - 2024, 6 episodes",7.7,<class 'type'>
Nancheng Banquet,#3160,"Chinese Drama - 2024, 24 episodes",7.7,<class 'type'>
Rak Diao,#3161,"Thai Drama - 2022, 15 episodes",7.7,<class 'type'>
Atashinchi no Danshi,#3162,"Japanese Drama - 2009, 11 episodes",7.7,<class 'type'>
Sketch,#3163,"Korean Drama - 2018, 16 episodes",7.7,<class 'type'>
Serenade of Peaceful Joy,#3164,"Chinese Drama - 2020, 69 episodes",7.7,<class 'type'>
Love Is Highly,#3165,"Chinese Drama - 2025, 77 episodes",7.7,<class 'type'>
Small Town Stories,#3166,"Chinese Drama - 2024, 30 episodes",7.7,<class 'type'>
Never Grow Old,#3167,"Chinese Drama - 2022, 24 episodes",7.7,<class 'type'>
Tears in Heaven,#3168,"Chinese Drama - 2021, 41 episodes",7.7,<class 'type'>
Cosmetic Playlover Season 2,#3169,"Japanese Drama - 2025, 10 episodes",7.7,<class 'type'>
My Divine Emissary,#3170,"Chinese Drama - 2024, 24 episodes",7.7,<class 'type'>
Your Sensibility My Destiny,#3171,"Chinese Drama - 2021, 24 episodes",7.7,<class 'type'>
Zettai BL na Hokago,#3172,"Japanese Special - 2022, 4 episodes",7.7,<class 'type'>
Bokura no Yuki,#3173,"Japanese Drama - 1997, 10 episodes",7.7,<class 'type'>
Secret Lover,#3174,"Taiwanese Drama - 2025, 10 episodes",7.7,<class 'type'>
The In-laws,#3175,"Thai Drama - 2022, 18 episodes",7.7,<class 'type'>
The Journey 2,#3176,"Chinese Drama - 2017, 12 episodes",7.7,<class 'type'>
Ending Again,#3177,"Korean Drama - 2020, 12 episodes",7.7,<class 'type'>
Dive,#3178,"Chinese Drama - 2019, 30 episodes",7.7,<class 'type'>
When You Be Me,#3179,"Chinese Drama - 2022, 26 episodes",7.7,<class 'type'>
Gods of Honour,#3180,"Hong Kong Drama - 2001, 40 episodes",7.7,<class 'type'>
Dear Mayang Street,#3181,"Chinese Drama - 2020, 37 episodes",7.7,<class 'type'>
Seventeen,#3182,"Korean Drama - 2017, 8 episodes",7.7,<class 'type'>
Casting a Spell to You,#3183,"Korean Drama - 2021, 16 episodes",7.7,<class 'type'>
The Legend of Xiao Chuo,#3184,"Chinese Drama - 2020, 48 episodes",7.7,<class 'type'>
One Fine Week Season 2,#3185,"Korean Drama - 2020, 10 episodes",7.7,<class 'type'>
Hot Girl,#3186,"Chinese Drama - 2016, 42 episodes",7.7,<class 'type'>
Blank,#3187,"Thai Drama - 2024, 6 episodes",7.7,<class 'type'>
Decline,#3188,"Chinese Drama - 2023, 20 episodes",7.7,<class 'type'>
Blackout,#3189,"Thai Drama - 2021, 8 episodes",7.7,<class 'type'>
Can You Deliver Time? 2002,#3190,"Korean Drama - 2021, 8 episodes",7.7,<class 'type'>
From Me to You,#3191,"Japanese Drama - 2023, 12 episodes",7.7,<class 'type'>
The Queen of News,#3192,"Hong Kong Drama - 2023, 26 episodes",7.7,<class 'type'>
A Girl of 35,#3193,"Japanese Drama - 2020, 10 episodes",7.7,<class 'type'>
Tokyo Tarareba Girls,#3194,"Japanese Drama - 2017, 10 episodes",7.7,<class 'type'>
The World of My 17,#3195,"Korean Drama - 2020, 12 episodes",7.7,<class 'type'>
Hello Debate Opponent,#3196,"Chinese Drama - 2019, 30 episodes",7.7,<class 'type'>
Cool Doji Danshi: Bokura no Koibana,#3197,"Japanese Drama - 2023, 4 episodes",7.7,<class 'type'>
Suna no Tou - Shiri Sugita Rinjin,#3198,"Japanese Drama - 2016, 10 episodes",7.7,<class 'type'>
A Love So Romantic,#3199,"Chinese Drama - 2020, 32 episodes",7.7,<class 'type'>
Lies Hidden in My Garden,#3200,"Korean Drama - 2023, 8 episodes",7.7,<class 'type'>
Gone with the Rain,#3201,"Chinese Drama - 2023, 37 episodes",7.7,<class 'type'>
Jack o' Frost,#3202,"Japanese Drama - 2023, 6 episodes",7.7,<class 'type'>
Gou - Himetachi no Sengoku,#3203,"Japanese Drama - 2011, 46 episodes",7.7,<class 'type'>
How Dare You!?,#3204,"Chinese Drama - 2025, 89 episodes",7.7,<class 'type'>
Psychologist,#3205,"Chinese Drama - 2021, 40 episodes",7.7,<class 'type'>
Truth,#3206,"Chinese Drama - 2021, 32 episodes",7.7,<class 'type'>
Mandate,#3207,"Thai Drama - 2025, 8 episodes",7.7,<class 'type'>
Divine Destiny,#3208,"Chinese Drama - 2023, 36 episodes",7.7,<class 'type'>
Solitary Gourmet Season 2,#3209,"Japanese Drama - 2012, 12 episodes",7.7,<class 'type'>
Kindaichi Shonen no Jikenbo 2,#3210,"Japanese Drama - 1996, 9 episodes",7.7,<class 'type'>
Discovery of Romance,#3211,"Chinese Drama - 2022, 26 episodes",7.7,<class 'type'>
My Happy Ending,#3212,"Korean Drama - 2023, 16 episodes",7.7,<class 'type'>
The Suspicious Housekeeper,#3213,"Korean Drama - 2013, 20 episodes",7.7,<class 'type'>
Checkmate,#3214,"Chinese Drama - 2022, 24 episodes",7.7,<class 'type'>
Roy Fun Tawan Duerd,#3215,"Thai Drama - 2014, 12 episodes",7.7,<class 'type'>
The Spirit of the Ruler,#3216,"Thai Drama - 2017, 10 episodes",7.7,<class 'type'>
Ko One Re-Act,#3217,"Taiwanese Drama - 2013, 20 episodes",7.7,<class 'type'>
EXO Next Door,#3218,"Korean Drama - 2015, 16 episodes",7.7,<class 'type'>
Youth,#3219,"Chinese Drama - 2018, 24 episodes",7.7,<class 'type'>
Tears on Fire,#3220,"Taiwanese Drama - 2021, 10 episodes",7.7,<class 'type'>
Jade's Fateful Love,#3221,"Chinese Drama - 2024, 24 episodes",7.7,<class 'type'>
Youth in the Flames of War,#3222,"Chinese Drama - 2023, 39 episodes",7.7,<class 'type'>
Sinful Marriage,#3223,"Chinese Drama - 2025, 24 episodes",7.7,<class 'type'>
Bangkok Blossom,#3224,"Thai Drama - 2024, 8 episodes",7.7,<class 'type'>
Jao Sao Jamloei,#3225,"Thai Drama - 2022, 17 episodes",7.7,<class 'type'>
A Wife’s Credentials,#3226,"Korean Drama - 2012, 16 episodes",7.7,<class 'type'>
My Staycation Boy,#3227,"Thai Drama - 2026, 40 episodes",7.7,<class 'type'>
The Birthday Mystery,#3228,"Japanese Drama - 2023, 9 episodes",7.7,<class 'type'>
Good Heavens! I'm a Goose not a Swan,#3229,"Thai Drama - 2025, 23 episodes",7.7,<class 'type'>
The Story of Bi Hyeong: Enchanted Master of the Goblin,#3230,"Korean Drama - 2025, 12 episodes",7.7,<class 'type'>
Miss the Dragon,#3231,"Chinese Drama - 2021, 36 episodes",7.7,<class 'type'>
Divorce Lawyers,#3232,"Chinese Drama - 2014, 46 episodes",7.7,<class 'type'>
The Trainee,#3233,"Thai Drama - 2024, 12 episodes",7.7,<class 'type'>
The Snow Queen,#3234,"Korean Drama - 2006, 16 episodes",7.7,<class 'type'>
Gold Land,#3235,"Korean Drama - 2026, 10 episodes",7.7,<class 'type'>
"Innocence, Fight against False Charges",#3236,"Japanese Drama - 2019, 10 episodes",7.7,<class 'type'>
Let's Shake It!,#3237,"Chinese Drama - 2017, 25 episodes",7.7,<class 'type'>
Kururi: Who’s in Love with Me,#3238,"Japanese Drama - 2024, 11 episodes",7.7,<class 'type'>
Iron Family,#3239,"Korean Drama - 2024, 36 episodes",7.7,<class 'type'>
Serendipity,#3240,"Chinese Drama - 2021, 12 episodes",7.7,<class 'type'>
Bad Guys,#3241,"Thai Drama - 2022, 12 episodes",7.7,<class 'type'>
"I'm Sorry, I Love You",#3242,"Japanese Drama - 2017, 10 episodes",7.7,<class 'type'>
Once Again,#3243,"Korean Drama - 2022, 8 episodes",7.7,<class 'type'>
Sign,#3244,"Korean Drama - 2011, 20 episodes",7.7,<class 'type'>
Summer Night,#3245,"Thai Drama - 2024, 10 episodes",7.7,<class 'type'>
When You Love Yourself,#3246,"Korean Drama - 2018, 6 episodes",7.7,<class 'type'>
Drama Special Series Season 3: Sirius,#3247,"Korean Drama - 2013, 4 episodes",7.7,<class 'type'>
Mother of Mine,#3248,"Korean Drama - 2019, 108 episodes",7.7,<class 'type'>
Match Play,#3249,"Korean Drama - 2024, 63 episodes",7.7,<class 'type'>
Gunman in Joseon,#3250,"Korean Drama - 2014, 22 episodes",7.7,<class 'type'>
Thumping Spike,#3251,"Korean Drama - 2016, 20 episodes",7.7,<class 'type'>
Undercover Affair,#3252,"Chinese Drama - 2024, 24 episodes",7.7,<class 'type'>
The King's Man,#3253,"Korean Special - 2006, 1 episodes",7.7,<class 'type'>
Oasis,#3254,"Korean Drama - 2023, 16 episodes",7.7,<class 'type'>
Your Highness,#3255,"Chinese Drama - 2017, 20 episodes",7.7,<class 'type'>
The Resurrected,#3256,"Taiwanese Drama - 2025, 9 episodes",7.7,<class 'type'>
Modern Farmer,#3257,"Korean Drama - 2014, 20 episodes",7.7,<class 'type'>
The Birth of The Drama King,#3258,"Chinese Drama - 2019, 24 episodes",7.7,<class 'type'>
Asura,#3259,"Japanese Drama - 2025, 7 episodes",7.7,<class 'type'>
Thousand Years for You,#3260,"Chinese Drama - 2022, 36 episodes",7.7,<class 'type'>
Legend of Yunze Season 2,#3261,"Chinese Drama - 2022, 15 episodes",7.7,<class 'type'>
My Girlfriend's Boyfriend Season 2,#3262,"Chinese Drama - 2017, 16 episodes",7.7,<class 'type'>
Oh My Baby,#3263,"Korean Drama - 2020, 16 episodes",7.7,<class 'type'>
The Little Fairy,#3264,"Chinese Drama - 2006, 39 episodes",7.7,<class 'type'>
Entertainer,#3265,"Korean Drama - 2016, 18 episodes",7.7,<class 'type'>
Big Bet Season 2,#3266,"Korean Drama - 2023, 8 episodes",7.7,<class 'type'>
Professor Zhou Let's Get Married,#3267,"Chinese Drama - 2025, 82 episodes",7.7,<class 'type'>
Love and Deception,#3268,"Thai Drama - 2022, 16 episodes",7.7,<class 'type'>
Our Skyy 2: My School President,#3269,"Thai Drama - 2023, 2 episodes",7.7,<class 'type'>
Lom Son Rak,#3270,"Thai Drama - 2015, 14 episodes",7.7,<class 'type'>
Prison Princesses,#3271,"Japanese Drama - 2017, 10 episodes",7.7,<class 'type'>
I Will Never Let You Go,#3272,"Chinese Drama - 2019, 51 episodes",7.7,<class 'type'>
Lah Ruk Sut Kob Fah,#3273,"Thai Drama - 2014, 20 episodes",7.7,<class 'type'>
"Always Have, Always Will",#3274,"Chinese Drama - 2021, 24 episodes",7.7,<class 'type'>
Till Death Tear Us Apart,#3275,"Chinese Drama - 2017, 15 episodes",7.7,<class 'type'>
Love in Contract,#3276,"Korean Drama - 2022, 16 episodes",7.7,<class 'type'>
Yellow Boots,#3277,"Korean Drama - 2012, 108 episodes",7.7,<class 'type'>
Lost in 1949,#3278,"Chinese Drama - 2018, 46 episodes",7.7,<class 'type'>
Krong Kam,#3279,"Thai Drama - 2019, 19 episodes",7.7,<class 'type'>
Hot Blooded Youth,#3280,"Chinese Drama - 2019, 58 episodes",7.7,<class 'type'>
2gether,#3281,"Thai Drama - 2020, 13 episodes",7.7,<class 'type'>
User Not Found,#3282,"Korean Drama - 2021, 22 episodes",7.7,<class 'type'>
Kiseki no Hito,#3283,"Japanese Drama - 2016, 8 episodes",7.7,<class 'type'>
Love Beyond Frontier,#3284,"Thai Drama - 2019, 13 episodes",7.7,<class 'type'>
The Bionic Life,#3285,"Chinese Drama - 2023, 12 episodes",7.7,<class 'type'>
You're My Pet,#3286,"Japanese Drama - 2003, 10 episodes",7.7,<class 'type'>
Wedding Plan: Uncut,#3287,"Thai Drama - 2023, 7 episodes",7.7,<class 'type'>
Roppongi Class,#3288,"Japanese Drama - 2022, 13 episodes",7.7,<class 'type'>
Meeting You Loving You,#3289,"Chinese Drama - 2021, 24 episodes",7.7,<class 'type'>
Trolley,#3290,"Korean Drama - 2022, 16 episodes",7.7,<class 'type'>
Blue Canvas of Youthful Days,#3291,"Chinese Drama - 2024, 12 episodes",7.7,<class 'type'>
Reibai Tantei Jozuka Hisui,#3292,"Japanese Drama - 2022, 5 episodes",7.7,<class 'type'>
Lookism,#3293,"Chinese Drama - 2019, 38 episodes",7.7,<class 'type'>
Footprints of Change,#3294,"Chinese Drama - 2025, 30 episodes",7.7,<class 'type'>
Rose In Da House,#3295,"Thai Drama - 2022, 7 episodes",7.7,<class 'type'>
Love Is More Than a Word,#3296,"Chinese Drama - 2016, 12 episodes",7.7,<class 'type'>
Tokyo Swindlers,#3297,"Japanese Drama - 2024, 7 episodes",7.7,<class 'type'>
Two Fathers,#3298,"Taiwanese Drama - 2013, 73 episodes",7.7,<class 'type'>
Shine or Be Mad,#3299,"Korean Drama - 2015, 24 episodes",7.7,<class 'type'>
My Lucky Star,#3300,"Taiwanese Drama - 2007, 20 episodes",7.7,<class 'type'>
BG: Personal Bodyguard Season 2,#3301,"Japanese Drama - 2020, 7 episodes",7.7,<class 'type'>
Drama Festival 2014: Old Farewell,#3302,"Korean Drama - 2014, 1 episodes",7.7,<class 'type'>
A Farmer's Fortune,#3303,"Chinese Drama - 2025, 24 episodes",7.7,<class 'type'>
Padam Padam,#3304,"Korean Drama - 2011, 20 episodes",7.7,<class 'type'>
Spice up Our Love,#3305,"Korean Drama - 2024, 2 episodes",7.7,<class 'type'>
Khu Khaen Saen Rak,#3306,"Thai Drama - 2021, 17 episodes",7.7,<class 'type'>
When Light Fades,#3307,"Thai Drama - 2026, 8 episodes",7.7,<class 'type'>
The 8 Show,#3308,"Korean Drama - 2024, 8 episodes",7.7,<class 'type'>
Bread and Soup and Cat Weather,#3309,"Japanese Drama - 2013, 4 episodes",7.7,<class 'type'>
Blackboard - Jidai to Tatakatta Kyoshi tachi,#3310,"Japanese Special - 2012, 3 episodes",7.7,<class 'type'>
A Robot in the Orange Orchard,#3311,"Chinese Drama - 2022, 30 episodes",7.7,<class 'type'>
You Make Me Dance,#3312,"Korean Drama - 2021, 8 episodes",7.7,<class 'type'>
Beyond Goodbye,#3313,"Japanese Drama - 2024, 8 episodes",7.7,<class 'type'>
Girlfriend Project Day 1,#3314,"Korean Drama - 2022, 4 episodes",7.7,<class 'type'>
Awl,#3315,"Korean Drama - 2015, 12 episodes",7.7,<class 'type'>
GAP,#3316,"Thai Drama - 2022, 12 episodes",7.7,<class 'type'>
Deep in My Heart,#3317,"Chinese Drama - 2019, 28 episodes",7.7,<class 'type'>
Whisper,#3318,"Korean Drama - 2017, 17 episodes",7.7,<class 'type'>
Faith Makes Great,#3319,"Chinese Drama - 2021, 40 episodes",7.7,<class 'type'>
Sword Dynasty,#3320,"Chinese Drama - 2019, 34 episodes",7.7,<class 'type'>
Lion Pride,#3321,"Taiwanese Drama - 2017, 16 episodes",7.7,<class 'type'>
Forever Love,#3322,"Chinese Drama - 2023, 30 episodes",7.7,<class 'type'>
Our Memories,#3323,"Chinese Drama - 2024, 21 episodes",7.7,<class 'type'>
Fish upon the Sky,#3324,"Thai Drama - 2021, 12 episodes",7.7,<class 'type'>
The Golden Eyes,#3325,"Chinese Drama - 2019, 56 episodes",7.7,<class 'type'>
Midnight Sun,#3326,"Japanese Drama - 2006, 10 episodes",7.7,<class 'type'>
Emergency Interrogation Room Season 2,#3327,"Japanese Drama - 2017, 9 episodes",7.7,<class 'type'>
Cat's Bar,#3328,"Korean Drama - 2019, 10 episodes",7.7,<class 'type'>
Old Boy,#3329,"Chinese Drama - 2018, 45 episodes",7.7,<class 'type'>
Are We Alright?,#3330,"Thai Drama - 2021, 15 episodes",7.7,<class 'type'>
The Best Ending,#3331,"Korean Drama - 2019, 8 episodes",7.7,<class 'type'>
Best Mistake,#3332,"Korean Drama - 2019, 15 episodes",7.7,<class 'type'>
Gifted,#3333,"Japanese Drama - 2023, 8 episodes",7.7,<class 'type'>
Shi Zhou Jiao Shou Xian Dong Xin,#3334,"Chinese Drama - 2025, 94 episodes",7.7,<class 'type'>
Twenty Years Old,#3335,"Korean Drama - 2014, 4 episodes",7.6,<class 'type'>
Pin Anong,#3336,"Thai Drama - 2012, 22 episodes",7.7,<class 'type'>
Leh Lub Salub Rarng,#3337,"Thai Drama - 2017, 10 episodes",7.7,<class 'type'>
Please Don't Date Him,#3338,"Korean Drama - 2020, 10 episodes",7.7,<class 'type'>
East of Eden,#3339,"Korean Drama - 2008, 56 episodes",7.7,<class 'type'>
Painter of the Night,#3340,"Korean Drama - 2026, 60 episodes",7.6,<class 'type'>
Knight of the Rose,#3341,"Chinese Drama - 2022, 23 episodes",7.6,<class 'type'>
Flower Ever After,#3342,"Korean Drama - 2018, 10 episodes",7.6,<class 'type'>
Nobody Knows,#3343,"Chinese Drama - 2022, 16 episodes",7.7,<class 'type'>
My Heart,#3344,"Chinese Drama - 2021, 24 episodes",7.7,<class 'type'>
Love Like White Jade,#3345,"Chinese Drama - 2021, 32 episodes",7.6,<class 'type'>
Dear Herbal Lord,#3346,"Chinese Drama - 2020, 24 episodes",7.7,<class 'type'>
Super Family,#3347,"Korean Drama - 2017, 40 episodes",7.6,<class 'type'>
Rikokatsu,#3348,"Japanese Drama - 2021, 10 episodes",7.6,<class 'type'>
Kidnap,#3349,"Thai Drama - 2024, 12 episodes",7.6,<class 'type'>
Short,#3350,"Korean Drama - 2018, 4 episodes",7.6,<class 'type'>
Such a Good Love,#3351,"Chinese Drama - 2025, 26 episodes",7.7,<class 'type'>
Fall in You,#3352,"Chinese Drama - 2025, 24 episodes",7.6,<class 'type'>
Atom no Ko,#3353,"Japanese Drama - 2022, 9 episodes",7.6,<class 'type'>
Melting Me Softly,#3354,"Korean Drama - 2019, 16 episodes",7.6,<class 'type'>
Signal: Choki Mikaiketsu Jiken Sosahan SP,#3355,"Japanese Special - 2021, 1 episodes",7.6,<class 'type'>
"Dragon Day, You're Dead",#3356,"Chinese Drama - 2017, 20 episodes",7.6,<class 'type'>
Hard Nut!,#3357,"Japanese Drama - 2013, 8 episodes",7.6,<class 'type'>
High School King of Savvy,#3358,"Korean Drama - 2014, 17 episodes",7.6,<class 'type'>
SPEC: Rei,#3359,"Japanese Special - 2013, 1 episodes",7.6,<class 'type'>
Secret Door,#3360,"Korean Drama - 2014, 24 episodes",7.6,<class 'type'>
Love of Replica,#3361,"Chinese Drama - 2023, 16 episodes",7.6,<class 'type'>
Royal Betrothal,#3362,"Chinese Drama - 2026, 32 episodes",7.6,<class 'type'>
Kids' Lives Matter,#3363,"Hong Kong Drama - 2021, 25 episodes",7.6,<class 'type'>
Doona!,#3364,"Korean Drama - 2023, 9 episodes",7.6,<class 'type'>
High-End Crush,#3365,"Korean Drama - 2015, 20 episodes",7.6,<class 'type'>
Sweet Sweet,#3366,"Chinese Drama - 2021, 22 episodes",7.6,<class 'type'>
Panyachon Kon Krua,#3367,"Thai Drama - 2012, 12 episodes",7.6,<class 'type'>
Project 17: Side By Side,#3368,"Chinese Drama - 2019, 12 episodes",7.7,<class 'type'>
Tantei Gakuen Q Special,#3369,"Japanese Special - 2006, 1 episodes",7.6,<class 'type'>
Meet You at the Blossom,#3370,"Thai Drama - 2024, 12 episodes",7.6,<class 'type'>
The Cupids Series: Kammathep Jum Laeng,#3371,"Thai Drama - 2017, 7 episodes",7.6,<class 'type'>
The Servant Prince,#3372,"Japanese Drama - 2026, 8 episodes",7.6,<class 'type'>
The Husband,#3373,"Korean Drama - 2026, 12 episodes",7.7,<class 'type'>
The Goddess of Revenge,#3374,"Korean Drama - 2020, 16 episodes",7.6,<class 'type'>
Our Skyy 2,#3375,"Thai Drama - 2023, 16 episodes",7.6,<class 'type'>
Under the Moonlight,#3376,"Chinese Drama - 2025, 36 episodes",7.6,<class 'type'>
Zhou Zhou Ben Fu Ni,#3377,"Chinese Drama - 2025, 80 episodes",7.7,<class 'type'>
Sweet Dreams,#3378,"Chinese Drama - 2018, 49 episodes",7.6,<class 'type'>
Cinderella Formula,#3379,"Japanese Drama - 2016, 8 episodes",7.6,<class 'type'>
Backstreet Rookie,#3380,"Korean Drama - 2020, 16 episodes",7.6,<class 'type'>
The Outsider,#3381,"Chinese Drama - 2023, 38 episodes",7.6,<class 'type'>
Suikyuu Yankees,#3382,"Japanese Drama - 2014, 10 episodes",7.6,<class 'type'>
Jang Young Shil,#3383,"Korean Drama - 2016, 24 episodes",7.6,<class 'type'>
Legend of the Dragon Pearl: The Indistinguishable Road,#3384,"Chinese Drama - 2017, 90 episodes",7.6,<class 'type'>
Bittersweet Love,#3385,"Chinese Drama - 2026, 12 episodes",7.6,<class 'type'>
Subete ga F ni Naru,#3386,"Japanese Drama - 2014, 10 episodes",7.6,<class 'type'>
Hi Producer,#3387,"Chinese Drama - 2023, 35 episodes",7.6,<class 'type'>
Legend of Hua Mulan,#3388,"Chinese Drama - 2013, 48 episodes",7.6,<class 'type'>
The Masked Lover,#3389,"Taiwanese Drama - 2017, 19 episodes",7.6,<class 'type'>
Love with a Case,#3390,"Japanese Drama - 2022, 10 episodes",7.6,<class 'type'>
Love in Translation,#3391,"Thai Drama - 2023, 8 episodes",7.6,<class 'type'>
Gibo to Musume no Blues 2022-nen Kinga Shinnen Special,#3392,"Japanese Special - 2022, 1 episodes",7.6,<class 'type'>
Dramatic Self-Help Strategy,#3393,"Chinese Drama - 2023, 25 episodes",7.6,<class 'type'>
Delayed Justice,#3394,"Korean Drama - 2020, 20 episodes",7.6,<class 'type'>
The Evil Lawyer,#3395,"Thai Drama - 2026, 8 episodes",7.6,<class 'type'>
What's Wrong with My Princess,#3396,"Chinese Drama - 2023, 32 episodes",7.6,<class 'type'>
Pledge of Allegiance,#3397,"Chinese Drama - 2023, 24 episodes",7.6,<class 'type'>
Depth of Love,#3398,"Chinese Drama - 2025, 72 episodes",7.6,<class 'type'>
"Hur Jun, the Original Story",#3399,"Korean Drama - 2013, 135 episodes",7.6,<class 'type'>
DOCTORS Saikyou no Meii Season 2,#3400,"Japanese Drama - 2013, 9 episodes",7.6,<class 'type'>
Colourful Bone,#3401,"Chinese Drama - 2017, 54 episodes",7.6,<class 'type'>
Love Yourself,#3402,"Chinese Drama - 2020, 36 episodes",7.6,<class 'type'>
Stay by My Side after the Rain,#3403,"Japanese Drama - 2025, 12 episodes",7.6,<class 'type'>
Dawn Amidst Hidden Clouds,#3404,"Chinese Drama - 2024, 22 episodes",7.6,<class 'type'>
My Super Hero,#3405,"Chinese Drama - 2022, 37 episodes",7.6,<class 'type'>
Hormones,#3406,"Thai Drama - 2013, 13 episodes",7.6,<class 'type'>
tvN O'PENing: Shared Office Hookup,#3407,"Korean Special - 2022, 2 episodes",7.6,<class 'type'>
Love Song for Illusion,#3408,"Korean Drama - 2024, 16 episodes",7.6,<class 'type'>
See You Again,#3409,"Chinese Drama - 2019, 45 episodes",7.6,<class 'type'>
The Furthest Distance,#3410,"Chinese Drama - 2023, 30 episodes",7.6,<class 'type'>
Code Blue Mou Hitotsu no Senjou,#3411,"Japanese Special - 2018, 1 episodes",7.6,<class 'type'>
Supervisor Husband,#3412,"Chinese Drama - 2023, 22 episodes",7.6,<class 'type'>
Uchuu Sentai Kyuranger,#3413,"Japanese Drama - 2017, 48 episodes",7.6,<class 'type'>
Branding in Seongsu,#3414,"Korean Drama - 2024, 24 episodes",7.6,<class 'type'>
Phupha | Nanfah,#3415,"Thai Drama - 2022, 2 episodes",7.6,<class 'type'>
Khun Chai Pawornruj,#3416,"Thai Drama - 2013, 13 episodes",7.6,<class 'type'>
A Boss and a Babe,#3417,"Thai Drama - 2023, 12 episodes",7.6,<class 'type'>
Kiwadoi Futari: K2 - Ikebukurosho Keijika Kanzaki Kuroki,#3418,"Japanese Drama - 2020, 6 episodes",7.6,<class 'type'>
Six Sisters,#3419,"Chinese Drama - 2025, 38 episodes",7.7,<class 'type'>
Guilty Akuma to Keiyakushita Onna,#3420,"Japanese Drama - 2010, 11 episodes",7.6,<class 'type'>
Like,#3421,"Korean Drama - 2019, 24 episodes",7.6,<class 'type'>
Adamas,#3422,"Korean Drama - 2022, 16 episodes",7.6,<class 'type'>
Hiru no Yume: Another Side,#3423,"Japanese Drama - 2025, 1 episodes",7.6,<class 'type'>
The Cupids Series: Kammathep Hunsa,#3424,"Thai Drama - 2017, 8 episodes",7.6,<class 'type'>
KBS Drama Special 2014: The Three Female Runaways,#3425,"Korean Drama - 2014, 1 episodes",7.6,<class 'type'>
Papa to Musume no Nanokakan,#3426,"Japanese Drama - 2022, 8 episodes",7.6,<class 'type'>
Sanae Rak Nang Cin,#3427,"Thai Drama - 2018, 12 episodes",7.6,<class 'type'>
Romance in the House,#3428,"Korean Drama - 2024, 12 episodes",7.6,<class 'type'>
Ruk Laek Pop,#3429,"Thai Drama - 2020, 28 episodes",7.6,<class 'type'>
Friendshit Forever,#3430,"Thai Drama - 2025, 8 episodes",7.6,<class 'type'>
Stand by Me,#3431,"Chinese Drama - 2023, 20 episodes",7.6,<class 'type'>
Dr. Park’s Clinic,#3432,"Korean Drama - 2022, 12 episodes",7.6,<class 'type'>
Kamen Rider Kabuto,#3433,"Japanese Drama - 2006, 49 episodes",7.6,<class 'type'>
Ultraman Nexus,#3434,"Japanese Drama - 2004, 37 episodes",7.6,<class 'type'>
The Next Prince,#3435,"Thai Drama - 2025, 14 episodes",7.6,<class 'type'>
Dead Friend Forever - DFF,#3436,"Thai Drama - 2023, 12 episodes",7.6,<class 'type'>
Crash! Insignificant Roommates,#3437,"Korean Drama - 2019, 8 episodes",7.6,<class 'type'>
My Mischievous Fiancée,#3438,"Thai Drama - 2021, 26 episodes",7.6,<class 'type'>
Operation Love Special,#3439,"Japanese Drama - 2008, 1 episodes",7.6,<class 'type'>
Detective Samoyeds,#3440,"Chinese Drama - 2017, 24 episodes",7.6,<class 'type'>
Men in Love,#3441,"Chinese Drama - 2024, 40 episodes",7.6,<class 'type'>
I Wanna Be Sup'tar,#3442,"Thai Drama - 2026, 8 episodes",7.6,<class 'type'>
Dirty Laundry,#3443,"Thai Drama - 2023, 6 episodes",7.6,<class 'type'>
Lucky Seven SP,#3444,"Japanese Special - 2013, 1 episodes",7.6,<class 'type'>
All That We Loved,#3445,"Korean Drama - 2023, 8 episodes",7.6,<class 'type'>
Unexpected Falling,#3446,"Chinese Drama - 2022, 38 episodes",7.6,<class 'type'>
Bakuryuu Sentai Abaranger,#3447,"Japanese Drama - 2003, 50 episodes",7.6,<class 'type'>
Friendly Rivalry,#3448,"Korean Drama - 2025, 16 episodes",7.6,<class 'type'>
Dating: What's It Like To Be In Love?,#3449,"Japanese Drama - 2015, 10 episodes",7.6,<class 'type'>
Sixteen Shoukougun,#3450,"Japanese Drama - 2020, 8 episodes",7.6,<class 'type'>
Love Rain,#3451,"Korean Drama - 2012, 20 episodes",7.6,<class 'type'>
Limit,#3452,"Japanese Drama - 2013, 12 episodes",7.6,<class 'type'>
MuTeLuv: Love Lock,#3453,"Thai Drama - 2026, 4 episodes",7.6,<class 'type'>
New Tales of Gisaeng,#3454,"Korean Drama - 2011, 52 episodes",7.6,<class 'type'>
"Legendary Boss, Sho",#3455,"Japanese Drama - 2024, 8 episodes",7.6,<class 'type'>
My Annoying Roommate,#3456,"Chinese Drama - 2023, 12 episodes",7.6,<class 'type'>
Murphy's Law of Love,#3457,"Taiwanese Drama - 2015, 19 episodes",7.6,<class 'type'>
Gintama 2: Yonimo Kimyo na Gintama-chan,#3458,"Japanese Drama - 2018, 3 episodes",7.6,<class 'type'>
Born for the Spotlight,#3459,"Taiwanese Drama - 2024, 12 episodes",7.6,<class 'type'>
My ID Is Gangnam Beauty,#3460,"Korean Drama - 2018, 16 episodes",7.6,<class 'type'>
Rakujitsu,#3461,"Japanese Drama - 2023, 4 episodes",7.6,<class 'type'>
Smile,#3462,"Japanese Drama - 2009, 11 episodes",7.6,<class 'type'>
Your Sunshine,#3463,"Chinese Drama - 2025, 27 episodes",7.6,<class 'type'>
Suits,#3464,"Japanese Drama - 2018, 11 episodes",7.6,<class 'type'>
Cinderella at 2 AM,#3465,"Korean Drama - 2024, 10 episodes",7.6,<class 'type'>
Scandal,#3466,"Korean Drama - 2013, 36 episodes",7.6,<class 'type'>
Mountains and Ocean,#3467,"Chinese Drama - 2019, 24 episodes",7.6,<class 'type'>
Romanced,#3468,"Korean Drama - 2021, 8 episodes",7.6,<class 'type'>
Higuma,#3469,"Japanese Drama - 2020, 10 episodes",7.6,<class 'type'>
Plus & Minus,#3470,"Taiwanese Drama - 2022, 12 episodes",7.6,<class 'type'>
"3 Nen A Gumi: Ima kara minasan dake no, Sotsugyoshiki desu",#3471,"Japanese Special - 2019, 2 episodes",7.6,<class 'type'>
Band of Sisters,#3472,"Korean Drama - 2017, 68 episodes",7.6,<class 'type'>
The Promise of Chang’an,#3473,"Chinese Drama - 2020, 56 episodes",7.6,<class 'type'>
Ever Night Season 2,#3474,"Chinese Drama - 2020, 43 episodes",7.6,<class 'type'>
119 Emergency Call,#3475,"Japanese Drama - 2025, 11 episodes",7.6,<class 'type'>
In a Good Way,#3476,"Taiwanese Drama - 2013, 26 episodes",7.6,<class 'type'>
Gosei Sentai Dairanger,#3477,"Japanese Drama - 1993, 50 episodes",7.6,<class 'type'>
Mask Girl,#3478,"Korean Drama - 2023, 7 episodes",7.6,<class 'type'>
San Wan Ying Chi De An Lian,#3479,"Chinese Drama - 2024, 91 episodes",7.6,<class 'type'>
Golden House Hidden Love,#3480,"Chinese Drama - 2024, 24 episodes",7.6,<class 'type'>
Mother Game,#3481,"Japanese Drama - 2015, 10 episodes",7.6,<class 'type'>
Kamen Rider Black Sun,#3482,"Japanese Drama - 2022, 10 episodes",7.6,<class 'type'>
South Wind Knows,#3483,"Chinese Drama - 2023, 39 episodes",7.6,<class 'type'>
Better Man,#3484,"Taiwanese Drama - 2016, 60 episodes",7.6,<class 'type'>
Spring Night's Fiery Kisses,#3485,"Chinese Drama - 2025, 60 episodes",7.6,<class 'type'>
Something Just Like This,#3486,"Chinese Drama - 2020, 47 episodes",7.6,<class 'type'>
Dangerous Queen,#3487,"Thai Drama - 2025, 8 episodes",7.6,<class 'type'>
Papa & Daddy Season 2,#3488,"Taiwanese Drama - 2022, 8 episodes",7.6,<class 'type'>
Married,#3489,"Chinese Drama - 2024, 24 episodes",7.6,<class 'type'>
Three Days,#3490,"Korean Drama - 2014, 16 episodes",7.6,<class 'type'>
Drama Special Season 15: The Two Women,#3491,"Korean Special - 2024, 1 episodes",7.6,<class 'type'>
BORDER: Shoudou,#3492,"Japanese Special - 2017, 2 episodes",7.6,<class 'type'>
The Magical Women,#3493,"Chinese Drama - 2023, 20 episodes",7.6,<class 'type'>
Dear Mr. Heavenly Fox,#3494,"Chinese Drama - 2023, 30 episodes",7.6,<class 'type'>
The World of My 17 Season 2,#3495,"Korean Drama - 2021, 10 episodes",7.6,<class 'type'>
One Night Morning,#3496,"Japanese Drama - 2022, 8 episodes",7.6,<class 'type'>
Times,#3497,"Korean Drama - 2021, 12 episodes",7.6,<class 'type'>
KBS Drama Special 2014: We All Cry Differently,#3498,"Korean Drama - 2014, 1 episodes",7.6,<class 'type'>
Check Out: Special Episode,#3499,"Thai Special - 2021, 1 episodes",7.6,<class 'type'>
Drama Special Season 6: What Is the Ghost Doing?,#3500,"Korean Special - 2015, 1 episodes",7.6,<class 'type'>
Out of Breath,#3501,"Korean Drama - 2019, 3 episodes",7.6,<class 'type'>
Something in My Room: Uncut,#3502,"Thai Drama - 2022, 10 episodes",7.6,<class 'type'>
Game of True Love,#3503,"Chinese Drama - 2025, 56 episodes",7.6,<class 'type'>
Crossroad Bistro,#3504,"Chinese Drama - 2021, 30 episodes",7.6,<class 'type'>
Date - 2015 Natsu Hito,#3505,"Japanese Special - 2015, 1 episodes",7.6,<class 'type'>
Wanida,#3506,"Thai Drama - 2010, 16 episodes",7.6,<class 'type'>
Aozora no Tamago,#3507,"Japanese Drama - 2012, 9 episodes",7.6,<class 'type'>
Pasta,#3508,"Korean Drama - 2010, 20 episodes",7.6,<class 'type'>
Ngao Asoke,#3509,"Thai Drama - 2016, 19 episodes",7.6,<class 'type'>
Wanna Be,#3510,"Chinese Drama - 2025, 29 episodes",7.6,<class 'type'>
"Healing Food, Healing Love",#3511,"Chinese Drama - 2022, 23 episodes",7.6,<class 'type'>
New Face,#3512,"Chinese Drama - 2020, 25 episodes",7.6,<class 'type'>
Dear My Name,#3513,"Korean Drama - 2019, 6 episodes",7.6,<class 'type'>
Brain,#3514,"Korean Drama - 2011, 20 episodes",7.6,<class 'type'>
Until I Destroyed My Husband's Family,#3515,"Japanese Drama - 2024, 12 episodes",7.6,<class 'type'>
Galileo Episode Zero,#3516,"Japanese Special - 2008, 1 episodes",7.6,<class 'type'>
Growing Pain Season 2,#3517,"Chinese Drama - 2022, 40 episodes",7.6,<class 'type'>
New Heart,#3518,"Korean Drama - 2007, 23 episodes",7.6,<class 'type'>
Tarm Ruk Keun Jai,#3519,"Thai Drama - 2015, 14 episodes",7.6,<class 'type'>
Tatsuki: Too Kind for School,#3520,"Japanese Drama - 2026, 10 episodes",7.6,<class 'type'>
Twisted Fate of Love,#3521,"Chinese Drama - 2020, 43 episodes",7.6,<class 'type'>
Snow Eagle Lord,#3522,"Chinese Drama - 2023, 40 episodes",7.6,<class 'type'>
"Elpis: Kibou, Aruiwa Wazawai",#3523,"Japanese Drama - 2022, 10 episodes",7.6,<class 'type'>
Blossoms Shanghai,#3524,"Chinese Drama - 2023, 30 episodes",7.6,<class 'type'>
The World Is Kind to Me,#3525,"Chinese Drama - 2023, 95 episodes",7.6,<class 'type'>
Rinsho Hanzai Gakusha Himura Hideo no Suiri: Another Story,#3526,"Japanese Special - 2016, 3 episodes",7.6,<class 'type'>
Magic of Zero: Zero Photography,#3527,"Thai Drama - 2022, 1 episodes",7.6,<class 'type'>
Hotaru no Hikari,#3528,"Japanese Drama - 2007, 10 episodes",7.6,<class 'type'>
Pitsawat,#3529,"Thai Drama - 2016, 18 episodes",7.6,<class 'type'>
Don’t Mess with Ex-Girlfriend,#3530,"Chinese Drama - 2022, 20 episodes",7.6,<class 'type'>
W no Higeki,#3531,"Japanese Drama - 2012, 8 episodes",7.6,<class 'type'>
The Hippocratic Crush Season 2,#3532,"Hong Kong Drama - 2013, 30 episodes",7.6,<class 'type'>
Uso no Senso,#3533,"Japanese Drama - 2017, 10 episodes",7.6,<class 'type'>
Chase the Truth,#3534,"Chinese Drama - 2023, 24 episodes",7.6,<class 'type'>
Don't Call Me Ma'am,#3535,"Korean Drama - 2025, 12 episodes",7.6,<class 'type'>
Ghost Writer,#3536,"Japanese Drama - 2015, 10 episodes",7.6,<class 'type'>
You from the Future,#3537,"Chinese Drama - 2023, 24 episodes",7.6,<class 'type'>
"At 25:00, in Akasaka",#3538,"Japanese Drama - 2024, 10 episodes",7.6,<class 'type'>
Bad Guys: City of Evil,#3539,"Korean Drama - 2017, 16 episodes",7.6,<class 'type'>
The Litchi Road,#3540,"Chinese Drama - 2025, 35 episodes",7.6,<class 'type'>
Ossan's Love Thailand,#3541,"Thai Drama - 2025, 12 episodes",7.6,<class 'type'>
Summer Snow,#3542,"Japanese Drama - 2000, 11 episodes",7.6,<class 'type'>
Sword and Beloved,#3543,"Chinese Drama - 2025, 36 episodes",7.6,<class 'type'>
My First First Love Season 2,#3544,"Korean Drama - 2019, 8 episodes",7.6,<class 'type'>
My Sassy Psychic,#3545,"Thai Drama - 2022, 13 episodes",7.6,<class 'type'>
Do Do Sol Sol La La Sol,#3546,"Korean Drama - 2020, 16 episodes",7.6,<class 'type'>
Light of Dawn,#3547,"Chinese Drama - 2025, 18 episodes",7.6,<class 'type'>
The Dreamlike Seal,#3548,"Chinese Drama - 2021, 130 episodes",7.6,<class 'type'>
Tang Dynasty Tour,#3549,"Chinese Drama - 2018, 36 episodes",7.6,<class 'type'>
Wanted,#3550,"Korean Drama - 2016, 16 episodes",7.6,<class 'type'>
Reopen My Journals,#3551,"Chinese Drama - 2025, 33 episodes",7.6,<class 'type'>
Unintentional Love Story,#3552,"Korean Drama - 2023, 10 episodes",7.6,<class 'type'>
Nurse in Action!,#3553,"Japanese Drama - 2019, 10 episodes",7.6,<class 'type'>
When You Love Yourself Season 2,#3554,"Korean Drama - 2019, 10 episodes",7.6,<class 'type'>
"MuTeLuv: Hello, Is This Luck?",#3555,"Thai Drama - 2025, 4 episodes",7.6,<class 'type'>
Monthly Magazine Home,#3556,"Korean Drama - 2021, 16 episodes",7.6,<class 'type'>
Bad Boy,#3557,"Korean Drama - 2010, 17 episodes",7.6,<class 'type'>
Who Are You,#3558,"Korean Drama - 2013, 16 episodes",7.6,<class 'type'>
Manhattan Love Story,#3559,"Japanese Drama - 2003, 11 episodes",7.6,<class 'type'>
You Want Some?,#3560,"Korean Drama - 2024, 50 episodes",7.6,<class 'type'>
Akumu-Chan,#3561,"Japanese Drama - 2012, 11 episodes",7.6,<class 'type'>
My Loser Husband,#3562,"Japanese Drama - 2017, 10 episodes",7.6,<class 'type'>
Cheo Yong,#3563,"Korean Drama - 2014, 10 episodes",7.6,<class 'type'>
"Isekai Izakaya ""Nobu""",#3564,"Japanese Drama - 2020, 10 episodes",7.6,<class 'type'>
Living with Him,#3565,"Japanese Drama - 2024, 8 episodes",7.6,<class 'type'>
Kaew Klang Dong,#3566,"Thai Drama - 2019, 14 episodes",7.6,<class 'type'>
Legal High,#3567,"Korean Drama - 2019, 16 episodes",7.6,<class 'type'>
Dance of the Phoenix,#3568,"Chinese Drama - 2020, 30 episodes",7.6,<class 'type'>
My Little Princess,#3569,"Chinese Drama - 2016, 16 episodes",7.6,<class 'type'>
Brave Yoshihiko and the Seven Driven People,#3570,"Japanese Drama - 2016, 12 episodes",7.6,<class 'type'>
The Proper Way to Write Love,#3571,"Japanese Drama - 2025, 8 episodes",7.6,<class 'type'>
Zhang Gong Zhu Zai Shang,#3572,"Chinese Drama - 2022, 27 episodes",7.6,<class 'type'>
The Only Girl You Haven't Seen Season 2,#3573,"Chinese Drama - 2022, 18 episodes",7.6,<class 'type'>
My First First Love,#3574,"Korean Drama - 2019, 8 episodes",7.6,<class 'type'>
Ninkyo Helper,#3575,"Japanese Drama - 2009, 11 episodes",7.6,<class 'type'>
Green Mothers' Club,#3576,"Korean Drama - 2022, 16 episodes",7.6,<class 'type'>
Feel Good to Die,#3577,"Korean Drama - 2018, 32 episodes",7.6,<class 'type'>
KBS Drama Special 2014: Bo Mi's Room,#3578,"Korean Drama - 2014, 1 episodes",7.6,<class 'type'>
The Ghost Bride,#3579,"Taiwanese Drama - 2020, 6 episodes",7.6,<class 'type'>
Too Young to Love,#3580,"Chinese Drama - 2026, 24 episodes",7.6,<class 'type'>
Military Prosecutor Doberman: Training Log,#3581,"Korean Special - 2022, 1 episodes",7.6,<class 'type'>
Fighter of the  Destiny,#3582,"Chinese Drama - 2017, 52 episodes",7.6,<class 'type'>
W Series: The Way You Shine,#3583,"Taiwanese Drama - 2023, 24 episodes",7.6,<class 'type'>
Chasing the Undercurrent,#3584,"Chinese Drama - 2022, 40 episodes",7.6,<class 'type'>
Weaving a Tale of Love Season 2,#3585,"Chinese Drama - 2023, 37 episodes",7.6,<class 'type'>
My Lover's Secret,#3586,"Japanese Drama - 2017, 10 episodes",7.6,<class 'type'>
Love Sick Season 2,#3587,"Thai Drama - 2015, 36 episodes",7.6,<class 'type'>
Ossan's Love Returns Telasa Spin Off: Forbidden Gout Temps Nouveau,#3588,"Japanese Special - 2024, 2 episodes",7.6,<class 'type'>
Marry Me,#3589,"Chinese Drama - 2020, 35 episodes",7.6,<class 'type'>
Lost Identity,#3590,"Chinese Drama - 2024, 40 episodes",7.6,<class 'type'>
Ugly Duckling Series: Perfect Match,#3591,"Thai Drama - 2015, 9 episodes",7.6,<class 'type'>
Squad 38 Special,#3592,"Korean Drama - 2016, 1 episodes",7.6,<class 'type'>
The Lost Tomb 2: Explore with the Note,#3593,"Chinese Drama - 2021, 24 episodes",7.6,<class 'type'>
Tokyo in April Is...,#3594,"Japanese Drama - 2023, 8 episodes",7.6,<class 'type'>
Pump Up the Healthy Love,#3595,"Korean Drama - 2025, 12 episodes",7.6,<class 'type'>
Mirror of the Witch,#3596,"Korean Drama - 2016, 20 episodes",7.6,<class 'type'>
Glaze of Love,#3597,"Chinese Drama - 2026, 20 episodes",7.6,<class 'type'>
Blue Moment,#3598,"Japanese Drama - 2024, 10 episodes",7.6,<class 'type'>
Boss & Me,#3599,"Thai Drama - 2021, 40 episodes",7.6,<class 'type'>
Pride and Preference,#3600,"Chinese Drama - 2025, 71 episodes",7.6,<class 'type'>
Hayabusa Fire Brigade,#3601,"Japanese Drama - 2023, 9 episodes",7.6,<class 'type'>
Sweet Games,#3602,"Chinese Drama - 2023, 24 episodes",7.6,<class 'type'>
Massaya,#3603,"Thai Drama - 2017, 17 episodes",7.6,<class 'type'>
Pleasantly Surprised,#3604,"Taiwanese Drama - 2014, 22 episodes",7.6,<class 'type'>
Damo,#3605,"Korean Drama - 2003, 14 episodes",7.6,<class 'type'>
Hidden Identity,#3606,"Korean Drama - 2015, 16 episodes",7.6,<class 'type'>
My Secret Romance,#3607,"Korean Drama - 2017, 13 episodes",7.6,<class 'type'>
Mara Clara,#3608,"Filipino Drama - 2010, 158 episodes",7.6,<class 'type'>
Here Is My Exclusive Indulge Season 2,#3609,"Chinese Drama - 2022, 37 episodes",7.6,<class 'type'>
Naze Shoujo wa Kioku wo Ushinawanakereba Naranakatta no ka?,#3610,"Japanese Special - 2014, 1 episodes",7.6,<class 'type'>
Rinne no Ame,#3611,"Japanese Special - 2010, 1 episodes",7.6,<class 'type'>
Secret Theory of Kissing,#3612,"Thai Special - 2020, 1 episodes",7.6,<class 'type'>
Yamada Taro Monogatari,#3613,"Japanese Drama - 2007, 10 episodes",7.6,<class 'type'>
Ameku Takao's Detective Karte,#3614,"Japanese Drama - 2025, 9 episodes",7.6,<class 'type'>
Inborn Pair,#3615,"Taiwanese Drama - 2011, 84 episodes",7.6,<class 'type'>
Down with Love,#3616,"Taiwanese Drama - 2010, 16 episodes",7.6,<class 'type'>
SF8: Blink,#3617,"Korean Special - 2020, 1 episodes",7.6,<class 'type'>
Towards the Truth,#3618,"Chinese Drama - 2025, 16 episodes",7.6,<class 'type'>
Red Blue,#3619,"Japanese Drama - 2024, 8 episodes",7.6,<class 'type'>
My Love Mix-Up!,#3620,"Thai Drama - 2024, 12 episodes",7.6,<class 'type'>
War of Money,#3621,"Japanese Drama - 2015, 11 episodes",7.6,<class 'type'>
Ready for Love?,#3622,"Chinese Drama - 2023, 30 episodes",7.6,<class 'type'>
The Sixth Sense,#3623,"Thai Drama - 2012, 20 episodes",7.6,<class 'type'>
DOCTORS Saikyou no Meii Season 3,#3624,"Japanese Drama - 2015, 9 episodes",7.6,<class 'type'>
I Kill U,#3625,"Korean Drama - 2025, 6 episodes",7.6,<class 'type'>
Clean with Passion for Now,#3626,"Korean Drama - 2018, 16 episodes",7.6,<class 'type'>
The Good Wife,#3627,"Japanese Drama - 2019, 10 episodes",7.6,<class 'type'>
Final Fantasy XIV: Hikari no Otousan,#3628,"Japanese Drama - 2017, 8 episodes",7.6,<class 'type'>
The Honest Realtor,#3629,"Japanese Drama - 2022, 10 episodes",7.6,<class 'type'>
The Accidental Couple,#3630,"Korean Drama - 2009, 16 episodes",7.6,<class 'type'>
"Kurokawa Morio, Arubaito Sagashitemasu!",#3631,"Japanese Drama - 2021, 3 episodes",7.6,<class 'type'>
KBS Drama Special 2014: Bride in Sneakers,#3632,"Korean Drama - 2014, 1 episodes",7.6,<class 'type'>
The Great Ruler,#3633,"Chinese Drama - 2020, 48 episodes",7.6,<class 'type'>
My Ride,#3634,"Thai Drama - 2022, 10 episodes",7.6,<class 'type'>
Bed Friend,#3635,"Thai Drama - 2023, 10 episodes",7.6,<class 'type'>
Shiyakusho,#3636,"Japanese Drama - 2019, 10 episodes",7.6,<class 'type'>
Sugar Dog Life,#3637,"Japanese Drama - 2024, 9 episodes",7.6,<class 'type'>
In Between,#3638,"Chinese Drama - 2024, 27 episodes",7.6,<class 'type'>
Flavour It's Yours,#3639,"Chinese Drama - 2019, 25 episodes",7.6,<class 'type'>
The Young Warriors,#3640,"Chinese Drama - 2006, 43 episodes",7.6,<class 'type'>
Joker Yurusarezaru Sousakan,#3641,"Japanese Drama - 2010, 10 episodes",7.6,<class 'type'>
Time,#3642,"Korean Drama - 2018, 32 episodes",7.6,<class 'type'>
Dalja's Spring,#3643,"Korean Drama - 2007, 22 episodes",7.6,<class 'type'>
Pumpkin Time,#3644,"Korean Drama - 2021, 10 episodes",7.6,<class 'type'>
You're All Surrounded Special,#3645,"Korean Special - 2014, 1 episodes",7.6,<class 'type'>
Protect the Boss,#3646,"Korean Drama - 2011, 18 episodes",7.6,<class 'type'>
"Bravo, My Life",#3647,"Korean Drama - 2022, 120 episodes",7.6,<class 'type'>
Sunny Again Tomorrow,#3648,"Korean Drama - 2018, 121 episodes",7.6,<class 'type'>
Kasuka na Kanojo,#3649,"Japanese Drama - 2013, 11 episodes",7.6,<class 'type'>
Come to Me,#3650,"Chinese Drama - 2024, 100 episodes",7.6,<class 'type'>
Pops Loves Kawaii Stuff,#3651,"Japanese Drama - 2020, 5 episodes",7.6,<class 'type'>
"The Old Dog, New Tricks?",#3652,"Japanese Drama - 2022, 10 episodes",7.6,<class 'type'>
Promise in the Summer,#3653,"Chinese Drama - 2023, 24 episodes",7.6,<class 'type'>
Birthday Letter,#3654,"Korean Special - 2019, 4 episodes",7.6,<class 'type'>
The Heirs,#3655,"Korean Drama - 2013, 20 episodes",7.6,<class 'type'>
Lady Revenger Returns from the Fire,#3656,"Chinese Drama - 2024, 24 episodes",7.6,<class 'type'>
Cruel Romance,#3657,"Chinese Drama - 2015, 40 episodes",7.6,<class 'type'>
Second Shot at Love,#3658,"Korean Drama - 2025, 12 episodes",7.6,<class 'type'>
Crocodile and Plover Bird,#3659,"Chinese Drama - 2019, 50 episodes",7.6,<class 'type'>
Paen Rai Long Tai Wa Rak,#3660,"Thai Drama - 2017, 30 episodes",7.6,<class 'type'>
Oops! Almost Broke Up,#3661,"Chinese Drama - 2025, 14 episodes",7.6,<class 'type'>
Mate,#3662,"Thai Drama - 2024, 12 episodes",7.6,<class 'type'>
Unexpected,#3663,"Chinese Drama - 2018, 23 episodes",7.6,<class 'type'>
Single & Ready to Mingle,#3664,"Korean Drama - 2020, 8 episodes",7.6,<class 'type'>
Be Your Own Light,#3665,"Chinese Drama - 2023, 40 episodes",7.6,<class 'type'>
Trespassers,#3666,"Japanese Drama - 2024, 1 episodes",7.6,<class 'type'>
Blue Lips,#3667,"Chinese Drama - 2026, 16 episodes",7.6,<class 'type'>
Shiko Funjatta!,#3668,"Japanese Drama - 2022, 10 episodes",7.6,<class 'type'>
Time Flies and You Are Here,#3669,"Chinese Drama - 2021, 32 episodes",7.6,<class 'type'>
My Precious,#3670,"Thai Drama - 2024, 10 episodes",7.6,<class 'type'>
My Girl,#3671,"Japanese Drama - 2009, 10 episodes",7.6,<class 'type'>
So Funny Youth,#3672,"Chinese Drama - 2022, 24 episodes",7.6,<class 'type'>
Seeds of Scarlet Longing,#3673,"Chinese Drama - 2026, 24 episodes",7.6,<class 'type'>
Delicacies Destiny,#3674,"Chinese Drama - 2022, 16 episodes",7.6,<class 'type'>
Glass Mask,#3675,"Japanese Drama - 1997, 11 episodes",7.6,<class 'type'>
The Way We Were,#3676,"Taiwanese Drama - 2014, 16 episodes",7.6,<class 'type'>
Cupid's Kitchen,#3677,"Chinese Drama - 2022, 40 episodes",7.6,<class 'type'>
By Stealth Like You,#3678,"Chinese Drama - 2021, 15 episodes",7.6,<class 'type'>
Bad Papa,#3679,"Korean Drama - 2018, 32 episodes",7.6,<class 'type'>
Lost in the Kunlun Mountains,#3680,"Chinese Drama - 2022, 36 episodes",7.6,<class 'type'>
Born to be a Flower,#3681,"Japanese Drama - 2018, 10 episodes",7.6,<class 'type'>
The Chaser,#3682,"Korean Drama - 2012, 16 episodes",7.6,<class 'type'>
Secret Seven,#3683,"Thai Drama - 2017, 12 episodes",7.6,<class 'type'>
Endless Love,#3684,"Thai Drama - 2019, 15 episodes",7.6,<class 'type'>
Kiss Me Again: Pete-Kao,#3685,"Thai Special - 2018, 3 episodes",7.6,<class 'type'>
Guilty Flag,#3686,"Japanese Drama - 2021, 10 episodes",7.6,<class 'type'>
Murderous Encounter,#3687,"Japanese Drama - 2025, 10 episodes",7.6,<class 'type'>
A Shoulder to Cry On,#3688,"Korean Drama - 2023, 7 episodes",7.6,<class 'type'>
High Class,#3689,"Korean Drama - 2021, 16 episodes",7.6,<class 'type'>
Love Generation,#3690,"Japanese Drama - 1997, 11 episodes",7.6,<class 'type'>
Ms. Saionji Doesn't Do Housework,#3691,"Japanese Drama - 2024, 11 episodes",7.6,<class 'type'>
Kom Faek,#3692,"Thai Drama - 2018, 14 episodes",7.6,<class 'type'>
My Ambulance,#3693,"Thai Drama - 2019, 16 episodes",7.6,<class 'type'>
Royal Doctor,#3694,"Thai Drama - 2023, 22 episodes",7.6,<class 'type'>
The Prince Who Turns into a Frog,#3695,"Taiwanese Drama - 2005, 20 episodes",7.6,<class 'type'>
The Mysteries of Love,#3696,"Hong Kong Drama - 2010, 25 episodes",7.6,<class 'type'>
Thus Spoke Kishibe Rohan Season 3,#3697,"Japanese Drama - 2022, 2 episodes",7.6,<class 'type'>
Emergency Department Doctors,#3698,"Chinese Drama - 2017, 43 episodes",7.6,<class 'type'>
Spring of Youth,#3699,"Korean Drama - 2025, 10 episodes",7.6,<class 'type'>
The Sweet Girl,#3700,"Chinese Drama - 2020, 24 episodes",7.6,<class 'type'>
"Loving, Never Forgetting",#3701,"Chinese Drama - 2014, 34 episodes",7.6,<class 'type'>
Dr. Frost,#3702,"Korean Drama - 2014, 10 episodes",7.6,<class 'type'>
Heaven's Garden,#3703,"Korean Drama - 2011, 30 episodes",7.6,<class 'type'>
The Flowers Are Blooming,#3704,"Chinese Drama - 2021, 24 episodes",7.6,<class 'type'>
My Lucky Star,#3705,"Thai Drama - 2023, 16 episodes",7.6,<class 'type'>
Love Is Panacea,#3706,"Chinese Drama - 2023, 34 episodes",7.6,<class 'type'>
Marathon,#3707,"Japanese Special - 2007, 1 episodes",7.6,<class 'type'>
Moorim School,#3708,"Korean Drama - 2016, 16 episodes",7.6,<class 'type'>
I Need Romance,#3709,"Thai Drama - 2021, 16 episodes",7.6,<class 'type'>
Bangkok Love Stories 2: Plead,#3710,"Thai Drama - 2019, 13 episodes",7.6,<class 'type'>
Over Run Over,#3711,"Hong Kong Drama - 2016, 22 episodes",7.6,<class 'type'>
Everything and Nothing,#3712,"Korean Drama - 2019, 4 episodes",7.6,<class 'type'>
The World of the Married: The Unfinished Story,#3713,"Korean Special - 2020, 2 episodes",7.6,<class 'type'>
Dr. DMAT,#3714,"Japanese Drama - 2014, 11 episodes",7.6,<class 'type'>
Tang Dynasty Occult Mysteries,#3715,"Chinese Drama - 2026, 26 episodes",7.6,<class 'type'>
Laughing in the Wind,#3716,"Chinese Drama - 2001, 40 episodes",7.6,<class 'type'>
Find Me if You Can,#3717,"Korean Drama - 2021, 8 episodes",7.6,<class 'type'>
Moonlit Order,#3718,"Chinese Drama - 2025, 24 episodes",7.6,<class 'type'>
I Will Knock You,#3719,"Thai Drama - 2022, 12 episodes",7.6,<class 'type'>
Shichinin no Hisho,#3720,"Japanese Drama - 2020, 8 episodes",7.6,<class 'type'>
Drinking Solo,#3721,"Korean Drama - 2016, 16 episodes",7.6,<class 'type'>
Please Love Me!,#3722,"Japanese Drama - 2016, 10 episodes",7.6,<class 'type'>
Mahou no Rinobe,#3723,"Japanese Drama - 2022, 10 episodes",7.6,<class 'type'>
Newtopia,#3724,"Korean Drama - 2025, 8 episodes",7.6,<class 'type'>
Mei Gui Cang Yu Sheng Xia,#3725,"Chinese Drama - 2025, 88 episodes",7.6,<class 'type'>
Choosing Spouse by Lottery,#3726,"Japanese Drama - 2018, 8 episodes",7.6,<class 'type'>
Hello Debate Opponent Season 2,#3727,"Chinese Drama - 2021, 30 episodes",7.6,<class 'type'>
Our Skyy,#3728,"Thai Drama - 2018, 5 episodes",7.6,<class 'type'>
Triangle,#3729,"Korean Drama - 2014, 26 episodes",7.6,<class 'type'>
My Fantastic Mrs Right,#3730,"Chinese Drama - 2020, 12 episodes",7.6,<class 'type'>
I Cannot Hug You Season 2,#3731,"Chinese Drama - 2018, 16 episodes",7.6,<class 'type'>
Love Cuisine,#3732,"Taiwanese Drama - 2015, 22 episodes",7.6,<class 'type'>
My Hero Series: Heart of the Motherland,#3733,"Thai Drama - 2018, 8 episodes",7.6,<class 'type'>
Perfect Partner,#3734,"Chinese Drama - 2020, 51 episodes",7.6,<class 'type'>
Samurai Sensei,#3735,"Japanese Drama - 2015, 8 episodes",7.6,<class 'type'>
Shinsengumi: With You I Bloom,#3736,"Japanese Drama - 2024, 20 episodes",7.6,<class 'type'>
Stock Struck,#3737,"Korean Drama - 2022, 12 episodes",7.6,<class 'type'>
Dr. Coto's Clinic 2006,#3738,"Japanese Drama - 2006, 11 episodes",7.6,<class 'type'>
Rise from the Ashes,#3739,"Chinese Drama - 2024, 24 episodes",7.6,<class 'type'>
"Ossan’s Love Thailand: The Two of ""Us""",#3740,"Thai Drama - 2025, 3 episodes",7.6,<class 'type'>
Sm:)e,#3741,"Chinese Drama - 2018, 24 episodes",7.6,<class 'type'>
"Your Highness, the Class Monitor",#3742,"Chinese Drama - 2019, 36 episodes",7.6,<class 'type'>
Denji Sentai Megaranger,#3743,"Japanese Drama - 1997, 51 episodes",7.6,<class 'type'>
Queen of Ambition,#3744,"Korean Drama - 2013, 24 episodes",7.6,<class 'type'>
Here Is My Exclusive Indulge,#3745,"Chinese Drama - 2021, 34 episodes",7.6,<class 'type'>
The Eternal Fragrance,#3746,"Chinese Drama - 2026, 33 episodes",7.6,<class 'type'>
Battle of the Writers,#3747,"Thai Drama - 2024, 12 episodes",7.6,<class 'type'>
Soda Master,#3748,"Japanese Drama - 2026, 11 episodes",7.6,<class 'type'>
Better a Lie Than a Truth,#3749,"Chinese Drama - 2022, 18 episodes",7.6,<class 'type'>
Mysterious Incredible Terminator,#3750,"Taiwanese Drama - 2008, 16 episodes",7.6,<class 'type'>
ClaireBell After the Final Scene,#3751,"Thai Drama - 2026, 3 episodes",7.6,<class 'type'>
Love Has Fireworks,#3752,"Chinese Drama - 2026, 36 episodes",7.6,<class 'type'>
Love in Time,#3753,"Hong Kong Drama - 2015, 9 episodes",7.6,<class 'type'>
Legend of Lin Ye,#3754,"Chinese Drama - 2023, 34 episodes",7.6,<class 'type'>
Eternal Love Rain,#3755,"Chinese Drama - 2020, 24 episodes",7.6,<class 'type'>
"Father, I’ll Take Care of You",#3756,"Korean Drama - 2016, 50 episodes",7.6,<class 'type'>
The Secret of  Love,#3757,"Chinese Drama - 2021, 30 episodes",7.6,<class 'type'>
Between Friendship and Love Season 3,#3758,"Korean Drama - 2018, 12 episodes",7.6,<class 'type'>
Destined to Love You,#3759,"Chinese Drama - 2015, 44 episodes",7.6,<class 'type'>
What's Wrong with Secretary Kim,#3760,"Filipino Drama - 2024, 40 episodes",7.6,<class 'type'>
Emergency Interrogation Room Season 3,#3761,"Japanese Drama - 2019, 10 episodes",7.6,<class 'type'>
"Go Princess, Go!",#3762,"Chinese Drama - 2015, 35 episodes",7.6,<class 'type'>
King Gwanggaeto the Great,#3763,"Korean Drama - 2011, 92 episodes",7.6,<class 'type'>
Apple My Love,#3764,"Thai Drama - 2024, 6 episodes",7.6,<class 'type'>
Doctor Detective,#3765,"Korean Drama - 2019, 32 episodes",7.6,<class 'type'>
HIStory4: Close to You,#3766,"Taiwanese Drama - 2021, 20 episodes",7.6,<class 'type'>
Love at First Sight,#3767,"Chinese Drama - 2025, 93 episodes",7.6,<class 'type'>
My Husband Is a Mafia Boss,#3768,"Filipino Drama - 2026, 21 episodes",7.6,<class 'type'>
Shinigami-kun,#3769,"Japanese Drama - 2014, 9 episodes",7.6,<class 'type'>
Only Side by Side with You,#3770,"Chinese Drama - 2018, 40 episodes",7.6,<class 'type'>
Her Little Balloon Flower,#3771,"Chinese Drama - 2025, 75 episodes",7.6,<class 'type'>
"Not Alright, But It's Alright",#3772,"Korean Drama - 2018, 10 episodes",7.6,<class 'type'>
Inference Notes,#3773,"Chinese Drama - 2017, 20 episodes",7.6,<class 'type'>
The Dance of the Storm,#3774,"Chinese Drama - 2021, 43 episodes",7.6,<class 'type'>
Gintama: Mitsuba hen,#3775,"Japanese Drama - 2017, 3 episodes",7.6,<class 'type'>
Prissana,#3776,"Thai Drama - 2000, 16 episodes",7.6,<class 'type'>
Shrink: Psychiatrist Yowai,#3777,"Japanese Drama - 2024, 3 episodes",7.6,<class 'type'>
House of Lies,#3778,"Korean Drama - 2022, 12 episodes",7.6,<class 'type'>
K.O.3an Guo,#3779,"Taiwanese Drama - 2009, 53 episodes",7.6,<class 'type'>
Dear Diary,#3780,"Chinese Drama - 2021, 24 episodes",7.6,<class 'type'>
Becky's Back,#3781,"Korean Drama - 2016, 4 episodes",7.6,<class 'type'>
Detention,#3782,"Taiwanese Drama - 2020, 8 episodes",7.6,<class 'type'>
The Pride of the Temp,#3783,"Japanese Drama - 2007, 10 episodes",7.6,<class 'type'>
My Bargain Queen,#3784,"Chinese Drama - 2021, 40 episodes",7.6,<class 'type'>
Azure Spring,#3785,"Korean Drama - 2026, 6 episodes",7.6,<class 'type'>
We Go Fast on Trust,#3786,"Chinese Drama - 2023, 22 episodes",7.6,<class 'type'>
Best Mistake Season 2,#3787,"Korean Drama - 2020, 16 episodes",7.6,<class 'type'>
A Man Who Defies the World of BL,#3788,"Japanese Special - 2021, 1 episodes",7.6,<class 'type'>
Unspeakable Love,#3789,"Chinese Special - 2020, 1 episodes",7.6,<class 'type'>
Galileo XX,#3790,"Japanese Special - 2013, 1 episodes",7.6,<class 'type'>
Operation Love,#3791,"Japanese Drama - 2007, 11 episodes",7.6,<class 'type'>
Deep in the White Clouds There Is My Dear,#3792,"Chinese Drama - 2024, 80 episodes",7.6,<class 'type'>
Piece,#3793,"Japanese Drama - 2012, 13 episodes",7.6,<class 'type'>
About Is Love Season 2,#3794,"Chinese Drama - 2022, 24 episodes",7.6,<class 'type'>
Love Track,#3795,"Korean Drama - 2025, 10 episodes",7.6,<class 'type'>
Heartstrings,#3796,"Korean Drama - 2011, 15 episodes",7.6,<class 'type'>
And the Winner Is Love,#3797,"Chinese Drama - 2020, 48 episodes",7.6,<class 'type'>
Turn to me Mukai-kun,#3798,"Japanese Drama - 2023, 10 episodes",7.6,<class 'type'>
Roy Leh Marnya,#3799,"Thai Drama - 2020, 17 episodes",7.6,<class 'type'>
Fall in Love,#3800,"Chinese Drama - 2022, 18 episodes",7.6,<class 'type'>
Love Is Written in the Stars,#3801,"Chinese Drama - 2023, 24 episodes",7.6,<class 'type'>
Dear My Room,#3802,"Korean Drama - 2018, 12 episodes",7.6,<class 'type'>
"Love, Now",#3803,"Taiwanese Drama - 2012, 72 episodes",7.6,<class 'type'>
Dangerous Romance,#3804,"Thai Drama - 2023, 12 episodes",7.6,<class 'type'>
Real:Time:Love Season 4,#3805,"Korean Drama - 2020, 8 episodes",7.6,<class 'type'>
Iron Ladies,#3806,"Taiwanese Drama - 2018, 13 episodes",7.6,<class 'type'>
See You Again,#3807,"Chinese Drama - 2022, 30 episodes",7.6,<class 'type'>
Drama Special Season 14: Anyone Anywhere,#3808,"Korean Special - 2023, 1 episodes",7.6,<class 'type'>
SP,#3809,"Japanese Drama - 2007, 11 episodes",7.6,<class 'type'>
To the Beautiful You,#3810,"Korean Drama - 2012, 16 episodes",7.6,<class 'type'>
The Best Story,#3811,"Thai Drama - 2021, 3 episodes",7.6,<class 'type'>
Girl2K,#3812,"Thai Drama - 2021, 10 episodes",7.6,<class 'type'>
Talio,#3813,"Japanese Drama - 2020, 7 episodes",7.6,<class 'type'>
Mi wo Tsukushi Ryouricho,#3814,"Japanese Drama - 2017, 8 episodes",7.6,<class 'type'>
Keizoku,#3815,"Japanese Drama - 1999, 11 episodes",7.6,<class 'type'>
Little Girl K,#3816,"Korean Drama - 2011, 3 episodes",7.6,<class 'type'>
Far Away Love,#3817,"Chinese Drama - 2016, 36 episodes",7.6,<class 'type'>
Ms. Temper & Nam Jung Gi,#3818,"Korean Drama - 2016, 16 episodes",7.6,<class 'type'>
Egg and Stone,#3819,"Chinese Drama - 2023, 24 episodes",7.6,<class 'type'>
Chou no Rikigaku,#3820,"Japanese Drama - 2019, 6 episodes",7.6,<class 'type'>
Shinjuku Field Hospital,#3821,"Japanese Drama - 2024, 11 episodes",7.6,<class 'type'>
Logically Impossible! Detective Ryoko Kamizuru Is on the Case,#3822,"Japanese Drama - 2023, 11 episodes",7.6,<class 'type'>
Why R U?,#3823,"Thai Drama - 2020, 13 episodes",7.6,<class 'type'>
Eternal Love of the Fox,#3824,"Chinese Drama - 2026, 24 episodes",7.6,<class 'type'>
Flying up without Disturb,#3825,"Chinese Drama - 2025, 32 episodes",7.6,<class 'type'>
Soundtrack #2,#3826,"Korean Drama - 2023, 6 episodes",7.6,<class 'type'>
The Wonder Woman,#3827,"Taiwanese Drama - 2020, 18 episodes",7.6,<class 'type'>
Ten Years of Unrequited Love,#3828,"Chinese Drama - 2025, 24 episodes",7.6,<class 'type'>
Kimi ni Sasageru Emblem,#3829,"Japanese Special - 2017, 1 episodes",7.6,<class 'type'>
Palace Shadows: Between Two Princes,#3830,"Chinese Drama - 2024, 24 episodes",7.6,<class 'type'>
Recipe for Love,#3831,"Korean Drama - 2026, 50 episodes",7.6,<class 'type'>
Unshakable Faith,#3832,"Chinese Drama - 2023, 38 episodes",7.6,<class 'type'>
Monstrous,#3833,"Korean Drama - 2022, 6 episodes",7.6,<class 'type'>
Still Loving You,#3834,"Korean Drama - 2016, 125 episodes",7.6,<class 'type'>
Family: The Unbreakable Bond,#3835,"Korean Drama - 2023, 12 episodes",7.6,<class 'type'>
Prosecutor Princess,#3836,"Korean Drama - 2010, 16 episodes",7.6,<class 'type'>
The Queen Who Crowns: Before Sunrise,#3837,"Korean Drama - 2025, 2 episodes",7.6,<class 'type'>
Cheer☆Dan,#3838,"Japanese Drama - 2018, 10 episodes",7.6,<class 'type'>
Good and Evil,#3839,"Chinese Drama - 2021, 32 episodes",7.6,<class 'type'>
Lady & Liar,#3840,"Chinese Drama - 2015, 46 episodes",7.6,<class 'type'>
Perfect Family,#3841,"Korean Drama - 2024, 12 episodes",7.6,<class 'type'>
Aoi Honoo,#3842,"Japanese Drama - 2014, 11 episodes",7.6,<class 'type'>
Mr. Unlucky Has No Choice but to Kiss!,#3843,"Japanese Drama - 2022, 8 episodes",7.6,<class 'type'>
Cheer Up,#3844,"Korean Drama - 2022, 16 episodes",7.6,<class 'type'>
Heard It through the Grapevine,#3845,"Korean Drama - 2015, 30 episodes",7.6,<class 'type'>
Full Throttle Girl,#3846,"Japanese Drama - 2011, 11 episodes",7.6,<class 'type'>
Wildfire by Daylight,#3847,"Chinese Drama - 2025, 70 episodes",7.6,<class 'type'>
Soot Sanaeha,#3848,"Thai Drama - 2009, 16 episodes",7.6,<class 'type'>
Ugly Beauty,#3849,"Chinese Drama - 2021, 24 episodes",7.6,<class 'type'>
Apple My Love (Uncut Ver.),#3850,"Thai Drama - 2024, 6 episodes",7.6,<class 'type'>
Kindaichi Shonen no Jikenbo: Hong Kong Kowloon Zaiho Satsujin Jiken,#3851,"Japanese Drama - 2013, 1 episodes",7.6,<class 'type'>
Samurai Cat,#3852,"Japanese Drama - 2013, 12 episodes",7.6,<class 'type'>
My Little Lover: Minami-kun no Koibito,#3853,"Japanese Drama - 2015, 10 episodes",7.6,<class 'type'>
Warden of the Sky,#3854,"Thai Drama - 2017, 10 episodes",7.6,<class 'type'>
My Blooming Days,#3855,"Korean Drama - 2014, 16 episodes",7.6,<class 'type'>
Diary of Tootsies Season 2,#3856,"Thai Drama - 2017, 12 episodes",7.6,<class 'type'>
Yorozu Uranaidokoro Onmyoya e Yokoso,#3857,"Japanese Drama - 2013, 11 episodes",7.6,<class 'type'>
Is Xian Zun Whitewashed Today?,#3858,"Chinese Drama - 2022, 25 episodes",7.6,<class 'type'>
Legend of Yunze,#3859,"Chinese Drama - 2021, 12 episodes",7.6,<class 'type'>
Okane no Kireme ga Koi no Hajimari,#3860,"Japanese Drama - 2020, 4 episodes",7.6,<class 'type'>
Zekkyou,#3861,"Japanese Drama - 2019, 4 episodes",7.6,<class 'type'>
Please Love Me,#3862,"Chinese Drama - 2019, 24 episodes",7.6,<class 'type'>
Dolce Amore,#3863,"Filipino Drama - 2016, 137 episodes",7.6,<class 'type'>
While You Were Sleeping,#3864,"Korean Drama - 2011, 120 episodes",7.6,<class 'type'>
My Youth,#3865,"Korean Drama - 2025, 12 episodes",7.6,<class 'type'>
The Legend of White Snake,#3866,"Chinese Drama - 2019, 36 episodes",7.6,<class 'type'>
Spring Burning,#3867,"Chinese Drama - 2025, 24 episodes",7.6,<class 'type'>
Drama Special Season 8: Let Us Meet,#3868,"Korean Special - 2017, 1 episodes",7.6,<class 'type'>
Reunited Worlds,#3869,"Korean Drama - 2017, 40 episodes",7.6,<class 'type'>
My Bossy Wife Season 2,#3870,"Chinese Drama - 2022, 28 episodes",7.6,<class 'type'>
Love Me Like I Do,#3871,"Chinese Drama - 2023, 18 episodes",7.6,<class 'type'>
Granting You a Dreamlike Life,#3872,"Chinese Drama - 2018, 40 episodes",7.6,<class 'type'>
My Dear Destiny,#3873,"Chinese Drama - 2020, 36 episodes",7.6,<class 'type'>
Ms. Incognito,#3874,"Korean Drama - 2025, 12 episodes",7.6,<class 'type'>
An Lian De Xiao Qing Mei Ta Ren Mei Sheng Tian,#3875,"Chinese Drama - 2024, 86 episodes",7.6,<class 'type'>
Let Me Introduce Her,#3876,"Korean Drama - 2018, 40 episodes",7.6,<class 'type'>
My Only One,#3877,"Korean Drama - 2018, 106 episodes",7.6,<class 'type'>
Boys Be Brave!,#3878,"Korean Drama - 2024, 8 episodes",7.6,<class 'type'>
Dae Jo Yeong,#3879,"Korean Drama - 2006, 134 episodes",7.6,<class 'type'>
Your Dear Daddy,#3880,"Thai Drama - 2026, 8 episodes",7.6,<class 'type'>
"The Great King, Sejong",#3881,"Korean Drama - 2008, 86 episodes",7.6,<class 'type'>
Krachao Seeda,#3882,"Thai Drama - 2021, 7 episodes",7.6,<class 'type'>
A Camellia Romance,#3883,"Chinese Drama - 2021, 24 episodes",7.6,<class 'type'>
MuTeLuv:  Fist Foot Fusion,#3884,"Thai Drama - 2025, 4 episodes",7.6,<class 'type'>
Obstetrics and Gynecology Doctors,#3885,"Korean Drama - 2010, 16 episodes",7.6,<class 'type'>
The High School Heroes,#3886,"Japanese Drama - 2021, 8 episodes",7.6,<class 'type'>
The Escape of the Seven: War for Survival,#3887,"Korean Drama - 2023, 17 episodes",7.6,<class 'type'>
Keshigomu wo Kureta Joshi wo Suki ni Natta,#3888,"Japanese Drama - 2022, 10 episodes",7.6,<class 'type'>
The Midnight Romance in Hagwon,#3889,"Korean Drama - 2024, 16 episodes",7.6,<class 'type'>
My Classmate from Far Far Away,#3890,"Chinese Drama - 2018, 24 episodes",7.6,<class 'type'>
Forget You Remember Love,#3891,"Chinese Drama - 2020, 38 episodes",7.6,<class 'type'>
Consummation,#3892,"Chinese Drama - 2020, 24 episodes",7.6,<class 'type'>
All About Eve,#3893,"Korean Drama - 2000, 20 episodes",7.6,<class 'type'>
Dear Mom,#3894,"Taiwanese Drama - 2014, 84 episodes",7.6,<class 'type'>
Nothing But You,#3895,"Chinese Drama - 2022, 24 episodes",7.6,<class 'type'>
The Truth of Scent,#3896,"Chinese Drama - 2023, 24 episodes",7.6,<class 'type'>
Waking Love Up,#3897,"Chinese Drama - 2011, 40 episodes",7.6,<class 'type'>
Love Sea: The Home for Lovers,#3898,"Japanese Drama - 2025, 10 episodes",7.6,<class 'type'>
Take Five - Oretachi wa Ai wo Nusumeru ka,#3899,"Japanese Drama - 2013, 10 episodes",7.6,<class 'type'>
Lightning,#3900,"Chinese Drama - 2017, 31 episodes",7.6,<class 'type'>
Secret Unrequited Love,#3901,"Japanese Drama - 2019, 7 episodes",7.6,<class 'type'>
Saigo kara Nibanme no Koi,#3902,"Japanese Drama - 2012, 11 episodes",7.6,<class 'type'>
The Promise,#3903,"Korean Drama - 2016, 102 episodes",7.6,<class 'type'>
Big Bet,#3904,"Korean Drama - 2022, 8 episodes",7.6,<class 'type'>
Ando Lloyd - A.I. Knows Love ?,#3905,"Japanese Drama - 2013, 10 episodes",7.6,<class 'type'>
Love Beneath the Stars,#3906,"Filipino Drama - 2021, 6 episodes",7.6,<class 'type'>
Reborn in Your Embrace,#3907,"Chinese Drama - 2025, 81 episodes",7.6,<class 'type'>
The Black Devil and the White Prince,#3908,"Japanese Drama - 2015, 2 episodes",7.6,<class 'type'>
Kono Hatsukoi wa Fiction desu,#3909,"Japanese Drama - 2021, 40 episodes",7.6,<class 'type'>
Fukuyado Honpo - Kyoto Love Story,#3910,"Japanese Drama - 2016, 12 episodes",7.6,<class 'type'>
Dine With Love: Special,#3911,"Chinese Special - 2022, 1 episodes",7.6,<class 'type'>
Last One Standing,#3912,"Chinese Drama - 2019, 24 episodes",7.6,<class 'type'>
Tuning Hearts,#3913,"Chinese Drama - 2025, 63 episodes",7.6,<class 'type'>
Umi no Ue no Shinryoujo,#3914,"Japanese Drama - 2013, 11 episodes",7.6,<class 'type'>
Hi! School - Love On,#3915,"Korean Drama - 2014, 20 episodes",7.6,<class 'type'>
The Legend of Heroes: Hot Blooded,#3916,"Chinese Special - 2024, 30 episodes",7.6,<class 'type'>
Double Helix,#3917,"Chinese Drama - 2026, 12 episodes",7.6,<class 'type'>
Lunch Break Lovers,#3918,"Japanese Drama - 2026, 8 episodes",7.6,<class 'type'>
Cutie Pie,#3919,"Thai Drama - 2022, 12 episodes",7.6,<class 'type'>
Tenshoku no Mao-sama,#3920,"Japanese Drama - 2023, 11 episodes",7.6,<class 'type'>
Ms. Cupid in Love: Extra Episodes,#3921,"Chinese Special - 2022, 3 episodes",7.6,<class 'type'>
Thara Himalai,#3922,"Thai Drama - 2010, 9 episodes",7.6,<class 'type'>
Dear My Secretary,#3923,"Thai Drama - 2025, 16 episodes",7.6,<class 'type'>
What to Do with You,#3924,"Korean Special - 2018, 7 episodes",7.6,<class 'type'>
A Man Who Defies the World of BL Season 2,#3925,"Japanese Special - 2022, 1 episodes",7.6,<class 'type'>
Duel on Mount Hua: Nine Yin True Sutra,#3926,"Chinese Special - 2025, 8 episodes",7.6,<class 'type'>
I Just Want to See You,#3927,"Japanese Drama - 2022, 4 episodes",7.6,<class 'type'>
No Time for Love,#3928,"Korean Drama - 2018, 8 episodes",7.6,<class 'type'>
An no Ririkku: Sakuragi An Haiku Hajimetemimashita,#3929,"Japanese Special - 2021, 2 episodes",7.6,<class 'type'>
Who Is the Murderer,#3930,"Chinese Drama - 2021, 16 episodes",7.6,<class 'type'>
Squid Game Season 3,#3931,"Korean Drama - 2025, 6 episodes",7.6,<class 'type'>
Higanbana: Keishicho Sosa Nana ka,#3932,"Japanese Drama - 2016, 10 episodes",7.6,<class 'type'>
Money Honey Brainy,#3933,"Chinese Drama - 2025, 24 episodes",7.6,<class 'type'>
Confess Your Love,#3934,"Chinese Drama - 2023, 24 episodes",7.6,<class 'type'>
Weakest Beast,#3935,"Japanese Drama - 2018, 10 episodes",7.6,<class 'type'>
The Promise of the Soul,#3936,"Taiwanese Drama - 2025, 12 episodes",7.6,<class 'type'>
He’s into Her Season 2,#3937,"Filipino Drama - 2022, 16 episodes",7.6,<class 'type'>
Aku no Hado,#3938,"Japanese Drama - 2019, 5 episodes",7.6,<class 'type'>
Summer's Desire,#3939,"Taiwanese Drama - 2010, 14 episodes",7.6,<class 'type'>
Kamen Rider Kiva,#3940,"Japanese Drama - 2008, 48 episodes",7.6,<class 'type'>
Tsuge & Minato,#3941,"Japanese Special - 2020, 1 episodes",7.6,<class 'type'>
Xuan-Yuan Sword: Scar of Sky,#3942,"Chinese Drama - 2012, 36 episodes",7.6,<class 'type'>
The Believers Season 2,#3943,"Thai Drama - 2025, 8 episodes",7.5,<class 'type'>
Totto TV,#3944,"Japanese Drama - 2016, 7 episodes",7.6,<class 'type'>
The Judgement,#3945,"Thai Drama - 2018, 13 episodes",7.6,<class 'type'>
Cosmetic Playlover,#3946,"Japanese Drama - 2024, 8 episodes",7.6,<class 'type'>
Fabulous Boys,#3947,"Taiwanese Drama - 2013, 13 episodes",7.6,<class 'type'>
You Touched My Heart,#3948,"Thai Drama - 2023, 18 episodes",7.6,<class 'type'>
In Youth,#3949,"Chinese Drama - 2019, 38 episodes",7.6,<class 'type'>
Half of Me,#3950,"Korean Drama - 2025, 51 episodes",7.6,<class 'type'>
Mr. Heart,#3951,"Korean Drama - 2020, 8 episodes",7.6,<class 'type'>
River’s Edge Okawabata Tanteisha,#3952,"Japanese Drama - 2014, 12 episodes",7.6,<class 'type'>
The Fierce Wife,#3953,"Taiwanese Drama - 2010, 23 episodes",7.6,<class 'type'>
The Monkey King: Quest for the Sutra,#3954,"Hong Kong Drama - 2002, 40 episodes",7.6,<class 'type'>
Love after Addiction,#3955,"Chinese Drama - 2026, 12 episodes",7.6,<class 'type'>
Switch Girl!! Season 2,#3956,"Japanese Drama - 2012, 8 episodes",7.6,<class 'type'>
Glass Mask Season 2,#3957,"Japanese Drama - 1998, 12 episodes",7.6,<class 'type'>
Red Eyes: Kanshi Sousa-han,#3958,"Japanese Drama - 2021, 10 episodes",7.6,<class 'type'>
The Letter from the Cloud,#3959,"Chinese Drama - 2022, 26 episodes",7.6,<class 'type'>
Eccentric! Chef Moon,#3960,"Korean Drama - 2020, 16 episodes",7.6,<class 'type'>
"Master, Wait a Moment",#3961,"Chinese Drama - 2021, 26 episodes",7.6,<class 'type'>
Mokomi: Kanojo Chotto Hendakedo,#3962,"Japanese Drama - 2021, 10 episodes",7.6,<class 'type'>
Somewhere Only We Know,#3963,"Chinese Drama - 2019, 24 episodes",7.6,<class 'type'>
Kateikyoshi no Kishi Knight desu.,#3964,"Japanese Drama - 2026, 10 episodes",7.6,<class 'type'>
Returning Pearl,#3965,"Chinese Drama - 2025, 30 episodes",7.5,<class 'type'>
Ano Toki Kiss Shite Okeba,#3966,"Japanese Drama - 2021, 8 episodes",7.6,<class 'type'>
The Ingenuity of the Househusband,#3967,"Japanese Drama - 2021, 10 episodes",7.6,<class 'type'>
Marry Me Again,#3968,"Chinese Drama - 2025, 31 episodes",7.6,<class 'type'>
Saiko no Seito: Yomei Ichinen no Last Dance,#3969,"Japanese Drama - 2023, 10 episodes",7.6,<class 'type'>
The Cupids Series: Loob Korn Kammathep,#3970,"Thai Drama - 2017, 7 episodes",7.6,<class 'type'>
Unstoppable Youth,#3971,"Chinese Drama - 2019, 40 episodes",7.6,<class 'type'>
GoGo Sentai Boukenger,#3972,"Japanese Drama - 2006, 49 episodes",7.5,<class 'type'>
The Reborn Young Lord,#3973,"Chinese Drama - 2026, 38 episodes",7.6,<class 'type'>
My Undead Yokai Girlfriend,#3974,"Japanese Drama - 2024, 8 episodes",7.6,<class 'type'>
Resurrection,#3975,"Korean Drama - 2005, 24 episodes",7.6,<class 'type'>
Virtues of Harmony,#3976,"Hong Kong Drama - 2001, 327 episodes",7.6,<class 'type'>
Embrace You through the Ashes,#3977,"Chinese Drama - 2025, 60 episodes",7.6,<class 'type'>
Office Girls,#3978,"Taiwanese Drama - 2011, 25 episodes",7.6,<class 'type'>
Million-Follower Detective,#3979,"Taiwanese Drama - 2026, 8 episodes",7.5,<class 'type'>
The Love of a Fool,#3980,"Chinese Drama - 2025, 66 episodes",7.6,<class 'type'>
Kageri Yuku Natsu,#3981,"Japanese Drama - 2015, 5 episodes",7.6,<class 'type'>
Beyond the Clouds,#3982,"Korean Drama - 2014, 16 episodes",7.6,<class 'type'>
Last Minute Romance,#3983,"Korean Drama - 2017, 10 episodes",7.6,<class 'type'>
Fuben na Benriya,#3984,"Japanese Drama - 2015, 12 episodes",7.6,<class 'type'>
My Fairy Doctor,#3985,"Chinese Drama - 2022, 34 episodes",7.6,<class 'type'>
Duang Jai Nai Montra,#3986,"Thai Drama - 2021, 16 episodes",7.6,<class 'type'>
I Became the Main Role of a BL Drama Season 2,#3987,"Japanese Drama - 2025, 6 episodes",7.6,<class 'type'>
Everyone Wants to Meet You,#3988,"Chinese Drama - 2020, 36 episodes",7.6,<class 'type'>
A Life: A Love,#3989,"Japanese Drama - 2017, 10 episodes",7.6,<class 'type'>
Born with Luck,#3990,"Chinese Drama - 2026, 24 episodes",7.6,<class 'type'>
Fantastic,#3991,"Korean Drama - 2016, 16 episodes",7.6,<class 'type'>
Love Destiny Season 2,#3992,"Thai Drama - 2023, 26 episodes",7.6,<class 'type'>
Yoo Na's Street,#3993,"Korean Drama - 2014, 50 episodes",7.6,<class 'type'>
My Wife's Double Life,#3994,"Chinese Drama - 2024, 24 episodes",7.6,<class 'type'>
The Tyrant,#3995,"Korean Drama - 2024, 4 episodes",7.6,<class 'type'>
Dear Mr Hermitage,#3996,"Chinese Drama - 2023, 24 episodes",7.6,<class 'type'>
Ultraman Omega,#3997,"Japanese Drama - 2025, 25 episodes",7.6,<class 'type'>
Love Formula,#3998,"Chinese Drama - 2025, 24 episodes",7.6,<class 'type'>
D.I.E.,#3999,"Hong Kong Drama - 2008, 25 episodes",7.6,<class 'type'>
Top Star Yoo Baek,#4000,"Korean Drama - 2018, 11 episodes",7.6,<class 'type'>
Drama Special Season 8: Dancing the Waltz Alone,#4001,"Korean Special - 2017, 1 episodes",7.6,<class 'type'>
The Thunder,#4002,"Chinese Drama - 2019, 48 episodes",7.6,<class 'type'>
Wedding Impossible,#4003,"Korean Drama - 2024, 12 episodes",7.6,<class 'type'>
Playful Kiss Seung Jo's Diary,#4004,"Korean Special - 2010, 7 episodes",7.6,<class 'type'>
Brilliant Class 8,#4005,"Chinese Drama - 2022, 40 episodes",7.6,<class 'type'>
Love in Time,#4006,"Chinese Drama - 2020, 24 episodes",7.6,<class 'type'>
A Thousand Days' Promise,#4007,"Korean Drama - 2011, 20 episodes",7.6,<class 'type'>
Invisible,#4008,"Japanese Drama - 2022, 10 episodes",7.6,<class 'type'>
Kingyo Club,#4009,"Japanese Drama - 2011, 10 episodes",7.6,<class 'type'>
Born to Be Alive,#4010,"Chinese Drama - 2026, 40 episodes",7.6,<class 'type'>
The Unholy Alliance,#4011,"Hong Kong Drama - 2017, 28 episodes",7.6,<class 'type'>
Drama Special Season 8: You Are Closer Than I Think,#4012,"Korean Special - 2017, 1 episodes",7.6,<class 'type'>
The Lion's Secret,#4013,"Chinese Drama - 2021, 33 episodes",7.5,<class 'type'>
Glory Back,#4014,"Chinese Drama - 2026, 32 episodes",7.6,<class 'type'>
Master of Study,#4015,"Korean Drama - 2010, 16 episodes",7.6,<class 'type'>
Love Is Science?,#4016,"Taiwanese Drama - 2021, 18 episodes",7.6,<class 'type'>
Why You… Y Me?,#4017,"Thai Drama - 2022, 10 episodes",7.5,<class 'type'>
Flying Tiger,#4018,"Hong Kong Drama - 2018, 30 episodes",7.6,<class 'type'>
Love Sea: The Home for Lovers Special,#4019,"Japanese Drama - 2025, 2 episodes",7.6,<class 'type'>
All In,#4020,"Korean Drama - 2003, 24 episodes",7.5,<class 'type'>
My Romantic Some Recipe,#4021,"Korean Drama - 2016, 6 episodes",7.5,<class 'type'>
Poo Bao Indy Yayee Inter,#4022,"Thai Drama - 2019, 17 episodes",7.5,<class 'type'>
Warm Meet You,#4023,"Chinese Drama - 2022, 24 episodes",7.5,<class 'type'>
Pop Out Boy!,#4024,"Korean Drama - 2020, 10 episodes",7.5,<class 'type'>
The Heaven Sword and Dragon Saber,#4025,"Chinese Drama - 2009, 40 episodes",7.6,<class 'type'>
Left-Eye Detective,#4026,"Japanese Drama - 2010, 8 episodes",7.5,<class 'type'>
He Dun's Happiness,#4027,"Chinese Special - 2022, 8 episodes",7.6,<class 'type'>
Raeng Pradtanaha,#4028,"Thai Drama - 2013, 15 episodes",7.5,<class 'type'>
Shojiki Fudosan Season 2,#4029,"Japanese Drama - 2024, 10 episodes",7.5,<class 'type'>
Reborn,#4030,"Japanese Drama - 2026, 9 episodes",7.6,<class 'type'>
The Good Thieves,#4031,"Korean Drama - 2017, 50 episodes",7.5,<class 'type'>
Love Senior Special,#4032,"Thai Drama - 2024, 5 episodes",7.5,<class 'type'>
Saved by His Tender Love,#4033,"Chinese Drama - 2024, 94 episodes",7.5,<class 'type'>
To the Moon,#4034,"Korean Drama - 2025, 12 episodes",7.5,<class 'type'>
Delete,#4035,"Thai Drama - 2023, 8 episodes",7.5,<class 'type'>
"Sassy Girl, Chun Hyang",#4036,"Korean Drama - 2005, 17 episodes",7.5,<class 'type'>
Nightmare Teacher,#4037,"Korean Drama - 2016, 12 episodes",7.5,<class 'type'>
Yesterday,#4038,"Thai Drama - 2026, 10 episodes",7.5,<class 'type'>
Miss Chun Is a Litigator,#4039,"Chinese Drama - 2023, 20 episodes",7.5,<class 'type'>
Fermentation Family,#4040,"Korean Drama - 2011, 24 episodes",7.5,<class 'type'>
My Destiny,#4041,"Chinese Drama - 2026, 30 episodes",7.6,<class 'type'>
Riding a Unicorn,#4042,"Japanese Drama - 2022, 10 episodes",7.5,<class 'type'>
Love by Chance,#4043,"Thai Drama - 2018, 14 episodes",7.5,<class 'type'>
My Woofy Poofy Love,#4044,"Korean Drama - 2018, 8 episodes",7.5,<class 'type'>
Love in Twilight,#4045,"Thai Drama - 2021, 12 episodes",7.5,<class 'type'>
Voice,#4046,"Thai Drama - 2019, 16 episodes",7.5,<class 'type'>
Emergency Interrogation Room,#4047,"Japanese Drama - 2014, 9 episodes",7.5,<class 'type'>
"Sweet Tooth, Good Dentist",#4048,"Thai Drama - 2025, 11 episodes",7.5,<class 'type'>
Unlucky Girl!,#4049,"Japanese Drama - 2021, 10 episodes",7.5,<class 'type'>
My Baby Bright: Best Friends Forever,#4050,"Thai Special - 2018, 1 episodes",7.5,<class 'type'>
The Boy Next World,#4051,"Thai Drama - 2025, 10 episodes",7.5,<class 'type'>
Game Maya,#4052,"Thai Drama - 2017, 17 episodes",7.5,<class 'type'>
Sword and Fairy,#4053,"Chinese Drama - 2024, 36 episodes",7.5,<class 'type'>
Torranee Ni Nee Krai Krong,#4054,"Thai Drama - 2012, 17 episodes",7.5,<class 'type'>
Weaving a Tale of Love,#4055,"Chinese Drama - 2021, 40 episodes",7.5,<class 'type'>
Tree of Heaven,#4056,"Korean Drama - 2006, 10 episodes",7.5,<class 'type'>
Hero SP,#4057,"Japanese Special - 2006, 1 episodes",7.5,<class 'type'>
So Wayree,#4058,"Thai Drama - 2020, 15 episodes",7.5,<class 'type'>
Our Universe,#4059,"Korean Drama - 2026, 12 episodes",7.5,<class 'type'>
Ten Brothers,#4060,"Hong Kong Drama - 2007, 20 episodes",7.5,<class 'type'>
Yasha,#4061,"Japanese Drama - 2000, 11 episodes",7.5,<class 'type'>
Midsummer Is Full of Love,#4062,"Chinese Drama - 2020, 24 episodes",7.5,<class 'type'>
Detective Chinatown Season 2,#4063,"Chinese Drama - 2024, 16 episodes",7.5,<class 'type'>
A Pledge to God,#4064,"Korean Drama - 2018, 48 episodes",7.5,<class 'type'>
Miss King,#4065,"Japanese Drama - 2025, 8 episodes",7.6,<class 'type'>
Friend Zone 2: Dangerous Area,#4066,"Thai Drama - 2020, 16 episodes",7.5,<class 'type'>
Silent Truth,#4067,"Japanese Drama - 2026, 9 episodes",7.5,<class 'type'>
The Cupids Series: Kamathep Ork Suek,#4068,"Thai Drama - 2017, 7 episodes",7.5,<class 'type'>
War and Beauty,#4069,"Hong Kong Drama - 2004, 30 episodes",7.5,<class 'type'>
Love in the Desert,#4070,"Chinese Drama - 2024, 26 episodes",7.5,<class 'type'>
Magic of Zero: Zero Supporter,#4071,"Thai Drama - 2022, 1 episodes",7.5,<class 'type'>
Biblia Koshodou no Jiken Techou,#4072,"Japanese Drama - 2013, 11 episodes",7.5,<class 'type'>
Chef wa Meitantei,#4073,"Japanese Drama - 2021, 9 episodes",7.5,<class 'type'>
Xi Dian Yuan Yang,#4074,"Chinese Drama - 2013, 25 episodes",7.5,<class 'type'>
Mimicus,#4075,"Korean Drama - 2022, 16 episodes",7.5,<class 'type'>
"Hwa Jung, the Princess of Light",#4076,"Korean Drama - 2015, 50 episodes",7.5,<class 'type'>
Discovery of Love,#4077,"Korean Drama - 2014, 16 episodes",7.5,<class 'type'>
Eight Hours,#4078,"Chinese Drama - 2022, 36 episodes",7.5,<class 'type'>
Here to Heart,#4079,"Chinese Drama - 2018, 48 episodes",7.5,<class 'type'>
King Is Not Easy,#4080,"Chinese Drama - 2017, 20 episodes",7.5,<class 'type'>
The Fearless,#4081,"Taiwanese Drama - 2019, 13 episodes",7.5,<class 'type'>
Believe in Love,#4082,"Chinese Drama - 2022, 24 episodes",7.5,<class 'type'>
The Legend of the Condor Heroes,#4083,"Chinese Drama - 2003, 42 episodes",7.5,<class 'type'>
Buang Banjathorn,#4084,"Thai Drama - 2017, 10 episodes",7.5,<class 'type'>
U-Prince: Firstclass,#4085,"Thai Drama - 2017, 4 episodes",7.5,<class 'type'>
On Children,#4086,"Taiwanese Drama - 2018, 5 episodes",7.5,<class 'type'>
Informa,#4087,"Japanese Drama - 2023, 10 episodes",7.5,<class 'type'>
Lupin no Musume Season 2,#4088,"Japanese Drama - 2020, 9 episodes",7.5,<class 'type'>
Panthakan Rak,#4089,"Thai Drama - 2018, 14 episodes",7.5,<class 'type'>
Flower Boy Next Door,#4090,"Korean Drama - 2013, 16 episodes",7.5,<class 'type'>
Stop! Miss Hua,#4091,"Chinese Drama - 2021, 24 episodes",7.5,<class 'type'>
Long Time No See,#4092,"Korean Drama - 2017, 5 episodes",7.5,<class 'type'>
Faceless Love,#4093,"Thai Drama - 2023, 14 episodes",7.5,<class 'type'>
Drama Special Season 8: Madame Jung’s Last Week,#4094,"Korean Special - 2017, 1 episodes",7.5,<class 'type'>
Takara-kun & Amagi-kun,#4095,"Japanese Drama - 2022, 8 episodes",7.5,<class 'type'>
Juuyou Sankounin Tantei,#4096,"Japanese Drama - 2017, 8 episodes",7.5,<class 'type'>
My Bossy Wife,#4097,"Chinese Drama - 2022, 28 episodes",7.5,<class 'type'>
The House Arrest of Us,#4098,"Filipino Drama - 2020, 13 episodes",7.5,<class 'type'>
Puck!,#4099,"Korean Special - 2016, 2 episodes",7.5,<class 'type'>
Miss in Kiss,#4100,"Taiwanese Drama - 2016, 39 episodes",7.5,<class 'type'>
Fifteen Years to Wait for Migratory Birds,#4101,"Chinese Drama - 2016, 24 episodes",7.5,<class 'type'>
Unforgettable Love,#4102,"Korean Special - 2006, 1 episodes",7.5,<class 'type'>
Luead Mungkorn: Suea,#4103,"Thai Drama - 2015, 9 episodes",7.5,<class 'type'>
Crime Puzzle,#4104,"Korean Drama - 2021, 10 episodes",7.5,<class 'type'>
Tokyo Bachelors,#4105,"Japanese Drama - 2019, 8 episodes",7.5,<class 'type'>
The Love Duel,#4106,"Chinese Drama - 2024, 23 episodes",7.5,<class 'type'>
Legal Mavericks 2020,#4107,"Hong Kong Drama - 2020, 28 episodes",7.5,<class 'type'>
Cinderella Again,#4108,"Japanese Drama - 2022, 10 episodes",7.5,<class 'type'>
The Legendary Four Aces,#4109,"Hong Kong Drama - 2000, 52 episodes",7.5,<class 'type'>
Star and Sky: Star in My Mind,#4110,"Thai Drama - 2022, 8 episodes",7.5,<class 'type'>
Ie Uru Onna no Gyakushu,#4111,"Japanese Drama - 2019, 10 episodes",7.5,<class 'type'>
Lost in the Woods,#4112,"Thai Drama - 2025, 7 episodes",7.5,<class 'type'>
Ghetto Justice,#4113,"Hong Kong Drama - 2011, 20 episodes",7.5,<class 'type'>
Meitantei Conan Drama Special: Kudo Shinichi Kyoto Shinsengumi Satsujin Jiken,#4114,"Japanese Special - 2012, 1 episodes",7.5,<class 'type'>
The Proud Twins,#4115,"Hong Kong Drama - 2005, 40 episodes",7.5,<class 'type'>
Invincible Stepmother,#4116,"Chinese Drama - 2023, 24 episodes",7.5,<class 'type'>
Evasive Inquiry Agency,#4117,"Korean Drama - 2007, 16 episodes",7.5,<class 'type'>
Wars of In-Laws,#4118,"Hong Kong Drama - 2005, 20 episodes",7.5,<class 'type'>
Islands,#4119,"Chinese Drama - 2024, 40 episodes",7.5,<class 'type'>
Fly the Jumper,#4120,"Taiwanese Drama - 2020, 4 episodes",7.5,<class 'type'>
My Poseidon,#4121,"Chinese Drama - 2019, 34 episodes",7.5,<class 'type'>
All the Way to the Sun,#4122,"Chinese Drama - 2023, 36 episodes",7.5,<class 'type'>
Swordsman,#4123,"Chinese Drama - 2013, 42 episodes",7.5,<class 'type'>
Caught in the Heartbeat,#4124,"Chinese Drama - 2018, 40 episodes",7.5,<class 'type'>
First Note of Love,#4125,"Taiwanese Drama - 2024, 12 episodes",7.5,<class 'type'>
IN-SEOUL,#4126,"Korean Drama - 2019, 15 episodes",7.5,<class 'type'>
Have a Crush on You,#4127,"Chinese Drama - 2024, 24 episodes",7.5,<class 'type'>
Chaser Game W: Power Harassment Joshi wa Watashi no Moto Kano,#4128,"Japanese Drama - 2024, 8 episodes",7.5,<class 'type'>
Got a Crush on You,#4129,"Chinese Drama - 2023, 26 episodes",7.5,<class 'type'>
Zettai Reido Season 3,#4130,"Japanese Drama - 2018, 10 episodes",7.5,<class 'type'>
My First Time,#4131,"Korean Drama - 2015, 8 episodes",7.5,<class 'type'>
Super Daddy Yeol,#4132,"Korean Drama - 2015, 16 episodes",7.5,<class 'type'>
Shan You Mu Xi Mu You Zhi,#4133,"Chinese Drama - 2025, 77 episodes",7.5,<class 'type'>
Views of Love: Grey Rainbow,#4134,"Thai Drama - 2016, 4 episodes",7.5,<class 'type'>
Perfect Couple,#4135,"Chinese Drama - 2014, 45 episodes",7.5,<class 'type'>
Silence,#4136,"Taiwanese Drama - 2006, 19 episodes",7.5,<class 'type'>
Nursing Aide at Your Side,#4137,"Japanese Drama - 2024, 10 episodes",7.5,<class 'type'>
GTO: Special,#4138,"Japanese Special - 1998, 1 episodes",7.5,<class 'type'>
Lives of Omission,#4139,"Hong Kong Drama - 2011, 30 episodes",7.5,<class 'type'>
Rich Families Chasing My Pet,#4140,"Chinese Drama - 2024, 50 episodes",7.5,<class 'type'>
Secret Crush On You Special,#4141,"Thai Special - 2022, 1 episodes",7.5,<class 'type'>
Boys over Flowers Season 2,#4142,"Japanese Drama - 2018, 11 episodes",7.5,<class 'type'>
Love Deeply!,#4143,"Japanese Drama - 2021, 9 episodes",7.5,<class 'type'>
Avenues of the Diamond,#4144,"Filipino Drama - 2025, 16 episodes",7.5,<class 'type'>
The Witch,#4145,"Korean Drama - 2025, 10 episodes",7.5,<class 'type'>
Assistant of Superstar,#4146,"Chinese Drama - 2022, 24 episodes",7.5,<class 'type'>
Love Unseen beneath the Clear Night Sky,#4147,"Japanese Drama - 2025, 8 episodes",7.5,<class 'type'>
Revive,#4148,"Chinese Drama - 2016, 16 episodes",7.5,<class 'type'>
Ai Nhai,#4149,"Thai Special - 2023, 1 episodes",7.5,<class 'type'>
Morrasoom Sawat,#4150,"Thai Drama - 2015, 16 episodes",7.5,<class 'type'>
Joshi-teki Seikatsu,#4151,"Japanese Drama - 2018, 4 episodes",7.5,<class 'type'>
You Are Desire Extra,#4152,"Chinese Special - 2023, 1 episodes",7.5,<class 'type'>
Sachiiro no One Room,#4153,"Japanese Drama - 2018, 10 episodes",7.5,<class 'type'>
Heartbeat Deviation,#4154,"Chinese Drama - 2024, 99 episodes",7.5,<class 'type'>
Japan’s Number One Jerk Salaryman,#4155,"Japanese Drama - 2025, 11 episodes",7.5,<class 'type'>
Real Life Love Story Season 4,#4156,"Korean Special - 2018, 8 episodes",7.5,<class 'type'>
Doubutsu Sentai Zyuohger,#4157,"Japanese Drama - 2016, 48 episodes",7.5,<class 'type'>
18/40: Unbreakable Bond of Dreams,#4158,"Japanese Drama - 2023, 10 episodes",7.5,<class 'type'>
What's Up?,#4159,"Korean Drama - 2011, 20 episodes",7.5,<class 'type'>
Hide,#4160,"Korean Drama - 2024, 12 episodes",7.5,<class 'type'>
Y-Destiny Special Episode,#4161,"Thai Special - 2021, 1 episodes",7.5,<class 'type'>
Tell No One,#4162,"Chinese Drama - 2024, 12 episodes",7.5,<class 'type'>
Boys over Flowers,#4163,"Korean Drama - 2009, 25 episodes",7.5,<class 'type'>
Ru Hua Ru Tu,#4164,"Chinese Drama - 2022, 20 episodes",7.5,<class 'type'>
Love Through a Millennium,#4165,"Chinese Drama - 2015, 24 episodes",7.5,<class 'type'>
Stay Tuned!,#4166,"Japanese Drama - 2019, 5 episodes",7.5,<class 'type'>
A Dream like the True Love,#4167,"Chinese Drama - 2025, 24 episodes",7.5,<class 'type'>
Miss Pilot,#4168,"Japanese Drama - 2013, 11 episodes",7.5,<class 'type'>
The Undateables,#4169,"Korean Drama - 2018, 32 episodes",7.5,<class 'type'>
Men with Sword Season 2,#4170,"Chinese Drama - 2017, 30 episodes",7.5,<class 'type'>
Sixth Strategy,#4171,"Chinese Drama - 2025, 65 episodes",7.5,<class 'type'>
The Love in Your Eyes,#4172,"Korean Drama - 2022, 123 episodes",7.5,<class 'type'>
11 Nin mo Iru!,#4173,"Japanese Drama - 2011, 9 episodes",7.5,<class 'type'>
Dear Prince,#4174,"Chinese Drama - 2017, 19 episodes",7.5,<class 'type'>
Our Skyy 2: Star in My Mind,#4175,"Thai Drama - 2023, 2 episodes",7.5,<class 'type'>
I Wanna Punch That Scumbag!,#4176,"Japanese Drama - 2024, 10 episodes",7.5,<class 'type'>
See You Again,#4177,"Chinese Drama - 2021, 18 episodes",7.5,<class 'type'>
The Best Friend,#4178,"Chinese Drama - 2021, 24 episodes",7.5,<class 'type'>
Kimi to Sekai ga Owaru Hi ni,#4179,"Japanese Drama - 2021, 10 episodes",7.5,<class 'type'>
"My Husband, Mr. Oh!",#4180,"Korean Drama - 2018, 24 episodes",7.5,<class 'type'>
Underwear,#4181,"Japanese Drama - 2015, 13 episodes",7.5,<class 'type'>
U-Prince: Dash,#4182,"Thai Drama - 2016, 4 episodes",7.5,<class 'type'>
Angel Eyes,#4183,"Korean Drama - 2014, 20 episodes",7.5,<class 'type'>
Love Track: Onion Soup after Hours,#4184,"Korean Drama - 2025, 1 episodes",7.5,<class 'type'>
Good Morning Call: Our Campus Days,#4185,"Japanese Drama - 2017, 10 episodes",7.5,<class 'type'>
Densha Otoko,#4186,"Japanese Drama - 2005, 11 episodes",7.5,<class 'type'>
Triumph in the Skies,#4187,"Hong Kong Drama - 2003, 40 episodes",7.5,<class 'type'>
Reversal Orchestra,#4188,"Japanese Drama - 2023, 10 episodes",7.5,<class 'type'>
The Underclass,#4189,"Thai Drama - 2020, 13 episodes",7.5,<class 'type'>
Hi My Sweetheart,#4190,"Taiwanese Drama - 2009, 14 episodes",7.5,<class 'type'>
Drama Special Season 8: The Reason We Can’t Sleep,#4191,"Korean Special - 2017, 1 episodes",7.5,<class 'type'>
The Virtuous Queen of Han,#4192,"Chinese Drama - 2014, 47 episodes",7.5,<class 'type'>
Kiseki+,#4193,"Taiwanese Special - 2023, 1 episodes",7.5,<class 'type'>
Is Love Sustainable?,#4194,"Japanese Drama - 2022, 10 episodes",7.5,<class 'type'>
Rang Mai Hua Jai Derm,#4195,"Thai Drama - 2016, 16 episodes",7.5,<class 'type'>
Human Specimens,#4196,"Japanese Drama - 2025, 5 episodes",7.5,<class 'type'>
"Meow, the Secret Boy",#4197,"Korean Drama - 2020, 24 episodes",7.5,<class 'type'>
Saigo no Yakusoku,#4198,"Japanese Special - 2010, 1 episodes",7.5,<class 'type'>
Miss Unwieldy,#4199,"Chinese Drama - 2024, 82 episodes",7.5,<class 'type'>
Lucky Seven,#4200,"Japanese Drama - 2012, 10 episodes",7.5,<class 'type'>
Evil Minds Season 2,#4201,"Chinese Drama - 2016, 24 episodes",7.5,<class 'type'>
The Demon Master,#4202,"Chinese Drama - 2018, 46 episodes",7.5,<class 'type'>
Hong Luan Yin,#4203,"Chinese Drama - 2025, 92 episodes",7.5,<class 'type'>
I’m a Pet at Dali Temple,#4204,"Chinese Drama - 2018, 22 episodes",7.5,<class 'type'>
Love & Wish,#4205,"Korean Drama - 2021, 9 episodes",7.5,<class 'type'>
My Queen,#4206,"Chinese Drama - 2021, 24 episodes",7.5,<class 'type'>
Only Just Married,#4207,"Japanese Drama - 2021, 10 episodes",7.5,<class 'type'>
Rugal,#4208,"Korean Drama - 2020, 16 episodes",7.5,<class 'type'>
Capital Scandal,#4209,"Korean Drama - 2007, 16 episodes",7.5,<class 'type'>
Palace of Devotion,#4210,"Chinese Drama - 2021, 61 episodes",7.5,<class 'type'>
Khun Chai Ratchanon,#4211,"Thai Drama - 2013, 11 episodes",7.5,<class 'type'>
Interlaced Scenes,#4212,"Chinese Drama - 2024, 15 episodes",7.5,<class 'type'>
Happiness,#4213,"Thai Drama - 2025, 12 episodes",7.5,<class 'type'>
Liver or Die,#4214,"Korean Drama - 2019, 40 episodes",7.5,<class 'type'>
High School Big Bang,#4215,"Chinese Drama - 2020, 15 episodes",7.5,<class 'type'>
No Tail to Tell,#4216,"Korean Drama - 2026, 12 episodes",7.5,<class 'type'>
Pale Moon,#4217,"Korean Drama - 2023, 10 episodes",7.5,<class 'type'>
The Sparkle in Your Eye,#4218,"Singaporean Drama - 2025, 12 episodes",7.5,<class 'type'>
Heiress Reborn,#4219,"Chinese Drama - 2024, 24 episodes",7.5,<class 'type'>
Bossy Husband Who Loved Me,#4220,"Chinese Drama - 2022, 24 episodes",7.5,<class 'type'>
My Engineer,#4221,"Thai Drama - 2020, 14 episodes",7.5,<class 'type'>
Love of Summer Night,#4222,"Chinese Drama - 2020, 24 episodes",7.5,<class 'type'>
The Queen of Attack,#4223,"Chinese Drama - 2021, 18 episodes",7.5,<class 'type'>
Drama Special Season 6: Funny Woman,#4224,"Korean Special - 2015, 2 episodes",7.5,<class 'type'>
Kake kara Hajimaru Sayonara no Koi,#4225,"Japanese Drama - 2023, 8 episodes",7.5,<class 'type'>
Prince of Wolf,#4226,"Taiwanese Drama - 2016, 18 episodes",7.5,<class 'type'>
Oops! The King Is in Love,#4227,"Chinese Drama - 2020, 24 episodes",7.5,<class 'type'>
Ex-Girlfriend Club,#4228,"Korean Drama - 2015, 12 episodes",7.5,<class 'type'>
All about My Romance,#4229,"Korean Drama - 2013, 16 episodes",7.5,<class 'type'>
QUEEN,#4230,"Japanese Drama - 2019, 10 episodes",7.5,<class 'type'>
Something in My Room,#4231,"Thai Drama - 2022, 10 episodes",7.5,<class 'type'>
Skip Beat!,#4232,"Taiwanese Drama - 2011, 15 episodes",7.5,<class 'type'>
Twelve Legends,#4233,"Chinese Drama - 2021, 32 episodes",7.5,<class 'type'>
Hidarime Tantei EYE,#4234,"Japanese Special - 2009, 1 episodes",7.5,<class 'type'>
U-Prince: Brian,#4235,"Thai Drama - 2017, 5 episodes",7.5,<class 'type'>
Mission Fan-Possible,#4236,"Thai Drama - 2023, 10 episodes",7.5,<class 'type'>
Roy Ruk Hak Liam Tawan,#4237,"Thai Drama - 2014, 11 episodes",7.5,<class 'type'>
Shining Just for You,#4238,"Chinese Drama - 2022, 25 episodes",7.5,<class 'type'>
The Little Wife of the General,#4239,"Chinese Drama - 2022, 24 episodes",7.5,<class 'type'>
The Legend of Zu,#4240,"Chinese Drama - 2015, 56 episodes",7.5,<class 'type'>
V-Focus,#4241,"Taiwanese Drama - 2016, 65 episodes",7.5,<class 'type'>
The Scandal of Chun Hwa,#4242,"Korean Drama - 2025, 10 episodes",7.5,<class 'type'>
Melody of Secrets,#4243,"Thai Drama - 2025, 10 episodes",7.5,<class 'type'>
Nazotoki wa Dinner no Ato de SP,#4244,"Japanese Special - 2012, 1 episodes",7.5,<class 'type'>
"Desire's Dance, Fate's Chance",#4245,"Chinese Drama - 2025, 60 episodes",7.5,<class 'type'>
The Best Moment to Quit Your Job,#4246,"Korean Drama - 2017, 24 episodes",7.5,<class 'type'>
Tempted,#4247,"Korean Drama - 2018, 32 episodes",7.5,<class 'type'>
Iari: Mienai Kao,#4248,"Japanese Drama - 2018, 6 episodes",7.5,<class 'type'>
Payu Sai,#4249,"Thai Drama - 2021, 14 episodes",7.5,<class 'type'>
Ab Ruk Online,#4250,"Thai Drama - 2015, 15 episodes",7.5,<class 'type'>
Pandora's Fruit,#4251,"Japanese Drama - 2022, 10 episodes",7.5,<class 'type'>
Well-Intended Love Season 2,#4252,"Chinese Drama - 2020, 16 episodes",7.5,<class 'type'>
Lao Gong Qing He Wo Lian Ai Ba,#4253,"Chinese Drama - 2025, 86 episodes",7.5,<class 'type'>
Forecasting Love and Weather,#4254,"Korean Drama - 2022, 16 episodes",7.5,<class 'type'>
Nevertheless: The Shapes of Love,#4255,"Japanese Drama - 2024, 8 episodes",7.5,<class 'type'>
Senior Secret Love: Bake Me Love,#4256,"Thai Drama - 2016, 6 episodes",7.5,<class 'type'>
Time Teaches Me to Love,#4257,"Chinese Drama - 2018, 24 episodes",7.5,<class 'type'>
Unrivaled Charm,#4258,"Chinese Drama - 2025, 75 episodes",7.5,<class 'type'>
Eternal Butler,#4259,"Taiwanese Drama - 2024, 12 episodes",7.5,<class 'type'>
Kazokugari,#4260,"Japanese Drama - 2014, 10 episodes",7.5,<class 'type'>
Nakee,#4261,"Thai Drama - 2016, 11 episodes",7.5,<class 'type'>
Prince of Beijing Circle,#4262,"Chinese Drama - 2024, 75 episodes",7.5,<class 'type'>
Renascence,#4263,"Chinese Drama - 2020, 36 episodes",7.5,<class 'type'>
Detective Dee,#4264,"Chinese Drama - 2017, 66 episodes",7.5,<class 'type'>
Scent of Memory,#4265,"Thai Drama - 2023, 1 episodes",7.5,<class 'type'>
Obsessed with Heart,#4266,"Chinese Drama - 2018, 11 episodes",7.5,<class 'type'>
Hellbound,#4267,"Korean Drama - 2021, 6 episodes",7.5,<class 'type'>
Nang Rai Tee Rak,#4268,"Thai Drama - 2015, 12 episodes",7.5,<class 'type'>
More than Words,#4269,"Japanese Drama - 2022, 10 episodes",7.5,<class 'type'>
The Fallen Lady Returns,#4270,"Chinese Drama - 2025, 21 episodes",7.5,<class 'type'>
Bad Family,#4271,"Korean Drama - 2006, 16 episodes",7.5,<class 'type'>
Hope - Misaeng: Incomplete Life,#4272,"Japanese Drama - 2016, 9 episodes",7.5,<class 'type'>
Gong Ni Lan Qing Kong,#4273,"Chinese Drama - 2025, 90 episodes",7.5,<class 'type'>
Invert: Jozuka Hisui Toujoshu,#4274,"Japanese Drama - 2022, 5 episodes",7.5,<class 'type'>
The Great Craftsman,#4275,"Chinese Drama - 2019, 60 episodes",7.5,<class 'type'>
Show Window: The Queen's House,#4276,"Korean Drama - 2021, 16 episodes",7.5,<class 'type'>
Witness to a Prosecution,#4277,"Hong Kong Drama - 1999, 22 episodes",7.5,<class 'type'>
S: Saigo no Keikan,#4278,"Japanese Drama - 2014, 10 episodes",7.5,<class 'type'>
Tagusari Bros.,#4279,"Japanese Drama - 2026, 10 episodes",7.5,<class 'type'>
My Dear Loser: Monster Romance,#4280,"Thai Drama - 2017, 10 episodes",7.5,<class 'type'>
The Second Husband,#4281,"Korean Drama - 2021, 150 episodes",7.5,<class 'type'>
Pretty Li Hui Zhen,#4282,"Chinese Drama - 2017, 46 episodes",7.5,<class 'type'>
Zettai Reido Season 2,#4283,"Japanese Drama - 2011, 11 episodes",7.5,<class 'type'>
Okashi no Ie,#4284,"Japanese Drama - 2015, 10 episodes",7.5,<class 'type'>
The Fabulous,#4285,"Korean Drama - 2022, 8 episodes",7.5,<class 'type'>
Zeni Geba,#4286,"Japanese Drama - 2009, 9 episodes",7.5,<class 'type'>
Tai Zi Ye Ta Guo Fen Ye,#4287,"Chinese Drama - 2025, 73 episodes",7.5,<class 'type'>
Wonderful Life,#4288,"Korean Drama - 2005, 16 episodes",7.5,<class 'type'>
The Queen of Attack Season 2,#4289,"Chinese Drama - 2021, 18 episodes",7.5,<class 'type'>
KBS Drama Special 2013: Jin Jin,#4290,"Korean Drama - 2013, 1 episodes",7.5,<class 'type'>
Sassy Beauty,#4291,"Chinese Drama - 2022, 24 episodes",7.5,<class 'type'>
Kill Lover,#4292,"Chinese Drama - 2025, 16 episodes",7.5,<class 'type'>
Ninpuu Sentai Hurricaneger,#4293,"Japanese Drama - 2002, 51 episodes",7.5,<class 'type'>
The Blessed Girl,#4294,"Chinese Drama - 2021, 40 episodes",7.5,<class 'type'>
Cruel Temptation,#4295,"Korean Drama - 2008, 129 episodes",7.5,<class 'type'>
Please Give Me a Pair of Wings,#4296,"Chinese Drama - 2019, 60 episodes",7.5,<class 'type'>
Nazotoki wa Dinner no Ato de,#4297,"Japanese Drama - 2011, 10 episodes",7.5,<class 'type'>
Marn Bang Jai,#4298,"Thai Drama - 2020, 15 episodes",7.5,<class 'type'>
Tientsin Mystic 2,#4299,"Chinese Drama - 2020, 24 episodes",7.5,<class 'type'>
Ploy's Yearbook,#4300,"Thai Drama - 2024, 16 episodes",7.5,<class 'type'>
Real:Time:Love Season 3,#4301,"Korean Drama - 2020, 8 episodes",7.5,<class 'type'>
Unlucky Ploy,#4302,"Thai Drama - 2020, 16 episodes",7.5,<class 'type'>
Holyland,#4303,"Japanese Drama - 2005, 13 episodes",7.5,<class 'type'>
Gold Panning,#4304,"Chinese Drama - 2022, 12 episodes",7.5,<class 'type'>
Rebirth of Shopping Addict,#4305,"Chinese Drama - 2020, 44 episodes",7.5,<class 'type'>
The Imperial Coroner Season 2,#4306,"Chinese Drama - 2026, 28 episodes",7.5,<class 'type'>
Dr. White,#4307,"Japanese Drama - 2022, 10 episodes",7.5,<class 'type'>
The Revenge of Begonia,#4308,"Chinese Drama - 2024, 24 episodes",7.5,<class 'type'>
Jiang Xiao Jie Ta Xia Shan Le,#4309,"Chinese Drama - 2024, 149 episodes",7.5,<class 'type'>
Late to Love,#4310,"Chinese Drama - 2026, 24 episodes",7.5,<class 'type'>
Shinhannin Flag 2,#4311,"Japanese Drama - 2022, 10 episodes",7.5,<class 'type'>
Unfair,#4312,"Japanese Drama - 2006, 11 episodes",7.5,<class 'type'>
Miss Lucky Go!,#4313,"Chinese Drama - 2023, 24 episodes",7.5,<class 'type'>
Kou Kou Kyoushi,#4314,"Japanese Drama - 1993, 11 episodes",7.5,<class 'type'>
Love & π,#4315,"Taiwanese Drama - 2018, 17 episodes",7.5,<class 'type'>
Shadow Detective,#4316,"Chinese Drama - 2025, 24 episodes",7.5,<class 'type'>
Precise Shot,#4317,"Chinese Drama - 2020, 20 episodes",7.5,<class 'type'>
My Fellow Citizens!,#4318,"Korean Drama - 2019, 36 episodes",7.5,<class 'type'>
Pride and Prejudice,#4319,"Korean Drama - 2014, 21 episodes",7.5,<class 'type'>
Hanging On,#4320,"Korean Drama - 2020, 10 episodes",7.5,<class 'type'>
My Girlfriend Is the Man!,#4321,"Korean Drama - 2025, 12 episodes",7.5,<class 'type'>
The Story of Kang Gu,#4322,"Korean Drama - 2014, 2 episodes",7.5,<class 'type'>
Mint to Be,#4323,"Thai Drama - 2018, 10 episodes",7.5,<class 'type'>
Lying Heart,#4324,"Thai Drama - 2017, 26 episodes",7.5,<class 'type'>
Swallow the Sun,#4325,"Korean Drama - 2009, 25 episodes",7.5,<class 'type'>
"Noble, My Love",#4326,"Korean Drama - 2015, 20 episodes",7.5,<class 'type'>
Drama Special Season 14: TV Cinema - Joseon Chefs,#4327,"Korean Special - 2023, 1 episodes",7.5,<class 'type'>
The Murky Stream,#4328,"Korean Drama - 2025, 9 episodes",7.5,<class 'type'>
Wild Heroes,#4329,"Japanese Drama - 2015, 10 episodes",7.5,<class 'type'>
The King's Face,#4330,"Korean Drama - 2014, 23 episodes",7.5,<class 'type'>
Rang Tawan,#4331,"Thai Drama - 2016, 14 episodes",7.5,<class 'type'>
Mr. & Mrs. Chen,#4332,"Chinese Drama - 2023, 32 episodes",7.5,<class 'type'>
Temperature of Love,#4333,"Korean Drama - 2017, 40 episodes",7.5,<class 'type'>
Aoshima-kun Is a Bully!,#4334,"Japanese Drama - 2024, 9 episodes",7.5,<class 'type'>
Cleaning Up,#4335,"Korean Drama - 2022, 16 episodes",7.5,<class 'type'>
Love in Sadness,#4336,"Korean Drama - 2019, 40 episodes",7.5,<class 'type'>
Majo no Jouken,#4337,"Japanese Drama - 1999, 11 episodes",7.5,<class 'type'>
Pin to Kona,#4338,"Japanese Drama - 2013, 10 episodes",7.5,<class 'type'>
Risou no Musuko,#4339,"Japanese Drama - 2012, 10 episodes",7.5,<class 'type'>
TRICK Shinsaku Special,#4340,"Japanese Special - 2005, 1 episodes",7.5,<class 'type'>
Minato Shouji Coin Laundry Season 2,#4341,"Japanese Drama - 2023, 12 episodes",7.5,<class 'type'>
A Sleeping Forest,#4342,"Japanese Drama - 1998, 12 episodes",7.5,<class 'type'>
Record of Youth,#4343,"Korean Drama - 2020, 16 episodes",7.5,<class 'type'>
Kanakana,#4344,"Japanese Drama - 2022, 28 episodes",7.5,<class 'type'>
The Dangerous Venus,#4345,"Japanese Drama - 2020, 10 episodes",7.5,<class 'type'>
My Girlfriend,#4346,"Chinese Drama - 2019, 28 episodes",7.5,<class 'type'>
Saikou no Rikon Special 2014,#4347,"Japanese Special - 2014, 1 episodes",7.5,<class 'type'>
Stay by My Side Special,#4348,"Taiwanese Special - 2024, 1 episodes",7.5,<class 'type'>
Ultraman,#4349,"Japanese Drama - 1966, 39 episodes",7.5,<class 'type'>
Plot Love,#4350,"Chinese Drama - 2021, 24 episodes",7.5,<class 'type'>
Dhevaprom: Jaipisut,#4351,"Thai Drama - 2024, 17 episodes",7.5,<class 'type'>
Ultraman X,#4352,"Japanese Drama - 2015, 22 episodes",7.5,<class 'type'>
Our Dazzling Days,#4353,"Chinese Drama - 2026, 30 episodes",7.5,<class 'type'>
Rise of Her Lady Physician,#4354,"Chinese Drama - 2025, 28 episodes",7.5,<class 'type'>
Ashi Girl: Chojiku Love-Com Futatabi,#4355,"Japanese Special - 2018, 1 episodes",7.5,<class 'type'>
Golden Bowl,#4356,"Japanese Drama - 2002, 11 episodes",7.5,<class 'type'>
The Cupids Series: Kamathep Online,#4357,"Thai Drama - 2017, 9 episodes",7.5,<class 'type'>
Botchan,#4358,"Japanese Special - 2016, 1 episodes",7.5,<class 'type'>
Ossan's Love,#4359,"Japanese Drama - 2018, 7 episodes",7.5,<class 'type'>
Blemish Flaw,#4360,"Chinese Drama - 2025, 16 episodes",7.5,<class 'type'>
"Thank You, Doctor",#4361,"Chinese Drama - 2022, 40 episodes",7.5,<class 'type'>
Kindaichi Shonen no Jikenbo: Gakuen Nanafushigi Satsujin Jiken,#4362,"Japanese Special - 1995, 1 episodes",7.5,<class 'type'>
To Be a Brave One,#4363,"Chinese Drama - 2022, 36 episodes",7.5,<class 'type'>
My Precious,#4364,"Chinese Drama - 2023, 40 episodes",7.5,<class 'type'>
The Night of the Comet,#4365,"Chinese Drama - 2019, 16 episodes",7.5,<class 'type'>
Master Devil Do Not Kiss Me Season 2,#4366,"Chinese Drama - 2017, 23 episodes",7.5,<class 'type'>
Minato's Laundromat,#4367,"Japanese Drama - 2022, 12 episodes",7.5,<class 'type'>
Papa to Musume no Nanokakan,#4368,"Japanese Drama - 2007, 7 episodes",7.5,<class 'type'>
Drama Special Season 15: The History of Us,#4369,"Korean Special - 2024, 1 episodes",7.5,<class 'type'>
Red Balloon,#4370,"Taiwanese Drama - 2017, 8 episodes",7.5,<class 'type'>
My Neighbour Can't Sleep,#4371,"Chinese Drama - 2019, 24 episodes",7.5,<class 'type'>
"Yuube no Curry, Ashita no Pan",#4372,"Japanese Drama - 2014, 7 episodes",7.5,<class 'type'>
Grid,#4373,"Korean Drama - 2022, 10 episodes",7.5,<class 'type'>
Praomook,#4374,"Thai Drama - 2021, 15 episodes",7.5,<class 'type'>
Ultraseven,#4375,"Japanese Drama - 1967, 49 episodes",7.5,<class 'type'>
I'll Turn Back This Time Extra,#4376,"Chinese Special - 2025, 1 episodes",7.5,<class 'type'>
Destiny Seeker,#4377,"Thai Drama - 2023, 10 episodes",7.5,<class 'type'>
Stay Still Episode 0,#4378,"Hong Kong Special - 2023, 1 episodes",7.5,<class 'type'>
Hanasaki Mai Speaks Out,#4379,"Japanese Drama - 2014, 10 episodes",7.5,<class 'type'>
Destiny Calls,#4380,"Thai Special - 2019, 1 episodes",7.5,<class 'type'>
The Heavenly Idol,#4381,"Korean Drama - 2023, 12 episodes",7.5,<class 'type'>
Whisper of Desire,#4382,"Thai Drama - 2026, 8 episodes",7.5,<class 'type'>
I Have Not Done My Best Yet,#4383,"Korean Drama - 2022, 12 episodes",7.5,<class 'type'>
The Return of Iljimae,#4384,"Korean Drama - 2009, 24 episodes",7.5,<class 'type'>
Gay OK Bangkok Season 2,#4385,"Thai Drama - 2017, 7 episodes",7.5,<class 'type'>
Thumping Spike 2,#4386,"Korean Drama - 2016, 20 episodes",7.5,<class 'type'>
Xin Hun Man Re,#4387,"Chinese Drama - 2025, 78 episodes",7.5,<class 'type'>
Oriento Kyuko Satsujin Jiken,#4388,"Japanese Special - 2015, 2 episodes",7.5,<class 'type'>
Mystique in the Mirror,#4389,"Thai Drama - 2025, 8 episodes",7.5,<class 'type'>
Somewhere Our Love Begins,#4390,"Thai Drama - 2021, 12 episodes",7.5,<class 'type'>
Radio Romance,#4391,"Korean Drama - 2018, 16 episodes",7.5,<class 'type'>
You Complete Me,#4392,"Chinese Drama - 2020, 40 episodes",7.5,<class 'type'>
KBS Drama Special 2014: I'm Dying Soon,#4393,"Korean Drama - 2014, 1 episodes",7.5,<class 'type'>
Cry Me a River of Stars,#4394,"Chinese Drama - 2021, 24 episodes",7.5,<class 'type'>
Unubore Deka,#4395,"Japanese Drama - 2010, 11 episodes",7.5,<class 'type'>
My Princess,#4396,"Korean Drama - 2011, 16 episodes",7.5,<class 'type'>
Wolf,#4397,"Thai Drama - 2019, 13 episodes",7.5,<class 'type'>
"Wrong Carriage, Right Groom",#4398,"Chinese Drama - 2001, 20 episodes",7.5,<class 'type'>
Zettai Reido,#4399,"Japanese Drama - 2010, 11 episodes",7.5,<class 'type'>
Kiss on the First Meeting,#4400,"Chinese Drama - 2025, 117 episodes",7.5,<class 'type'>
9 Years of You,#4401,"Thai Drama - 2025, 9 episodes",7.5,<class 'type'>
Eight Hundred,#4402,"Chinese Drama - 2026, 20 episodes",7.5,<class 'type'>
"Komi-san wa, Komyushou Desu",#4403,"Japanese Drama - 2021, 8 episodes",7.5,<class 'type'>
Unrequited Love,#4404,"Chinese Drama - 2021, 38 episodes",7.5,<class 'type'>
Women Document Detectives,#4405,"Japanese Drama - 2018, 8 episodes",7.5,<class 'type'>
You Are Mine,#4406,"Taiwanese Drama - 2023, 10 episodes",7.5,<class 'type'>
"Freeter, Ie o Kau. Special",#4407,"Japanese Special - 2011, 1 episodes",7.5,<class 'type'>
"Chuan Shu Fu Jia Zhou Li, Wo He Gui Mi Qi Shang Zhen",#4408,"Chinese Drama - 2025, 100 episodes",7.5,<class 'type'>
Wedding Plan,#4409,"Thai Drama - 2023, 7 episodes",7.5,<class 'type'>
Our Shiny Days,#4410,"Chinese Drama - 2019, 24 episodes",7.5,<class 'type'>
Ossan's Love,#4411,"Hong Kong Drama - 2021, 15 episodes",7.5,<class 'type'>
TRICK Shinsaku Special 2,#4412,"Japanese Special - 2010, 1 episodes",7.5,<class 'type'>
Summer Indigo,#4413,"Korean Drama - 2025, 60 episodes",7.5,<class 'type'>
Gourmet Detective Goro Akechi,#4414,"Japanese Drama - 2020, 9 episodes",7.5,<class 'type'>
Bang Rak Soi 9/1,#4415,"Thai Drama - 2016, 55 episodes",7.5,<class 'type'>
Love Sick,#4416,"Thai Drama - 2014, 12 episodes",7.5,<class 'type'>
The Law Protector,#4417,"Thai Drama - 2017, 10 episodes",7.5,<class 'type'>
Just to Possess You,#4418,"Chinese Drama - 2025, 65 episodes",7.5,<class 'type'>
KBS Drama Special 2014: Middle School Student A,#4419,"Korean Drama - 2014, 1 episodes",7.5,<class 'type'>
Joshi Kousei no Mudazukai,#4420,"Japanese Drama - 2020, 7 episodes",7.5,<class 'type'>
The Most Difficult Romance,#4421,"Japanese Drama - 2016, 10 episodes",7.5,<class 'type'>
Saki,#4422,"Japanese Drama - 2013, 11 episodes",7.5,<class 'type'>
Medical Examiner Dr. Qin: The Survivor,#4423,"Chinese Drama - 2018, 30 episodes",7.5,<class 'type'>
Exit,#4424,"Korean Special - 2018, 4 episodes",7.5,<class 'type'>
Ingredients,#4425,"Thai Special - 2020, 21 episodes",7.5,<class 'type'>
Ingredients Special,#4426,"Thai Special - 2020, 1 episodes",7.5,<class 'type'>
Soulmate,#4427,"Korean Drama - 2006, 12 episodes",7.5,<class 'type'>
Otonari ni Ginga,#4428,"Japanese Drama - 2023, 32 episodes",7.5,<class 'type'>
Sayonara Bokutachi no Youchien,#4429,"Japanese Special - 2011, 1 episodes",7.5,<class 'type'>
Mother at Fourteen,#4430,"Japanese Drama - 2006, 11 episodes",7.5,<class 'type'>
E.U. (Emergency Unit),#4431,"Hong Kong Drama - 2009, 30 episodes",7.5,<class 'type'>
Perfect Secretary's Love,#4432,"Chinese Drama - 2025, 78 episodes",7.5,<class 'type'>
Radiant Office,#4433,"Korean Drama - 2017, 16 episodes",7.5,<class 'type'>
Boy for Rent,#4434,"Thai Drama - 2019, 12 episodes",7.5,<class 'type'>
Followers,#4435,"Japanese Drama - 2020, 9 episodes",7.5,<class 'type'>
KO One Return,#4436,"Taiwanese Drama - 2012, 30 episodes",7.5,<class 'type'>
Final Cut,#4437,"Japanese Drama - 2018, 9 episodes",7.5,<class 'type'>
Legacy,#4438,"Chinese Drama - 2022, 45 episodes",7.5,<class 'type'>
Rak Nakara,#4439,"Thai Drama - 2017, 12 episodes",7.5,<class 'type'>
Love for Two Lives,#4440,"Chinese Drama - 2022, 32 episodes",7.5,<class 'type'>
Ima kara Anata wo Kyouhaku Shimasu,#4441,"Japanese Drama - 2017, 9 episodes",7.5,<class 'type'>
Alone in Love,#4442,"Korean Drama - 2006, 16 episodes",7.5,<class 'type'>
Watashi ga Renai Dekinai Riyuu,#4443,"Japanese Drama - 2011, 10 episodes",7.5,<class 'type'>
Long Love Letter,#4444,"Japanese Drama - 2002, 11 episodes",7.5,<class 'type'>
The Resilient Dr. Ling,#4445,"Chinese Drama - 2024, 27 episodes",7.5,<class 'type'>
Love for a Thousand More,#4446,"Korean Drama - 2016, 10 episodes",7.5,<class 'type'>
Sisters-in-Law,#4447,"Korean Drama - 2017, 100 episodes",7.5,<class 'type'>
Virgin Road,#4448,"Japanese Drama - 1997, 11 episodes",7.5,<class 'type'>
Hotaru no Hikari Season 2,#4449,"Japanese Drama - 2010, 11 episodes",7.5,<class 'type'>
Papa and Daddy's Home Cooking,#4450,"Japanese Drama - 2025, 10 episodes",7.5,<class 'type'>
Drunken to Love You,#4451,"Taiwanese Drama - 2011, 30 episodes",7.5,<class 'type'>
Seonam Girls High School Investigators,#4452,"Korean Drama - 2014, 14 episodes",7.5,<class 'type'>
Love Around,#4453,"Taiwanese Drama - 2013, 21 episodes",7.5,<class 'type'>
Peach Trap,#4454,"Korean Drama - 2025, 8 episodes",7.5,<class 'type'>
TharnType Season 2: 7 Years of Love,#4455,"Thai Drama - 2020, 12 episodes",7.5,<class 'type'>
Takara's Treasure Spin Off,#4456,"Japanese Special - 2024, 1 episodes",7.5,<class 'type'>
One Sunny Day,#4457,"Korean Drama - 2014, 10 episodes",7.5,<class 'type'>
Follow My Dear General,#4458,"Chinese Drama - 2022, 31 episodes",7.5,<class 'type'>
The Charming Step Mom,#4459,"Thai Drama - 2019, 26 episodes",7.5,<class 'type'>
Noble Boys,#4460,"Japanese Drama - 2019, 18 episodes",7.5,<class 'type'>
In Love with Your Dimples,#4461,"Chinese Drama - 2021, 24 episodes",7.5,<class 'type'>
Sword of Legends Season 2,#4462,"Chinese Drama - 2018, 48 episodes",7.5,<class 'type'>
Amensalism,#4463,"Taiwanese Drama - 2020, 13 episodes",7.5,<class 'type'>
Mr. Right around the Corner,#4464,"Chinese Drama - 2025, 80 episodes",7.5,<class 'type'>
Potato Star 2013QR3,#4465,"Korean Drama - 2013, 120 episodes",7.5,<class 'type'>
Revenge from the Past,#4466,"Thai Drama - 2022, 12 episodes",7.5,<class 'type'>
The Legend of the Condor Heroes 1994,#4467,"Hong Kong Drama - 1994, 35 episodes",7.5,<class 'type'>
My Lady General,#4468,"Chinese Drama - 2023, 23 episodes",7.5,<class 'type'>
Garo Special: Beast of the Midnight Sun,#4469,"Japanese Drama - 2006, 2 episodes",7.5,<class 'type'>
Summer Crush,#4470,"Korean Drama - 2025, 15 episodes",7.5,<class 'type'>
Viva Femina,#4471,"Chinese Drama - 2023, 35 episodes",7.5,<class 'type'>
The Crush,#4472,"Chinese Drama - 2025, 75 episodes",7.5,<class 'type'>
Top Management,#4473,"Korean Drama - 2018, 16 episodes",7.5,<class 'type'>
Yaiteru Futari: Kosai 0-Nichi Kekkon kara Koi wo Hajimeyo,#4474,"Japanese Drama - 2024, 10 episodes",7.5,<class 'type'>
Star and Sky: Sky in Your Heart,#4475,"Thai Drama - 2022, 8 episodes",7.5,<class 'type'>
Mon Jun Tra,#4476,"Thai Drama - 2013, 11 episodes",7.5,<class 'type'>
Lucky with You,#4477,"Chinese Drama - 2021, 40 episodes",7.5,<class 'type'>
She Is the One,#4478,"Chinese Drama - 2021, 24 episodes",7.5,<class 'type'>
GEEKS: Weirdos on the Case,#4479,"Japanese Drama - 2024, 11 episodes",7.5,<class 'type'>
"The King of Tears, Lee Bang Won",#4480,"Korean Drama - 2021, 32 episodes",7.5,<class 'type'>
KO One Re-Member,#4481,"Taiwanese Drama - 2016, 60 episodes",7.5,<class 'type'>
Young Babylon,#4482,"Chinese Drama - 2024, 26 episodes",7.5,<class 'type'>
Unusual Idol Love,#4483,"Chinese Drama - 2021, 24 episodes",7.5,<class 'type'>
Witch's Love,#4484,"Korean Drama - 2018, 12 episodes",7.5,<class 'type'>
The Four,#4485,"Hong Kong Drama - 2008, 25 episodes",7.5,<class 'type'>
Zettai Kareshi,#4486,"Japanese Drama - 2008, 11 episodes",7.5,<class 'type'>
Seigi no Se,#4487,"Japanese Drama - 2018, 10 episodes",7.5,<class 'type'>
Turn Left Turn Right,#4488,"Thai Drama - 2020, 10 episodes",7.5,<class 'type'>
Sisters' Heist,#4489,"Chinese Drama - 2025, 66 episodes",7.5,<class 'type'>
Can I Step In?,#4490,"Korean Drama - 2020, 10 episodes",7.5,<class 'type'>
About Time,#4491,"Korean Drama - 2018, 16 episodes",7.5,<class 'type'>
Hello Harinezumi,#4492,"Japanese Drama - 2017, 10 episodes",7.5,<class 'type'>
Winter Night,#4493,"Chinese Drama - 2022, 24 episodes",7.5,<class 'type'>
Step by Step Love,#4494,"Chinese Drama - 2024, 28 episodes",7.5,<class 'type'>
Kudo Shinichi e no Chousenjou - Kaichou Densetsu no Nazo,#4495,"Japanese Special - 2011, 1 episodes",7.5,<class 'type'>
Cat for Honeymoon,#4496,"Thai Drama - 2026, 3 episodes",7.5,<class 'type'>
Rewriting Destiny,#4497,"Chinese Drama - 2022, 24 episodes",7.5,<class 'type'>
Song of the Dynasty,#4498,"Chinese Drama - 2023, 29 episodes",7.5,<class 'type'>
Keishicho Ikimono Gakari,#4499,"Japanese Drama - 2017, 10 episodes",7.5,<class 'type'>
Behind Every Star,#4500,"Korean Drama - 2022, 12 episodes",7.5,<class 'type'>
D.I.E. Again,#4501,"Hong Kong Drama - 2009, 25 episodes",7.5,<class 'type'>
The Best Partner,#4502,"Chinese Drama - 2019, 42 episodes",7.5,<class 'type'>
U-Prince: Hawk,#4503,"Thai Drama - 2016, 4 episodes",7.5,<class 'type'>
Kurokouchi,#4504,"Japanese Drama - 2013, 10 episodes",7.5,<class 'type'>
Crystal Boys,#4505,"Taiwanese Drama - 2003, 20 episodes",7.5,<class 'type'>
Young Sherlock,#4506,"Chinese Drama - 2014, 40 episodes",7.5,<class 'type'>
Take Away Love with a Knife,#4507,"Chinese Drama - 2025, 82 episodes",7.5,<class 'type'>
Lie to Me,#4508,"Korean Drama - 2011, 16 episodes",7.5,<class 'type'>
Zhao Zhao Yu Li,#4509,"Chinese Drama - 2025, 68 episodes",7.5,<class 'type'>
Sennyuu Tantei Tokage,#4510,"Japanese Drama - 2013, 10 episodes",7.5,<class 'type'>
My Name Is Busaba,#4511,"Thai Drama - 2020, 16 episodes",7.5,<class 'type'>
Emperor or Boss,#4512,"Chinese Drama - 2021, 18 episodes",7.5,<class 'type'>
Q Series: Love of Sandstorm,#4513,"Taiwanese Drama - 2016, 7 episodes",7.5,<class 'type'>
"Flower, I Am!",#4514,"Korean Drama - 2011, 15 episodes",7.5,<class 'type'>
Dating Game,#4515,"Thai Drama - 2025, 12 episodes",7.5,<class 'type'>
Love in Han Yuan,#4516,"Chinese Drama - 2018, 46 episodes",7.5,<class 'type'>
The Queen of Villains,#4517,"Japanese Drama - 2024, 5 episodes",7.5,<class 'type'>
Debut,#4518,"Chinese Drama - 2018, 23 episodes",7.5,<class 'type'>
The Wild One,#4519,"Chinese Drama - 2025, 71 episodes",7.5,<class 'type'>
Too Late to Say I Love You,#4520,"Chinese Drama - 2010, 36 episodes",7.5,<class 'type'>
Diver: Tokushu Sennyuhan,#4521,"Japanese Drama - 2020, 5 episodes",7.5,<class 'type'>
Sayonara Maestro: Chichi to Watashi no Appassionato,#4522,"Japanese Drama - 2024, 10 episodes",7.5,<class 'type'>
Mirror: A Tale of Twin Cities,#4523,"Chinese Drama - 2022, 43 episodes",7.5,<class 'type'>
Ugly Duckling Series: Boy's Paradise,#4524,"Thai Drama - 2015, 9 episodes",7.5,<class 'type'>
The End of the World with You,#4525,"Japanese Drama - 2023, 8 episodes",7.5,<class 'type'>
Ni Shi Wo Sheng Ming Zhong De Guang,#4526,"Chinese Drama - 2025, 75 episodes",7.5,<class 'type'>
SF8: The Prayer,#4527,"Korean Special - 2020, 1 episodes",7.5,<class 'type'>
I Need Romance Season 2,#4528,"Korean Drama - 2012, 16 episodes",7.5,<class 'type'>
My Secret Zone,#4529,"Thai Drama - 2024, 16 episodes",7.5,<class 'type'>
A Love Story of Oiled Paper Umbrella,#4530,"Chinese Drama - 2024, 24 episodes",7.5,<class 'type'>
Yokai Ningen Bem,#4531,"Japanese Drama - 2011, 10 episodes",7.5,<class 'type'>
A Man Who Defies the World of BL 2024,#4532,"Japanese Drama - 2024, 6 episodes",7.5,<class 'type'>
Gye Baek,#4533,"Korean Drama - 2011, 36 episodes",7.5,<class 'type'>
Choujuu Sentai Liveman,#4534,"Japanese Drama - 1988, 49 episodes",7.5,<class 'type'>
Kamen Teacher,#4535,"Japanese Drama - 2013, 12 episodes",7.5,<class 'type'>
Guardian of the Sea,#4536,"Thai Drama - 2017, 10 episodes",7.5,<class 'type'>
Two Souls in One,#4537,"Chinese Drama - 2021, 30 episodes",7.5,<class 'type'>
Liar Game X,#4538,"Japanese Special - 2010, 1 episodes",7.5,<class 'type'>
La Luna Sangre,#4539,"Filipino Drama - 2017, 185 episodes",7.5,<class 'type'>
You Have My Heart,#4540,"Chinese Drama - 2026, 22 episodes",7.5,<class 'type'>
Your Turn to Kill Special,#4541,"Japanese Drama - 2019, 1 episodes",7.5,<class 'type'>
Want More 19,#4542,"Korean Drama - 2018, 7 episodes",7.5,<class 'type'>
House of Spirits,#4543,"Hong Kong Drama - 2016, 31 episodes",7.5,<class 'type'>
Woman of 9.9 Billion,#4544,"Korean Drama - 2019, 32 episodes",7.5,<class 'type'>
False Face and True Feelings,#4545,"Chinese Drama - 2024, 26 episodes",7.5,<class 'type'>
Zhi Zhi Fu Zhi Zhi,#4546,"Chinese Drama - 2025, 72 episodes",7.5,<class 'type'>
"Jang Geum, Oh My Grandma",#4547,"Korean Drama - 2018, 16 episodes",7.5,<class 'type'>
Deja Vu,#4548,"Thai Drama - 2020, 22 episodes",7.5,<class 'type'>
Miyamoto Musashi,#4549,"Japanese Special - 2014, 2 episodes",7.5,<class 'type'>
Her New Crush,#4550,"Chinese Drama - 2025, 84 episodes",7.5,<class 'type'>
Couple or Trouble,#4551,"Korean Drama - 2006, 16 episodes",7.5,<class 'type'>
Chinese Paladin Season 5,#4552,"Chinese Drama - 2016, 45 episodes",7.5,<class 'type'>
The Flaming Heart,#4553,"Chinese Drama - 2021, 24 episodes",7.5,<class 'type'>
Villains Everywhere,#4554,"Korean Drama - 2025, 12 episodes",7.5,<class 'type'>
Desired Kisses,#4555,"Chinese Drama - 2025, 64 episodes",7.5,<class 'type'>
KBS Drama Special 2014: Monster,#4556,"Korean Drama - 2014, 1 episodes",7.5,<class 'type'>
Live Your Life,#4557,"Chinese Drama - 2021, 40 episodes",7.5,<class 'type'>
Hunting,#4558,"Chinese Drama - 2020, 44 episodes",7.5,<class 'type'>
Dare to Love,#4559,"Thai Drama - 2021, 16 episodes",7.5,<class 'type'>
After School: Lucky or Not,#4560,"Korean Drama - 2013, 12 episodes",7.5,<class 'type'>
Ultraman Arc,#4561,"Japanese Drama - 2024, 25 episodes",7.5,<class 'type'>
Dear Little Mermaid,#4562,"Chinese Drama - 2022, 24 episodes",7.5,<class 'type'>
Angel 'N' Devil,#4563,"Taiwanese Drama - 2014, 26 episodes",7.5,<class 'type'>
Breaking Dawn,#4564,"Chinese Drama - 2019, 24 episodes",7.5,<class 'type'>
Memory Love,#4565,"Taiwanese Drama - 2017, 18 episodes",7.5,<class 'type'>
The Exorcist's Meter,#4566,"Hong Kong Drama - 2017, 21 episodes",7.5,<class 'type'>
The Rules of Love Season 2,#4567,"Chinese Drama - 2019, 12 episodes",7.5,<class 'type'>
Lovely Swords Girl,#4568,"Chinese Drama - 2019, 24 episodes",7.5,<class 'type'>
Soul Plate,#4569,"Korean Drama - 2019, 6 episodes",7.5,<class 'type'>
The Producers,#4570,"Korean Drama - 2015, 12 episodes",7.5,<class 'type'>
Goong 1.5,#4571,"Korean Special - 2006, 1 episodes",7.5,<class 'type'>
My True Friend,#4572,"Chinese Drama - 2019, 48 episodes",7.5,<class 'type'>
Panda Judges the World,#4573,"Japanese Drama - 2020, 10 episodes",7.5,<class 'type'>
Q10 Cute,#4574,"Japanese Drama - 2010, 9 episodes",7.5,<class 'type'>
My Special Girl,#4575,"Chinese Drama - 2024, 24 episodes",7.5,<class 'type'>
My Queen,#4576,"Taiwanese Drama - 2009, 21 episodes",7.5,<class 'type'>
Wednesday Club,#4577,"Thai Drama - 2023, 12 episodes",7.5,<class 'type'>
You Are My Universe,#4578,"Thai Drama - 2023, 29 episodes",7.5,<class 'type'>
The Immortal Promise,#4579,"Chinese Drama - 2022, 21 episodes",7.5,<class 'type'>
Samee,#4580,"Thai Drama - 2013, 14 episodes",7.5,<class 'type'>
After the Rain,#4581,"Korean Drama - 2018, 2 episodes",7.5,<class 'type'>
More than a Childhood Friend,#4582,"Chinese Drama - 2025, 71 episodes",7.5,<class 'type'>
The X-Family,#4583,"Taiwanese Drama - 2007, 55 episodes",7.5,<class 'type'>
Bunlang Dok Mai,#4584,"Thai Drama - 2017, 14 episodes",7.5,<class 'type'>
Hello My Girl,#4585,"Chinese Drama - 2022, 24 episodes",7.5,<class 'type'>
Ikebukuro West Gate Park SP,#4586,"Japanese Special - 2003, 1 episodes",7.5,<class 'type'>
Positively Yours,#4587,"Korean Drama - 2026, 12 episodes",7.5,<class 'type'>
May Queen,#4588,"Korean Drama - 2012, 38 episodes",7.5,<class 'type'>
Love Is for Suckers,#4589,"Korean Drama - 2022, 16 episodes",7.5,<class 'type'>
Neko,#4590,"Japanese Drama - 2020, 6 episodes",7.5,<class 'type'>
Kamen Rider ZEZTZ,#4591,"Japanese Drama - 2025, 50 episodes",7.5,<class 'type'>
Mad Doctor,#4592,"Taiwanese Drama - 2022, 10 episodes",7.5,<class 'type'>
My Sunshine (Director's Cut),#4593,"Chinese Special - 2015, 4 episodes",7.5,<class 'type'>
Raise de wa Chanto Shimasu Season 2,#4594,"Japanese Drama - 2021, 8 episodes",7.5,<class 'type'>
Hi Flower,#4595,"Chinese Drama - 2017, 18 episodes",7.5,<class 'type'>
Involvement in Family Affairs,#4596,"Japanese Drama - 2022, 11 episodes",7.5,<class 'type'>
Asuka High School March!,#4597,"Japanese Drama - 2011, 9 episodes",7.5,<class 'type'>
Destiny's Love,#4598,"Chinese Drama - 2019, 36 episodes",7.5,<class 'type'>
Flowers for My Life,#4599,"Korean Drama - 2007, 16 episodes",7.5,<class 'type'>
Ooku: The Inner Chamber,#4600,"Japanese Drama - 2012, 10 episodes",7.5,<class 'type'>
Love Story of Court Enemies,#4601,"Chinese Drama - 2020, 25 episodes",7.5,<class 'type'>
Naeil's Cantabile,#4602,"Korean Drama - 2014, 16 episodes",7.5,<class 'type'>
Suiyobi 22-ji dake no Kare,#4603,"Japanese Drama - 2021, 6 episodes",7.5,<class 'type'>
Broject,#4604,"Korean Special - 2018, 2 episodes",7.5,<class 'type'>
Moon Love,#4605,"Chinese Drama - 2024, 24 episodes",7.5,<class 'type'>
My Secret Love,#4606,"Thai Drama - 2022, 12 episodes",7.5,<class 'type'>
Suzuki Sensei,#4607,"Japanese Drama - 2011, 10 episodes",7.5,<class 'type'>
Yasuko to Kenji,#4608,"Japanese Drama - 2008, 10 episodes",7.5,<class 'type'>
Shan Hun Gao Leng Ji Zhang Da Ren,#4609,"Chinese Drama - 2024, 92 episodes",7.5,<class 'type'>
Kizoku Tantei,#4610,"Japanese Drama - 2017, 11 episodes",7.5,<class 'type'>
"To Love, to Heal",#4611,"Chinese Drama - 2018, 40 episodes",7.5,<class 'type'>
22 Flower Road,#4612,"Korean Drama - 2019, 12 episodes",7.5,<class 'type'>
Animals: Kikoku-hen,#4613,"Japanese Special - 2022, 2 episodes",7.5,<class 'type'>
Close to You,#4614,"Chinese Drama - 2025, 31 episodes",7.5,<class 'type'>
The Boy Next World: My Destiny,#4615,"Japanese Drama - 2026, 10 episodes",7.5,<class 'type'>
Moonlight Remains Gentle,#4616,"Chinese Drama - 2024, 81 episodes",7.5,<class 'type'>
I Cannot Hug You,#4617,"Chinese Drama - 2017, 16 episodes",7.5,<class 'type'>
CEO-dol Mart,#4618,"Korean Drama - 2023, 10 episodes",7.5,<class 'type'>
Plus-Sized Misadventures in Love!,#4619,"Japanese Drama - 2022, 8 episodes",7.5,<class 'type'>
A Man Who Defies the World of BL Final,#4620,"Japanese Drama - 2025, 6 episodes",7.5,<class 'type'>
Bloom in the Shadows,#4621,"Chinese Drama - 2025, 60 episodes",7.5,<class 'type'>
"Soshite, Ikiru",#4622,"Japanese Drama - 2019, 6 episodes",7.5,<class 'type'>
Love and Strife,#4623,"Chinese Drama - 2025, 24 episodes",7.5,<class 'type'>
Dhevaprom: Laorchan,#4624,"Thai Drama - 2024, 15 episodes",7.5,<class 'type'>
Kularb Tud Petch,#4625,"Thai Drama - 2016, 14 episodes",7.5,<class 'type'>
My Dear Boy,#4626,"Taiwanese Drama - 2017, 20 episodes",7.5,<class 'type'>
Our Interpreter,#4627,"Chinese Drama - 2024, 36 episodes",7.5,<class 'type'>
Stay by My Side,#4628,"Taiwanese Drama - 2023, 10 episodes",7.5,<class 'type'>
Risky Romance,#4629,"Korean Drama - 2018, 32 episodes",7.5,<class 'type'>
Our Days,#4630,"Chinese Drama - 2024, 36 episodes",7.5,<class 'type'>
Nv Er Hong,#4631,"Chinese Drama - 2023, 27 episodes",7.5,<class 'type'>
I Wanna Hear Your Song,#4632,"Korean Drama - 2019, 32 episodes",7.5,<class 'type'>
Daughter of Fortune,#4633,"Chinese Drama - 2026, 24 episodes",7.5,<class 'type'>
Happy 300 Days,#4634,"Taiwanese Drama - 2013, 15 episodes",7.5,<class 'type'>
"Knock Knock, Boys!",#4635,"Thai Drama - 2024, 12 episodes",7.5,<class 'type'>
The Unexpected Marriage,#4636,"Chinese Drama - 2024, 24 episodes",7.5,<class 'type'>
Yuttakarn Prab Nang Marn,#4637,"Thai Drama - 2018, 18 episodes",7.5,<class 'type'>
Q Series: Life Plan A and B,#4638,"Taiwanese Drama - 2016, 6 episodes",7.5,<class 'type'>
The Crack of Dawn,#4639,"Chinese Drama - 2022, 24 episodes",7.5,<class 'type'>
Love Song,#4640,"Japanese Drama - 2016, 10 episodes",7.5,<class 'type'>
So It's You,#4641,"Chinese Drama - 2022, 26 episodes",7.5,<class 'type'>
Saikou no Jinsei no Owarikata - Ending Planner,#4642,"Japanese Drama - 2012, 10 episodes",7.5,<class 'type'>
Surgeon Bong Dal Hee,#4643,"Korean Drama - 2007, 18 episodes",7.5,<class 'type'>
"tvN O'PENing: Summer, Love Machine Blues",#4644,"Korean Special - 2023, 1 episodes",7.5,<class 'type'>
Heartbeat Love,#4645,"Taiwanese Drama - 2012, 5 episodes",7.5,<class 'type'>
"Past Life, Present Love",#4646,"Thai Drama - 2024, 18 episodes",7.5,<class 'type'>
Love in Flames of War,#4647,"Chinese Drama - 2022, 43 episodes",7.5,<class 'type'>
Barrack O'Karma,#4648,"Hong Kong Drama - 2019, 20 episodes",7.5,<class 'type'>
Innocent Days,#4649,"Japanese Drama - 2018, 6 episodes",7.5,<class 'type'>
Memory in the Letter,#4650,"Thai Drama - 2024, 6 episodes",7.5,<class 'type'>
Meet Me Outside,#4651,"Filipino Drama - 2020, 6 episodes",7.5,<class 'type'>
Hello There,#4652,"Chinese Drama - 2023, 20 episodes",7.5,<class 'type'>
Crime Family,#4653,"Japanese Drama - 2023, 4 episodes",7.5,<class 'type'>
Little Giants,#4654,"Japanese Drama - 2017, 10 episodes",7.5,<class 'type'>
Star in My Heart,#4655,"Korean Drama - 1997, 16 episodes",7.5,<class 'type'>
Kudo Shinichi no Fukkatsu! Kuro no Soshiki to no Taiketsu,#4656,"Japanese Special - 2007, 1 episodes",7.5,<class 'type'>
Viral Hit,#4657,"Japanese Drama - 2026, 6 episodes",7.5,<class 'type'>
Drama Special Season 11: Traces of Love,#4658,"Korean Special - 2020, 1 episodes",7.5,<class 'type'>
Love Is an Accident,#4659,"Chinese Drama - 2023, 32 episodes",7.5,<class 'type'>
Hi Jiang Ye,#4660,"Chinese Drama - 2025, 80 episodes",7.5,<class 'type'>
Mop Girl,#4661,"Japanese Drama - 2007, 10 episodes",7.5,<class 'type'>
Warm and Cozy,#4662,"Korean Drama - 2015, 16 episodes",7.5,<class 'type'>
Secret Moon,#4663,"Thai Drama - 2018, 13 episodes",7.5,<class 'type'>
Yowakutemo Katemasu,#4664,"Japanese Drama - 2014, 11 episodes",7.5,<class 'type'>
Hotelier,#4665,"Korean Drama - 2001, 20 episodes",7.5,<class 'type'>
Uncle Samsik,#4666,"Korean Drama - 2024, 16 episodes",7.5,<class 'type'>
"Ashita, Watashi wa Dareka no Kanojo",#4667,"Japanese Drama - 2022, 12 episodes",7.5,<class 'type'>
Maid's Revenge,#4668,"Chinese Drama - 2022, 30 episodes",7.5,<class 'type'>
Celestial Authority Academy,#4669,"Chinese Drama - 2021, 24 episodes",7.5,<class 'type'>
Plerng Naree,#4670,"Thai Drama - 2016, 12 episodes",7.5,<class 'type'>
Sugarless,#4671,"Japanese Drama - 2012, 12 episodes",7.5,<class 'type'>
Kieta Hatsukoi: Start Chokuzen! Kyun ga Tomaranai yo Special,#4672,"Japanese Special - 2021, 1 episodes",7.5,<class 'type'>
Love Track: Love Hotel,#4673,"Korean Drama - 2025, 1 episodes",7.5,<class 'type'>
Kor Kerd Mai Klai Klai Ter,#4674,"Thai Drama - 2020, 13 episodes",7.5,<class 'type'>
Ballad of Seo Dong,#4675,"Korean Drama - 2005, 55 episodes",7.5,<class 'type'>
"Daddy, I Found Mommy",#4676,"Chinese Drama - 2024, 99 episodes",7.5,<class 'type'>
The Snow Moon,#4677,"Chinese Drama - 2023, 24 episodes",7.5,<class 'type'>
Engine Sentai Go-Onger,#4678,"Japanese Drama - 2008, 50 episodes",7.5,<class 'type'>
The Murder in Kairoutei,#4679,"Chinese Drama - 2022, 12 episodes",7.5,<class 'type'>
Brilliant Girls,#4680,"Chinese Drama - 2021, 43 episodes",7.5,<class 'type'>
New My Fair Princess,#4681,"Chinese Drama - 2011, 98 episodes",7.5,<class 'type'>
Be Loved in House Special,#4682,"Taiwanese Special - 2021, 1 episodes",7.5,<class 'type'>
Woman with a Suitcase,#4683,"Korean Drama - 2016, 16 episodes",7.5,<class 'type'>
Kei×Yaku: Abunai Aibou,#4684,"Japanese Drama - 2022, 10 episodes",7.5,<class 'type'>
Ayaka Is in Love with Hiroko! 2nd Stage,#4685,"Japanese Drama - 2025, 6 episodes",7.5,<class 'type'>
Lovely Writer Special Episode,#4686,"Thai Special - 2021, 1 episodes",7.5,<class 'type'>
At the Moment,#4687,"Taiwanese Drama - 2023, 10 episodes",7.5,<class 'type'>
Koisuru Hahatachi,#4688,"Japanese Drama - 2020, 9 episodes",7.5,<class 'type'>
Zhao Yang Si Wo,#4689,"Chinese Drama - 2025, 81 episodes",7.5,<class 'type'>
21 Days Theory,#4690,"Thai Drama - 2022, 4 episodes",7.5,<class 'type'>
Unhating You,#4691,"Thai Drama - 2023, 16 episodes",7.5,<class 'type'>
The Queen of SOP,#4692,"Chinese Drama - 2012, 33 episodes",7.5,<class 'type'>
Kurokawa no Techo,#4693,"Japanese Drama - 2017, 8 episodes",7.5,<class 'type'>
Oh! My Tsundere! Koi wa Bessatsu de,#4694,"Japanese Drama - 2021, 7 episodes",7.5,<class 'type'>
Motokare no Yuigonjou,#4695,"Japanese Drama - 2022, 11 episodes",7.5,<class 'type'>
Color Rush,#4696,"Korean Drama - 2020, 8 episodes",7.5,<class 'type'>
Tomodachi Game,#4697,"Japanese Drama - 2017, 4 episodes",7.5,<class 'type'>
Battle through the Heaven,#4698,"Chinese Drama - 2023, 34 episodes",7.5,<class 'type'>
Offbeat Chief Police,#4699,"Japanese Drama - 2016, 10 episodes",7.5,<class 'type'>
Youth Unprescribed,#4700,"Chinese Drama - 2020, 24 episodes",7.5,<class 'type'>
Beautiful Days,#4701,"Korean Drama - 2001, 24 episodes",7.5,<class 'type'>
TharnType,#4702,"Thai Drama - 2019, 12 episodes",7.4,<class 'type'>
Dung Duang Haruetai,#4703,"Thai Drama - 2020, 13 episodes",7.5,<class 'type'>
The Weasel Grave,#4704,"Chinese Drama - 2017, 20 episodes",7.5,<class 'type'>
"36,000 Seconds in a Day",#4705,"Japanese Drama - 2022, 10 episodes",7.5,<class 'type'>
My Marvellous Fable,#4706,"Chinese Drama - 2023, 24 episodes",7.5,<class 'type'>
Prince Barber Shop,#4707,"Korean Drama - 2025, 50 episodes",7.4,<class 'type'>
Sudden Marriage,#4708,"Japanese Drama - 2025, 12 episodes",7.4,<class 'type'>
Only Have Eyes for You,#4709,"Chinese Drama - 2025, 80 episodes",7.5,<class 'type'>
Code Blue: Another Everyday,#4710,"Japanese Drama - 2018, 5 episodes",7.4,<class 'type'>
Ten Years Late,#4711,"Chinese Drama - 2019, 39 episodes",7.4,<class 'type'>
The Age Difference in Love Season 2,#4712,"Chinese Drama - 2022, 16 episodes",7.4,<class 'type'>
Voice,#4713,"Japanese Drama - 2009, 11 episodes",7.4,<class 'type'>
We’re Both Grooms,#4714,"Japanese Special - 2022, 1 episodes",7.4,<class 'type'>
Nemesis,#4715,"Japanese Drama - 2021, 10 episodes",7.4,<class 'type'>
The Player,#4716,"Thai Drama - 2021, 16 episodes",7.4,<class 'type'>
Love & Revenge,#4717,"Chinese Drama - 2025, 74 episodes",7.4,<class 'type'>
Stairway to Stardom,#4718,"Chinese Drama - 2017, 50 episodes",7.4,<class 'type'>
Be Yourself,#4719,"Chinese Drama - 2022, 14 episodes",7.5,<class 'type'>
The Monster Within,#4720,"Japanese Drama - 2025, 8 episodes",7.4,<class 'type'>
Lost in the Midnight,#4721,"Chinese Drama - 2024, 89 episodes",7.4,<class 'type'>
Birth of a Beauty,#4722,"Korean Drama - 2014, 21 episodes",7.4,<class 'type'>
Fatal Allure,#4723,"Chinese Drama - 2024, 26 episodes",7.4,<class 'type'>
Revenge of Reborn Princess,#4724,"Chinese Drama - 2024, 20 episodes",7.4,<class 'type'>
Love Genius: Master of Romance,#4725,"Chinese Drama - 2025, 70 episodes",7.5,<class 'type'>
"Goodbye, My Love",#4726,"Chinese Drama - 2020, 12 episodes",7.4,<class 'type'>
Lady Girls,#4727,"Japanese Drama - 2015, 10 episodes",7.4,<class 'type'>
Smile Again,#4728,"Korean Drama - 2010, 159 episodes",7.4,<class 'type'>
To Be Continued,#4729,"Korean Drama - 2015, 12 episodes",7.4,<class 'type'>
Aema,#4730,"Korean Drama - 2025, 6 episodes",7.4,<class 'type'>
The Right to Judge,#4731,"Japanese Drama - 2025, 10 episodes",7.4,<class 'type'>
Lovers,#4732,"Korean Drama - 2006, 20 episodes",7.4,<class 'type'>
School Tales the Series,#4733,"Thai Drama - 2022, 8 episodes",7.4,<class 'type'>
Nemuri no Mori,#4734,"Japanese Special - 2014, 1 episodes",7.4,<class 'type'>
Convenience Store Fling,#4735,"Korean Drama - 2021, 6 episodes",7.4,<class 'type'>
Wang's Family,#4736,"Korean Drama - 2013, 50 episodes",7.4,<class 'type'>
Marry You,#4737,"Korean Drama - 2024, 10 episodes",7.4,<class 'type'>
Graceful Friends,#4738,"Korean Drama - 2020, 17 episodes",7.4,<class 'type'>
Serendipity,#4739,"Chinese Drama - 2025, 40 episodes",7.4,<class 'type'>
Eat Run Love,#4740,"Chinese Drama - 2025, 28 episodes",7.4,<class 'type'>
Let's Shake It! Season 2,#4741,"Chinese Drama - 2018, 26 episodes",7.4,<class 'type'>
Leh Ruk Bussaba,#4742,"Thai Drama - 2018, 15 episodes",7.4,<class 'type'>
Goukon ni Ittara Onna ga Inakatta Hanashi,#4743,"Japanese Drama - 2022, 10 episodes",7.4,<class 'type'>
Su Ji & U Ri,#4744,"Korean Drama - 2024, 128 episodes",7.4,<class 'type'>
Untouchable Lovers,#4745,"Chinese Drama - 2018, 54 episodes",7.4,<class 'type'>
Scent of Love,#4746,"Chinese Drama - 2022, 14 episodes",7.4,<class 'type'>
You Are the Best!,#4747,"Korean Drama - 2013, 50 episodes",7.4,<class 'type'>
The Gravity of a Rainbow,#4748,"Chinese Drama - 2019, 40 episodes",7.4,<class 'type'>
Cinderella Chef,#4749,"Chinese Drama - 2018, 56 episodes",7.4,<class 'type'>
Maison de Police,#4750,"Japanese Drama - 2019, 10 episodes",7.4,<class 'type'>
H2: The Days with You,#4751,"Japanese Drama - 2005, 11 episodes",7.4,<class 'type'>
Forward Forever,#4752,"Chinese Drama - 2020, 58 episodes",7.4,<class 'type'>
Don't Disturb Me Farming,#4753,"Chinese Drama - 2024, 24 episodes",7.4,<class 'type'>
My Family Goes Viral,#4754,"Japanese Drama - 2019, 10 episodes",7.4,<class 'type'>
The Date of Marriage,#4755,"Japanese Drama - 2023, 8 episodes",7.4,<class 'type'>
Yankee-kun to Megane-chan,#4756,"Japanese Drama - 2010, 10 episodes",7.4,<class 'type'>
Jia Jia's Lovely Journey,#4757,"Chinese Drama - 2022, 16 episodes",7.4,<class 'type'>
Lipgloss Spy,#4758,"Thai Drama - 2022, 15 episodes",7.4,<class 'type'>
Crushes Reverse,#4759,"Korean Drama - 2018, 8 episodes",7.4,<class 'type'>
The Spies Who Loved Me,#4760,"Korean Drama - 2020, 16 episodes",7.4,<class 'type'>
God of War,#4761,"Korean Drama - 2012, 56 episodes",7.5,<class 'type'>
The Age Difference  in Love,#4762,"Chinese Drama - 2022, 16 episodes",7.4,<class 'type'>
Ugly Duckling Series: Happy Ending Party,#4763,"Thai Special - 2015, 2 episodes",7.4,<class 'type'>
New Smiling Proud Wanderer,#4764,"Chinese Drama - 2018, 37 episodes",7.4,<class 'type'>
"Hyde, Jekyll, Me",#4765,"Korean Drama - 2015, 20 episodes",7.4,<class 'type'>
Made in Korea,#4766,"Korean Drama - 2025, 6 episodes",7.5,<class 'type'>
Queen Insoo,#4767,"Korean Drama - 2011, 60 episodes",7.4,<class 'type'>
Beauty of Resilience,#4768,"Chinese Drama - 2023, 36 episodes",7.4,<class 'type'>
The Whirlwind Girl Season 2,#4769,"Chinese Drama - 2016, 36 episodes",7.4,<class 'type'>
Drama Special Season 15: The Road in Between,#4770,"Korean Special - 2024, 1 episodes",7.4,<class 'type'>
Return Man,#4771,"Thai Drama - 2023, 12 episodes",7.4,<class 'type'>
"To Me, It's Simply You",#4772,"Thai Drama - 2021, 13 episodes",7.4,<class 'type'>
Path of the Dragons,#4773,"Japanese Drama - 2020, 8 episodes",7.4,<class 'type'>
Koshonin,#4774,"Japanese Drama - 2008, 8 episodes",7.4,<class 'type'>
Queen of Divorce,#4775,"Korean Drama - 2024, 12 episodes",7.4,<class 'type'>
Al Cappuccino,#4776,"Hong Kong Drama - 2020, 30 episodes",7.4,<class 'type'>
Dragon King's Decree,#4777,"Chinese Drama - 2025, 30 episodes",7.4,<class 'type'>
Together with Me: The Next Chapter,#4778,"Thai Drama - 2018, 13 episodes",7.4,<class 'type'>
"FLY! BOYS, FLY! Bokutachi, CA Hajimemashita",#4779,"Japanese Special - 2019, 1 episodes",7.4,<class 'type'>
Beni Sasu Life,#4780,"Japanese Drama - 2023, 10 episodes",7.4,<class 'type'>
Daughter-in-War,#4781,"Thai Drama - 2021, 28 episodes",7.4,<class 'type'>
The Fugitive of Joseon,#4782,"Korean Drama - 2013, 20 episodes",7.4,<class 'type'>
Mei Gui  Guan Mian,#4783,"Chinese Drama - 2023, 100 episodes",7.4,<class 'type'>
Fu Ren Ta Zhuan Zhi Bu Fu,#4784,"Chinese Drama - 2025, 69 episodes",7.4,<class 'type'>
The Rules of Love,#4785,"Chinese Drama - 2019, 12 episodes",7.4,<class 'type'>
Love Is the Only Eternity,#4786,"Chinese Drama - 2025, 93 episodes",7.4,<class 'type'>
Kaettekita Ie Uru Onna,#4787,"Japanese Special - 2017, 1 episodes",7.4,<class 'type'>
At Home Dad,#4788,"Japanese Drama - 2004, 12 episodes",7.4,<class 'type'>
Love Me in Three Days,#4789,"Chinese Drama - 2022, 24 episodes",7.4,<class 'type'>
The Legend of Qin,#4790,"Chinese Drama - 2015, 58 episodes",7.4,<class 'type'>
Cafe Midnight,#4791,"Korean Special - 2020, 1 episodes",7.4,<class 'type'>
"Ukiwa: Tomodachi Ijo, Furin Miman",#4792,"Japanese Drama - 2021, 8 episodes",7.4,<class 'type'>
Wagaya no Rekishi,#4793,"Japanese Special - 2010, 3 episodes",7.4,<class 'type'>
Hello My Shining Love,#4794,"Chinese Drama - 2022, 43 episodes",7.4,<class 'type'>
Cooking Crush: Uncut Version,#4795,"Thai Drama - 2023, 12 episodes",7.4,<class 'type'>
Samurai High School,#4796,"Japanese Drama - 2009, 9 episodes",7.4,<class 'type'>
The Time We Were Not in Love,#4797,"Korean Drama - 2015, 16 episodes",7.4,<class 'type'>
FAILing in Love,#4798,"Korean Drama - 2019, 10 episodes",7.4,<class 'type'>
tvN O'PENing: XX+XY,#4799,"Korean Special - 2022, 4 episodes",7.4,<class 'type'>
Dakara Korosenakatta,#4800,"Japanese Drama - 2022, 5 episodes",7.4,<class 'type'>
I See Dead People,#4801,"Thai Drama - 2021, 14 episodes",7.4,<class 'type'>
Person Who Gives Happiness,#4802,"Korean Drama - 2016, 118 episodes",7.4,<class 'type'>
Within the Grip,#4803,"Chinese Drama - 2026, 24 episodes",7.4,<class 'type'>
Mafia The Series: Guns and Freaks,#4804,"Thai Drama - 2022, 10 episodes",7.4,<class 'type'>
Fragile,#4805,"Japanese Drama - 2016, 10 episodes",7.4,<class 'type'>
For the Young Ones,#4806,"Chinese Drama - 2024, 18 episodes",7.4,<class 'type'>
Astrophile,#4807,"Thai Drama - 2022, 18 episodes",7.4,<class 'type'>
Art in Love,#4808,"Chinese Drama - 2017, 39 episodes",7.4,<class 'type'>
Flat,#4809,"Korean Drama - 2017, 8 episodes",7.4,<class 'type'>
Oh My Lord,#4810,"Chinese Drama - 2022, 15 episodes",7.4,<class 'type'>
Yamikin Ushijima-kun,#4811,"Japanese Drama - 2010, 9 episodes",7.4,<class 'type'>
9 End 2 Outs,#4812,"Korean Drama - 2007, 16 episodes",7.4,<class 'type'>
Brother Beat,#4813,"Japanese Drama - 2005, 11 episodes",7.4,<class 'type'>
Kamen Rider Revice,#4814,"Japanese Drama - 2021, 50 episodes",7.4,<class 'type'>
Utahime,#4815,"Japanese Drama - 2007, 11 episodes",7.4,<class 'type'>
Hello Dear Ancestors,#4816,"Chinese Drama - 2018, 24 episodes",7.4,<class 'type'>
When I See You Again,#4817,"Taiwanese Drama - 2015, 20 episodes",7.4,<class 'type'>
Voice in the Rain,#4818,"Thai Drama - 2020, 16 episodes",7.4,<class 'type'>
Raise de wa Chanto Shimasu,#4819,"Japanese Drama - 2020, 12 episodes",7.4,<class 'type'>
Ton Ruk Rim Rua,#4820,"Thai Drama - 2013, 11 episodes",7.4,<class 'type'>
Sono Bisque Doll wa Koi wo Suru,#4821,"Japanese Drama - 2024, 10 episodes",7.4,<class 'type'>
So Long,#4822,"Japanese Drama - 2013, 3 episodes",7.4,<class 'type'>
Suddenly This Summer,#4823,"Chinese Drama - 2018, 30 episodes",7.4,<class 'type'>
Unicorn,#4824,"Korean Drama - 2022, 12 episodes",7.4,<class 'type'>
The West Wind Is Strong,#4825,"Chinese Drama - 2023, 20 episodes",7.4,<class 'type'>
Ikemen Desu Ne,#4826,"Japanese Drama - 2011, 11 episodes",7.4,<class 'type'>
The Seventh Day,#4827,"Hong Kong Drama - 2008, 20 episodes",7.4,<class 'type'>
Koi wa Motto Deep ni - Unmei no Saikai Special,#4828,"Japanese Special - 2021, 1 episodes",7.4,<class 'type'>
Sweet 18,#4829,"Korean Drama - 2004, 16 episodes",7.4,<class 'type'>
Akagi,#4830,"Japanese Drama - 2015, 10 episodes",7.4,<class 'type'>
We Fall In Love,#4831,"Chinese Drama - 2023, 20 episodes",7.4,<class 'type'>
My Fairy Ghost,#4832,"Japanese Drama - 2022, 4 episodes",7.4,<class 'type'>
Must You Go?,#4833,"Korean Drama - 2021, 8 episodes",7.4,<class 'type'>
A Flower on the Continent,#4834,"Chinese Drama - 2024, 28 episodes",7.4,<class 'type'>
Breeze by the Sea,#4835,"Taiwanese Drama - 2024, 18 episodes",7.4,<class 'type'>
The Bride of Naga,#4836,"Thai Drama - 2023, 19 episodes",7.4,<class 'type'>
Drunk to Love You,#4837,"Chinese Drama - 2024, 24 episodes",7.4,<class 'type'>
4 Week Continuous Special Super Sentai Strongest Battle!!,#4838,"Japanese Special - 2019, 4 episodes",7.4,<class 'type'>
49,#4839,"Japanese Drama - 2013, 11 episodes",7.4,<class 'type'>
Youths in the Breeze,#4840,"Chinese Drama - 2020, 24 episodes",7.4,<class 'type'>
Grudge: The Revolt of Gumiho,#4841,"Korean Drama - 2010, 16 episodes",7.4,<class 'type'>
My Bubble Tea,#4842,"Thai Drama - 2020, 13 episodes",7.4,<class 'type'>
Wave Makers,#4843,"Taiwanese Drama - 2023, 8 episodes",7.4,<class 'type'>
Mortal Housewife,#4844,"Chinese Drama - 2022, 24 episodes",7.4,<class 'type'>
After Dark,#4845,"Thai Drama - 2020, 13 episodes",7.4,<class 'type'>
Yuube wa Otanoshimi Deshita ne,#4846,"Japanese Drama - 2019, 6 episodes",7.4,<class 'type'>
Re-Feel,#4847,"Korean Drama - 2019, 8 episodes",7.4,<class 'type'>
Ding Ji Hao Men Zong Cai Cheng Le Wo De Jin Si Que,#4848,"Chinese Drama - 2024, 85 episodes",7.4,<class 'type'>
Meet You,#4849,"Chinese Drama - 2021, 12 episodes",7.4,<class 'type'>
What's Your Blood Type?,#4850,"Korean Drama - 2016, 7 episodes",7.4,<class 'type'>
Rak Kan Panlawan,#4851,"Thai Drama - 2017, 14 episodes",7.4,<class 'type'>
Ao no SP: Gakko nai Keisatsu Shimada Ryuhei,#4852,"Japanese Drama - 2021, 10 episodes",7.4,<class 'type'>
To.Two,#4853,"Korean Drama - 2021, 8 episodes",7.4,<class 'type'>
Kamen Rider Zi-O,#4854,"Japanese Drama - 2018, 49 episodes",7.4,<class 'type'>
"Love, Timeless",#4855,"Taiwanese Drama - 2017, 15 episodes",7.4,<class 'type'>
Her Days and Nights,#4856,"Chinese Drama - 2025, 60 episodes",7.4,<class 'type'>
Raak Boon,#4857,"Thai Drama - 2012, 11 episodes",7.4,<class 'type'>
Kokoro no Ito,#4858,"Japanese Special - 2010, 1 episodes",7.4,<class 'type'>
Oh My Drama Lover,#4859,"Chinese Drama - 2020, 24 episodes",7.4,<class 'type'>
Till I Met You,#4860,"Filipino Drama - 2016, 105 episodes",7.4,<class 'type'>
Well-Intended Love,#4861,"Chinese Drama - 2019, 20 episodes",7.4,<class 'type'>
Flower Boy Next Door Special,#4862,"Korean Special - 2013, 2 episodes",7.4,<class 'type'>
366 Days,#4863,"Japanese Drama - 2024, 11 episodes",7.4,<class 'type'>
A Tale of Love and Loyalty,#4864,"Chinese Drama - 2024, 20 episodes",7.4,<class 'type'>
Created in China,#4865,"Chinese Drama - 2025, 34 episodes",7.4,<class 'type'>
Maid Escort,#4866,"Chinese Drama - 2021, 24 episodes",7.4,<class 'type'>
Our Golden Days,#4867,"Korean Drama - 2025, 50 episodes",7.4,<class 'type'>
Yue Ran Ai Ren,#4868,"Chinese Drama - 2025, 84 episodes",7.4,<class 'type'>
Ice Fantasy,#4869,"Chinese Drama - 2016, 62 episodes",7.4,<class 'type'>
Rock 'n' Road,#4870,"Taiwanese Drama - 2014, 16 episodes",7.4,<class 'type'>
New Love Playlist,#4871,"Korean Drama - 2022, 12 episodes",7.4,<class 'type'>
Zhuo Mu,#4872,"Chinese Drama - 2025, 64 episodes",7.4,<class 'type'>
Eizouken ni wa Te o Dasu na!,#4873,"Japanese Drama - 2020, 6 episodes",7.4,<class 'type'>
Toki wo Kakeru Shoujo,#4874,"Japanese Drama - 2016, 5 episodes",7.4,<class 'type'>
Ruk Tong Oom,#4875,"Thai Drama - 2014, 15 episodes",7.4,<class 'type'>
Drama Special Season 8: Kang Deok Sun’s Love History,#4876,"Korean Special - 2017, 1 episodes",7.4,<class 'type'>
2 Moons 2,#4877,"Thai Drama - 2019, 12 episodes",7.4,<class 'type'>
The Liar and His Lover,#4878,"Korean Drama - 2017, 16 episodes",7.4,<class 'type'>
Danger of Her,#4879,"Chinese Drama - 2020, 14 episodes",7.4,<class 'type'>
Really Meet Love That Day,#4880,"Chinese Drama - 2021, 40 episodes",7.4,<class 'type'>
For Married Doctress,#4881,"Chinese Drama - 2020, 24 episodes",7.4,<class 'type'>
Who's Your Daddy?,#4882,"Chinese Drama - 2023, 24 episodes",7.4,<class 'type'>
Dear Parents,#4883,"Chinese Drama - 2021, 43 episodes",7.4,<class 'type'>
"I Hate You, I Love You",#4884,"Thai Drama - 2016, 5 episodes",7.4,<class 'type'>
The Sound of Your Heart: Reboot Season 2,#4885,"Korean Drama - 2018, 10 episodes",7.4,<class 'type'>
Rarng Ruk Prang Jai,#4886,"Thai Drama - 2021, 17 episodes",7.4,<class 'type'>
Love in the Tea Garden,#4887,"Chinese Drama - 2024, 24 episodes",7.4,<class 'type'>
Face Off,#4888,"Chinese Drama - 2017, 42 episodes",7.4,<class 'type'>
Samee Chua Kuen,#4889,"Thai Drama - 2022, 18 episodes",7.4,<class 'type'>
Moon River,#4890,"Taiwanese Drama - 2015, 30 episodes",7.4,<class 'type'>
Extremely Perilous Love,#4891,"Chinese Drama - 2023, 24 episodes",7.4,<class 'type'>
Kaguya-sama: Love Is War - Mini,#4892,"Japanese Drama - 2021, 5 episodes",7.4,<class 'type'>
"Totsuzen Desu ga, Ashita Kekkon Shimasu",#4893,"Japanese Drama - 2017, 9 episodes",7.4,<class 'type'>
The Fugitive: Plan B,#4894,"Korean Drama - 2010, 20 episodes",7.4,<class 'type'>
Ni Shi Wo De Ren Jian Shi Ge,#4895,"Chinese Drama - 2025, 60 episodes",7.4,<class 'type'>
Return the World to You,#4896,"Chinese Drama - 2019, 58 episodes",7.4,<class 'type'>
"The Starry Night, the Starry Sea",#4897,"Chinese Drama - 2017, 32 episodes",7.4,<class 'type'>
Nice to Not Meet You,#4898,"Korean Drama - 2025, 16 episodes",7.4,<class 'type'>
I Saw You in My Dream,#4899,"Thai Drama - 2024, 12 episodes",7.4,<class 'type'>
Visible Lie,#4900,"Chinese Drama - 2018, 18 episodes",7.4,<class 'type'>
Wild Romance,#4901,"Korean Drama - 2012, 16 episodes",7.4,<class 'type'>
Yutori Desu ga Nani ka SP,#4902,"Japanese Special - 2017, 2 episodes",7.4,<class 'type'>
Chronicle of Life,#4903,"Chinese Drama - 2016, 37 episodes",7.4,<class 'type'>
Eleven Years after Her Death,#4904,"Chinese Drama - 2025, 80 episodes",7.4,<class 'type'>
The Guilty Secret,#4905,"Korean Drama - 2019, 12 episodes",7.4,<class 'type'>
Snow Lotus,#4906,"Korean Special - 2015, 2 episodes",7.4,<class 'type'>
Coffee Ikaga Deshou,#4907,"Japanese Drama - 2021, 8 episodes",7.4,<class 'type'>
Majurat See Nam Pueng,#4908,"Thai Drama - 2013, 15 episodes",7.4,<class 'type'>
Queen Dugu,#4909,"Chinese Drama - 2019, 50 episodes",7.4,<class 'type'>
Love Lost and Found,#4910,"Chinese Drama - 2025, 81 episodes",7.4,<class 'type'>
Out of Control Relationship,#4911,"Chinese Drama - 2024, 98 episodes",7.4,<class 'type'>
Drama Special Season 11: While You're Away,#4912,"Korean Special - 2020, 1 episodes",7.4,<class 'type'>
The Quiz Show,#4913,"Japanese Drama - 2008, 12 episodes",7.4,<class 'type'>
Vampire Detective,#4914,"Korean Drama - 2016, 12 episodes",7.4,<class 'type'>
Pandora no Kajitsu: Kagaku Hanzai Sosa File Season 2,#4915,"Japanese Drama - 2022, 6 episodes",7.4,<class 'type'>
Goodbye Mr. Black,#4916,"Korean Drama - 2016, 20 episodes",7.4,<class 'type'>
Spring Waltz,#4917,"Korean Drama - 2006, 20 episodes",7.4,<class 'type'>
Let's Go Crazy on LIVE,#4918,"Taiwanese Drama - 2019, 20 episodes",7.4,<class 'type'>
Love Unexpected: He Likes Me Too,#4919,"Chinese Drama - 2025, 60 episodes",7.4,<class 'type'>
Midnight Mart,#4920,"Korean Drama - 2026, 4 episodes",7.4,<class 'type'>
Suspicious Partner,#4921,"Japanese Drama - 2025, 12 episodes",7.4,<class 'type'>
Shijukara,#4922,"Japanese Drama - 2022, 12 episodes",7.4,<class 'type'>
Love Forever After,#4923,"Thai Drama - 2022, 30 episodes",7.4,<class 'type'>
"Breakup Probation, A Week",#4924,"Korean Drama - 2021, 10 episodes",7.4,<class 'type'>
Low Life,#4925,"Korean Drama - 2025, 11 episodes",7.4,<class 'type'>
You Are My So(ul) Mate,#4926,"Thai Special - 2023, 2 episodes",7.4,<class 'type'>
Wen Rou Ye Gu,#4927,"Chinese Drama - 2025, 89 episodes",7.4,<class 'type'>
Blend Feelings,#4928,"Chinese Drama - 2025, 24 episodes",7.4,<class 'type'>
Fighting Youth,#4929,"Chinese Drama - 2021, 47 episodes",7.4,<class 'type'>
Tokyo Love Story,#4930,"Japanese Drama - 1991, 11 episodes",7.4,<class 'type'>
Koinaka: Best Friends in Love,#4931,"Japanese Drama - 2015, 9 episodes",7.4,<class 'type'>
From Survivor to Healer,#4932,"Chinese Drama - 2019, 40 episodes",7.4,<class 'type'>
The Public Enemy,#4933,"Japanese Drama - 2017, 10 episodes",7.4,<class 'type'>
The Banker,#4934,"Korean Drama - 2019, 32 episodes",7.4,<class 'type'>
The Promise: The Truth from 16 Years Ago,#4935,"Japanese Drama - 2024, 10 episodes",7.4,<class 'type'>
Hunted,#4936,"Korean Drama - 2022, 4 episodes",7.4,<class 'type'>
Highs and Lows,#4937,"Hong Kong Drama - 2012, 30 episodes",7.4,<class 'type'>
Sagideka,#4938,"Japanese Drama - 2019, 5 episodes",7.4,<class 'type'>
What If,#4939,"Chinese Drama - 2024, 20 episodes",7.4,<class 'type'>
Live for Real,#4940,"Chinese Special - 2018, 1 episodes",7.4,<class 'type'>
Nice to Meet You,#4941,"Chinese Drama - 2021, 24 episodes",7.4,<class 'type'>
Hush,#4942,"Korean Drama - 2020, 16 episodes",7.4,<class 'type'>
Hide and Seek,#4943,"Korean Drama - 2018, 48 episodes",7.4,<class 'type'>
Dinner,#4944,"Japanese Drama - 2013, 11 episodes",7.4,<class 'type'>
Secret Love,#4945,"Korean Drama - 2014, 10 episodes",7.4,<class 'type'>
"Oh, Mando!",#4946,"Filipino Drama - 2020, 6 episodes",7.4,<class 'type'>
Beautiology101,#4947,"Korean Special - 2016, 10 episodes",7.4,<class 'type'>
"Haikei, Chichiue-sama",#4948,"Japanese Drama - 2007, 11 episodes",7.4,<class 'type'>
Girl Next Room: Midnight Fantasy,#4949,"Thai Drama - 2020, 4 episodes",7.4,<class 'type'>
Small & Mighty,#4950,"Taiwanese Drama - 2022, 26 episodes",7.4,<class 'type'>
Ouran High School Host Club,#4951,"Japanese Drama - 2011, 11 episodes",7.4,<class 'type'>
Not a Robot,#4952,"Korean Drama - 2019, 12 episodes",7.4,<class 'type'>
Juui Dolittle,#4953,"Japanese Drama - 2010, 9 episodes",7.4,<class 'type'>
Golden Pouch,#4954,"Korean Drama - 2016, 122 episodes",7.4,<class 'type'>
The Devil Punisher,#4955,"Taiwanese Drama - 2020, 20 episodes",7.4,<class 'type'>
A Fistful of Stances,#4956,"Hong Kong Drama - 2010, 25 episodes",7.4,<class 'type'>
Shuttle Love Millennium,#4957,"Chinese Drama - 2016, 28 episodes",7.4,<class 'type'>
App de Koi Suru 20 no Joken,#4958,"Japanese Special - 2021, 1 episodes",7.4,<class 'type'>
The Night Is Still Young,#4959,"Chinese Drama - 2024, 30 episodes",7.4,<class 'type'>
Fighting for Love,#4960,"Chinese Drama - 2024, 36 episodes",7.4,<class 'type'>
Prosecution Elite,#4961,"Chinese Drama - 2023, 40 episodes",7.4,<class 'type'>
The 3rd Ward,#4962,"Korean Drama - 2012, 20 episodes",7.4,<class 'type'>
Blue Boys Part 2,#4963,"Korean Drama - 2024, 4 episodes",7.4,<class 'type'>
The Fragments of Kylin,#4964,"Chinese Drama - 2024, 24 episodes",7.4,<class 'type'>
Triumph in the Skies Season 2,#4965,"Hong Kong Drama - 2013, 43 episodes",7.4,<class 'type'>
Embrace through the Moon,#4966,"Chinese Drama - 2025, 80 episodes",7.4,<class 'type'>
My Best Friend's Story,#4967,"Chinese Drama - 2020, 38 episodes",7.4,<class 'type'>
Ninja Sentai Kakuranger,#4968,"Japanese Drama - 1994, 53 episodes",7.4,<class 'type'>
Fake Buddies,#4969,"Korean Drama - 2024, 7 episodes",7.4,<class 'type'>
My Lovely Journey,#4970,"Korean Drama - 2025, 10 episodes",7.4,<class 'type'>
Almost Famous,#4971,"Chinese Drama - 2022, 24 episodes",7.4,<class 'type'>
Fascination,#4972,"Chinese Drama - 2026, 24 episodes",7.4,<class 'type'>
The Pride of the Temp Season 2,#4973,"Japanese Drama - 2020, 8 episodes",7.4,<class 'type'>
Demi-Gods and Semi-Devils,#4974,"Chinese Drama - 2021, 50 episodes",7.4,<class 'type'>
Mia 2018,#4975,"Thai Drama - 2018, 28 episodes",7.4,<class 'type'>
"Friend, Our Legend",#4976,"Korean Drama - 2009, 20 episodes",7.4,<class 'type'>
Ripe for the Picking,#4977,"Japanese Drama - 2024, 9 episodes",7.4,<class 'type'>
Osen,#4978,"Japanese Drama - 2008, 10 episodes",7.4,<class 'type'>
Along with Me,#4979,"Chinese Drama - 2023, 18 episodes",7.4,<class 'type'>
Humans,#4980,"Chinese Drama - 2021, 30 episodes",7.4,<class 'type'>
Eternal Happiness,#4981,"Hong Kong Drama - 2002, 32 episodes",7.4,<class 'type'>
Higher,#4982,"Chinese Drama - 2025, 23 episodes",7.4,<class 'type'>
Wonderful Days,#4983,"Korean Drama - 2014, 50 episodes",7.4,<class 'type'>
Ultraman Decker,#4984,"Japanese Drama - 2022, 25 episodes",7.4,<class 'type'>
Shimobee,#4985,"Japanese Drama - 2022, 8 episodes",7.4,<class 'type'>
Black and White Is Real,#4986,"Taiwanese Drama - 2025, 77 episodes",7.4,<class 'type'>
Six Love Story,#4987,"Korean Drama - 2018, 4 episodes",7.4,<class 'type'>
South Sea Tomb,#4988,"Chinese Drama - 2023, 16 episodes",7.4,<class 'type'>
Love O'Clock,#4989,"Chinese Drama - 2021, 24 episodes",7.4,<class 'type'>
Wish You: Your Melody From My Heart,#4990,"Korean Drama - 2020, 8 episodes",7.4,<class 'type'>
A Clear Midsummer Night,#4991,"Chinese Drama - 2013, 46 episodes",7.4,<class 'type'>
I Picked Up a Star on the Road,#4992,"Korean Drama - 2018, 10 episodes",7.4,<class 'type'>
Wo Xiang Xu Yuan Zai Shen Bian,#4993,"Chinese Drama - 2025, 79 episodes",7.4,<class 'type'>
You're My Sky,#4994,"Thai Drama - 2022, 12 episodes",7.4,<class 'type'>
King Geun Cho Go,#4995,"Korean Drama - 2010, 60 episodes",7.4,<class 'type'>
Project S: Shoot! I Love You,#4996,"Thai Drama - 2017, 8 episodes",7.4,<class 'type'>
Kikazaranai Koi ni wa Riyuu ga Atte,#4997,"Japanese Drama - 2021, 7 episodes",7.4,<class 'type'>
A Model Family,#4998,"Korean Drama - 2022, 10 episodes",7.4,<class 'type'>
Affectionate Seduction,#4999,"Chinese Drama - 2024, 99 episodes",7.4,<class 'type'>
Impression of Youth,#5000,"Taiwanese Drama - 2025, 9 episodes",7.4,<class 'type'>
